physical_event_key,tourney_id,tourney_name,tourney_date,surface,indoor,round,match_num,player_a_id,player_a_name,player_a_hand,player_a_age,player_a_rank,player_a_rank_points,player_b_id,player_b_name,player_b_hand,player_b_age,player_b_rank,player_b_rank_points,label_a_win,score,best_of,development_split
38773490f23c67751c9fbfe53ed7f32302ee5090a3171c8f5650264740a2385e,2026-1210,Buenos Aires,20260112,Clay,O,R32,2,LA54,Wilson Leite,R,34.185,813,33,M0OH,Lautaro Midon,R,21.791,234,243,0,6-2 3-6 6-2,3,TRAIN
643bd1dbe76001d6bf5abe995104f91569a65fdcfde3d8cfd405a5a9db5cd830,2026-1210,Buenos Aires,20260112,Clay,O,R32,3,A0IK,Luciano Emanuel Ambrogi,R,22.149,435,107,CC66,Andrea Collarini,L,33.949,240,228,0,6-4 6-1,3,TRAIN
afb5dec54db9d5e2c9d1b3236371fc33d2717ba5f0ae2e3fed9a163c24d95bff,2026-1210,Buenos Aires,20260112,Clay,O,R32,4,A0JW,Joaquin Aguilar Cardozo,R,20.764,597,62,DC48,Murkel Dellien,R,28.323,251,218,0,6-3 2-6 6-4,3,TRAIN
c119124edb530e82b4435f3332951c29481756fc11fbb669c9eaa7106cd46e5a,2026-1210,Buenos Aires,20260112,Clay,O,R32,5,KC29,Nicolas Kicker,R,33.407,257,210,SG56,Daniel Dutra da Silva,L,37.522,339,146,0,6-3 6-4,3,TRAIN
d68ec00be0aadc125a0889554822532e775ab9496b779e6a795d3c929bb4415b,2026-1210,Buenos Aires,20260112,Clay,O,R32,6,A0G7,Valerio Aboian,L,23.581,523,78,B0FI,Pedro Boscardin Dias,R,22.957,275,197,0,7-6(4) 7-6(6),3,TRAIN
1e42c33549033a49f3502eec463c39c9a05e0cc769c0e02949f328852228c3a7,2026-1210,Buenos Aires,20260112,Clay,O,R32,7,AA27,Franco Agamenone,R,32.745,335,149,K0HN,Bruno Kuzuhara,R,21.782,531,77,1,6-2 6-3,3,TRAIN
5206e72243890964813a96e985c8b82d9fccfdd618c4072a004af1dcde105972,2026-1210,Buenos Aires,20260112,Clay,O,R32,8,E0DI,Juan Estevez,R,20.307,474,93,J0AW,Guido Ivan Justo,R,28.071,372,128,1,7-6(2) 6-2,3,TRAIN
0aca5e50d97a056cc40d38c61eeb20c31c3feaae99f948cc04e7506fde978e25,2026-1210,Buenos Aires,20260112,Clay,O,R32,9,P0CY,Stefan Palosi,R,25.958,507,84,R0BC,Lorenzo Joaquin Rodriguez,R,26.289,446,103,1,6-2 7-5,3,TRAIN
6b8a76366f0115f49b5d845ee333398bd5b036646c07172a7566a796bb1f02e3,2026-1210,Buenos Aires,20260112,Clay,O,R32,10,P0MJ,Dante Pagani,R,17.451,976,18,R0HP,Lucio Ratti,R,21.96,607,60,0,6-4 6-2,3,TRAIN
08d0e97fe6b91a57663f2d0baf6ca8c3ec11f2215e7bcfe0716e523b4c1a4a9c,2026-1210,Buenos Aires,20260112,Clay,O,R32,12,V821,Gonzalo Villanueva,R,30.998,344,144,V836,Juan Pablo Varillas,R,30.27,253,213,0,6-4 6-3,3,TRAIN
fe39cb114367a41a40792e6322490a7f147a08567419844c87722a44bde1826b,2026-1210,Buenos Aires,20260112,Clay,O,R32,13,D0AR,Mateus Alves,R,24.969,460,97,P0DF,Matheus Pucinelli De Almeida,R,24.783,297,176,0,7-6(1) 7-5,3,TRAIN
f1f918dfacadc47ab3f83f95bd49c3b80369964fe8719da1fb663e9ecec813a3,2026-1210,Buenos Aires,20260112,Clay,O,R32,14,L0GR,Juan Manuel La Serna,L,21.936,433,107,T0DM,Juan Bautista Torres,R,23.781,358,133,1,6-3 2-6 6-4,3,TRAIN
a7701a36f4dc4cd7c6c86b00d492127605663c91ecf9223576ef7d925854a20f,2026-1210,Buenos Aires,20260112,Clay,O,R32,16,S0GZ,Nikolas Sanchez Izquierdo,R,26.831,305,169,S0T1,Joao Eduardo Schiessl,L,21.399,488,88,1,3-6 6-2 6-2,3,TRAIN
c8806c9751c73045da416f64fe6167fbcef9090a875c2c3f634e95d37df03252,2026-1210,Buenos Aires,20260112,Clay,O,R16,17,L0GR,Juan Manuel La Serna,L,21.936,433,107,RH59,Santiago Rodriguez Taverna,R,26.494,227,250,1,7-6(3) 6-3,3,TRAIN
28f4c8ae8bdfe7d183dd4299c29e81681982ed59c1df3f2cb71e5ac8265cc256,2026-1210,Buenos Aires,20260112,Clay,O,R16,18,M0OH,Lautaro Midon,R,21.791,234,243,P0CY,Stefan Palosi,R,25.958,507,84,1,6-3 6-2,3,TRAIN
e15df73f6b6c8d7957376d5d221a4382d5f5f4f32bc3d3cb79c3c6d63d17da84,2026-1210,Buenos Aires,20260112,Clay,O,R16,19,CC66,Andrea Collarini,L,33.949,240,228,R0HP,Lucio Ratti,R,21.96,607,60,1,6-4 6-2,3,TRAIN
ae8fb64d05f60fb1ef0594a90b83a062efee148117bdd35c62855c8a8af2673f,2026-1210,Buenos Aires,20260112,Clay,O,R16,20,DC48,Murkel Dellien,R,28.323,251,218,Z0CO,Maximo Zeitune,R,19.945,835,30,1,6-0 3-6 6-1,3,TRAIN
f03e42e4e6a392b8889ed1708eaba4fcf3d4fee266541bffc95e9487cf4bf745,2026-1210,Buenos Aires,20260112,Clay,O,R16,22,B0FI,Pedro Boscardin Dias,R,22.957,275,197,E0DI,Juan Estevez,R,20.307,474,93,1,4-6 7-6(2) 6-4,3,TRAIN
da0af33d875dc33d81be229bd58f1b2975da16a38e850df7e64d8ed445bb9c59,2026-1210,Buenos Aires,20260112,Clay,O,R16,23,AA27,Franco Agamenone,R,32.745,335,149,P0DF,Matheus Pucinelli De Almeida,R,24.783,297,176,1,6-4 6-2,3,TRAIN
a6d29a68ceb818ccc03a2ccacdd85e659f39b6282276e15a9680406521200e38,2026-1210,Buenos Aires,20260112,Clay,O,QF,25,M0OH,Lautaro Midon,R,21.791,234,243,V836,Juan Pablo Varillas,R,30.27,253,213,0,6-3 4-6 6-3,3,TRAIN
b925f3af14ec208648af7d16c6c3b83c08a43c7ba480dbf16bed754b6eb9aa5b,2026-1210,Buenos Aires,20260112,Clay,O,QF,26,B0FI,Pedro Boscardin Dias,R,22.957,275,197,CC66,Andrea Collarini,L,33.949,240,228,0,6-4 6-2,3,TRAIN
0e7907d5cdc2abac8afe5a847269664b07f6679c2a453deb05236dcd7cc450d9,2026-1210,Buenos Aires,20260112,Clay,O,QF,27,DC48,Murkel Dellien,R,28.323,251,218,S0GZ,Nikolas Sanchez Izquierdo,R,26.831,305,169,1,6-3 5-7 6-3,3,TRAIN
2fbf2848d5c88105e62f1108018e72035f541f090a84c57c52621741ae5f5421,2026-1210,Buenos Aires,20260112,Clay,O,QF,28,AA27,Franco Agamenone,R,32.745,335,149,L0GR,Juan Manuel La Serna,L,21.936,433,107,1,7-6(5) 6-3,3,TRAIN
09c1b2ee1508187934e28340dc286de4aa3c82884a117777d8342e317e084414,2026-1210,Buenos Aires,20260112,Clay,O,SF,29,CC66,Andrea Collarini,L,33.949,240,228,V836,Juan Pablo Varillas,R,30.27,253,213,1,1-6 6-2 6-4,3,TRAIN
3ad64f95be589bd0f17d43d1da1892a11f2475b0fc606a6c6d198de8c5cb34f6,2026-1210,Buenos Aires,20260112,Clay,O,SF,30,AA27,Franco Agamenone,R,32.745,335,149,DC48,Murkel Dellien,R,28.323,251,218,1,6-4 7-5,3,TRAIN
11546ce8088adb2327b65d64989650d6e05d698bf42cba78224e43ed6f709778,2026-1210,Buenos Aires,20260112,Clay,O,F,31,AA27,Franco Agamenone,R,32.745,335,149,CC66,Andrea Collarini,L,33.949,240,228,1,3-6 6-4 6-2,3,TRAIN
898db2ff40dd72e651ae651ae979290626d52276ef4bb1ea39dceaa20ae4471d,2026-3053,Itajai,20260119,Clay,O,R32,1,CF01,Marco Cecchinato,R,33.303,230,247,V0DP,Adolfo Daniel Vallejo,R,21.728,146,428,0,6-1 6-0,3,TRAIN
dec3ae716b893dbf95f31644a947bfb29344b51d64e1819b75e51b408e154527,2026-3053,Itajai,20260119,Clay,O,R32,2,B0GY,Alex Barrena,R,23.277,190,312,V821,Gonzalo Villanueva,R,31.017,349,144,1,6-4 6-2,3,TRAIN
26614cbef7a62fb49d58fd52e99b5fdff4a07998a6cc1dca757e2e81ad4c47b9,2026-3053,Itajai,20260119,Clay,O,R32,3,G0DH,Alvaro Guillen Meza,R,23.047,195,305,KC29,Nicolas Kicker,R,33.426,258,210,1,6-3 6-2,3,TRAIN
f4ceb2aaac274d92879d763f2d725991ebbc682de61e8b9c4a79fb6aef56b258,2026-3053,Itajai,20260119,Clay,O,R32,4,R0A7,Joao Lucas Reis Da Silva,R,25.818,207,284,S0GZ,Nikolas Sanchez Izquierdo,R,26.85,306,176,0,6-4 6-2,3,TRAIN
0d2c50fdfe3f699d784a006e74abcde0949014fda4cf79f1d5f443091803a157,2026-3053,Itajai,20260119,Clay,O,R32,5,B0GR,Gonzalo Bueno,R,21.796,215,271,D0AR,Mateus Alves,R,24.988,461,97,1,4-6 6-2 6-2,3,TRAIN
1bc051076e1c8484d6b23f6b3d282f0d4fdcb5c4b55f5f402aa533fa6087c87d,2026-3053,Itajai,20260119,Clay,O,R32,6,M0OH,Lautaro Midon,R,21.81,232,247,SX91,Thiago Seyboth Wild,R,25.862,217,263,0,6-3 6-4,3,TRAIN
405b6238d4789f120e57b2d4113df96686095daa33972758c733cca24e244142,2026-3053,Itajai,20260119,Clay,O,R32,7,AA27,Franco Agamenone,R,32.764,279,198,V836,Juan Pablo Varillas,R,30.289,244,227,1,7-6(5) 6-2,3,TRAIN
b8b4e1611ed96e9c85a9e43fa60f96171fd5470d9f9a14f5a4360e218221cb0b,2026-3053,Itajai,20260119,Clay,O,R32,8,B0C0,Adrian Boitan,R,26.527,331,157,CC66,Andrea Collarini,L,33.969,233,247,1,1-6 6-2 6-3,3,TRAIN
9e6d22d276d3ffec82ea4b2d02cfcf312d29854c03ae6b52876d9dac7c9071f5,2026-3053,Itajai,20260119,Clay,O,R32,9,J0AW,Guido Ivan Justo,R,28.09,378,128,T0DM,Juan Bautista Torres,R,23.8,364,133,1,7-6(4) 6-2,3,TRAIN
0c94e057e49282423ca8f1efa8738b9f9ad432d6b80f11acbf710f05745453d6,2026-3053,Itajai,20260119,Clay,O,R32,10,L0GR,Juan Manuel La Serna,L,21.955,412,115,SG56,Daniel Dutra da Silva,L,37.541,344,147,1,6-0 7-5,3,TRAIN
3dd9eb15f9d37f4eefb81654e69dabd2a9ebe6083ddc0a18e170c4443e284200,2026-3053,Itajai,20260119,Clay,O,R32,11,DC48,Murkel Dellien,R,28.342,243,228,P0CY,Stefan Palosi,R,25.977,484,90,0,6-2 2-6 6-4,3,TRAIN
f0d3236d77ca89979dd2fdf6092567fe925c1cceb9cad381506ee676645c7f88,2026-3053,Itajai,20260119,Clay,O,R32,12,E0DI,Juan Estevez,R,20.326,455,99,R09V,Eduardo Ribeiro,R,27.844,462,96,0,7-5 6-2,3,TRAIN
a4a48d14a2e2d17b3dfc696ca066070dfa05d87a6a2320c8e14b1ecf27ea465c,2026-3053,Itajai,20260119,Clay,O,R32,13,DA31,Hugo Dellien,R,32.594,137,438,P0DF,Matheus Pucinelli De Almeida,R,24.802,297,180,1,6-4 4-6 7-6(7),3,TRAIN
1e12265ed0e72ff9e2be8d9ac32d5dedd78fa77b9904e6f374b337d0c18c8116,2026-3053,Itajai,20260119,Clay,O,R32,14,MJ08,Thiago Monteiro,L,31.639,196,304,S0T1,Joao Eduardo Schiessl,L,21.418,492,88,1,6-2 6-2,3,TRAIN
cad510b413642c56251560d4a9cbc568c34cf32d89dfdc8f896a1e030163d642,2026-3053,Itajai,20260119,Clay,O,R32,15,MW75,Felipe Meligeni Alves,R,27.915,225,251,RD48,Igor Marcondes,L,28.594,402,118,0,6-1 6-2,3,TRAIN
166a1d23d2c4c397f43039fb078703e58ec55438de976b6a15ad1e6bf1fab81e,2026-3053,Itajai,20260119,Clay,O,R32,16,B0FI,Pedro Boscardin Dias,R,22.976,268,201,O660,Genaro Alberto Olivieri,R,27.461,231,247,0,7-6(2) 6-2,3,TRAIN
54260356f6fac0da088d5d0c4163a10a3f6c17f525e56bbf69df924f77c58278,2026-3053,Itajai,20260119,Clay,O,R16,17,B0C0,Adrian Boitan,R,26.527,331,157,B0GY,Alex Barrena,R,23.277,190,312,0,6-4 7-5,3,TRAIN
ee9b03c7306df177ba49694ae39750e7116705bda8ad4e0803d35b2741fe813f,2026-3053,Itajai,20260119,Clay,O,R16,18,G0DH,Alvaro Guillen Meza,R,23.047,195,305,P0CY,Stefan Palosi,R,25.977,484,90,0,6-2 7-6(3),3,TRAIN
b4bf60711c3c9f3fca0422a7a8d4e918ea0b8ae3f831e0b4b083387f4133ec4c,2026-3053,Itajai,20260119,Clay,O,R16,19,B0GR,Gonzalo Bueno,R,21.796,215,271,J0AW,Guido Ivan Justo,R,28.09,378,128,1,6-3 0-6 6-2,3,TRAIN
db799217e5f6767ffb33f36dc3fbcc9e50dcc7a5b815ffbd577e2e42aa8da076,2026-3053,Itajai,20260119,Clay,O,R16,20,L0GR,Juan Manuel La Serna,L,21.955,412,115,S0GZ,Nikolas Sanchez Izquierdo,R,26.85,306,176,0,6-4 6-1,3,TRAIN
ff37474bc6bf1c24e0c6c49a654867614275b141b1adc69d8b0bd4e35405ee14,2026-3053,Itajai,20260119,Clay,O,R16,21,DA31,Hugo Dellien,R,32.594,137,438,RD48,Igor Marcondes,L,28.594,402,118,0,6-4 6-2,3,TRAIN
6dc106c26b3317d297701e3ed2779dc97103d1e0840f315b358f3fc4cdb16f1d,2026-3053,Itajai,20260119,Clay,O,R16,22,R09V,Eduardo Ribeiro,R,27.844,462,96,V0DP,Adolfo Daniel Vallejo,R,21.728,146,428,0,6-3 6-2,3,TRAIN
54be8d6a4ec6321fb1064613da42436d67f807571d274bb28ee6aabc6615864e,2026-3053,Itajai,20260119,Clay,O,R16,23,AA27,Franco Agamenone,R,32.764,279,198,MJ08,Thiago Monteiro,L,31.639,196,304,0,6-2 6-4,3,TRAIN
ab2044bdf2a2cddc110de3d292ae87490fbc779885b21597aa544ae81c23ca0d,2026-3053,Itajai,20260119,Clay,O,R16,24,O660,Genaro Alberto Olivieri,R,27.461,231,247,SX91,Thiago Seyboth Wild,R,25.862,217,263,0,7-5 6-2,3,TRAIN
2e4124beb4e4d634efda38087eceac050cbebb4b7ea1bedf8ba7b977c2f5bf5b,2026-3053,Itajai,20260119,Clay,O,QF,25,MJ08,Thiago Monteiro,L,31.639,196,304,V0DP,Adolfo Daniel Vallejo,R,21.728,146,428,0,6-2 4-6 6-3,3,TRAIN
84bff1aeea8b88283291b5f78243047ebc6d0d9c267aba28e3f650dd34ace3a0,2026-3053,Itajai,20260119,Clay,O,QF,26,B0GR,Gonzalo Bueno,R,21.796,215,271,B0GY,Alex Barrena,R,23.277,190,312,0,6-4 6-3,3,TRAIN
4849140a56a32bf986a36ca71e75d8ef3dd5976a4b9f1491460313eaf92e1520,2026-3053,Itajai,20260119,Clay,O,QF,27,RD48,Igor Marcondes,L,28.594,402,118,SX91,Thiago Seyboth Wild,R,25.862,217,263,0,6-2 6-4,3,TRAIN
6369efaf651cd09a6efe536871b5a24313b603ab9cd7e49c763aed462a74879c,2026-3053,Itajai,20260119,Clay,O,QF,28,P0CY,Stefan Palosi,R,25.977,484,90,S0GZ,Nikolas Sanchez Izquierdo,R,26.85,306,176,0,6-2 6-3,3,TRAIN
1a2f4bfa5f3485975b97f80e31617694a24cc7a565a38927ebf23c0c0e45edd1,2026-3053,Itajai,20260119,Clay,O,SF,29,S0GZ,Nikolas Sanchez Izquierdo,R,26.85,306,176,V0DP,Adolfo Daniel Vallejo,R,21.728,146,428,0,6-4 6-1,3,TRAIN
795734913aff725d9457a0fe63b179f4f5685b0087cb245578a87525a8dac26e,2026-3053,Itajai,20260119,Clay,O,SF,30,B0GY,Alex Barrena,R,23.277,190,312,SX91,Thiago Seyboth Wild,R,25.862,217,263,0,6-1 6-0,3,TRAIN
63abc47ca8609a9e6f0bf498fb9998cedd2af9570f63846480cefdbc00779dd0,2026-3053,Itajai,20260119,Clay,O,F,31,SX91,Thiago Seyboth Wild,R,25.862,217,263,V0DP,Adolfo Daniel Vallejo,R,21.728,146,428,0,7-5 4-6 6-2,3,TRAIN
89cdc042e81e321d50672b4e566b18c29ce8e7766df839de0545f723c75667b6,2026-9452,Concepcion,20260126,Clay,O,R32,1,TE30,Alejandro Tabilo,L,28.652,79,737,V821,Gonzalo Villanueva,R,31.036,349,144,1,7-5 6-4,3,TRAIN
c66caa6f1540023d3d9ac50631c2652953e606838e5aa4106b7a1cd95456fd60,2026-9452,Concepcion,20260126,Clay,O,R32,2,B0GR,Gonzalo Bueno,R,21.815,215,271,BS86,Tomas Barrios Vera,R,28.129,107,565,0,3-6 6-2 6-4,3,TRAIN
b5ee512100a3840d7cb13b054174df1cc7b92e87cb9366e689d155098eb5e3e7,2026-9452,Concepcion,20260126,Clay,O,R32,3,L987,Dusan Lajovic,R,35.576,125,497,MJ98,Facundo Mena,R,33.344,328,157,1,6-2 6-1,3,TRAIN
834e0dd063e6e2bb0787d8b98002553f86eee0c9ffc2df393e1a33f440a7c4ca,2026-9452,Concepcion,20260126,Clay,O,R32,4,DA31,Hugo Dellien,R,32.613,137,438,T0DM,Juan Bautista Torres,R,23.819,364,133,0,0-6 6-4 6-1,3,TRAIN
10a4b3e3e1cf30b5d44ecda4fe56bd2b90a4881cece723acd661a37371bf6123,2026-9452,Concepcion,20260126,Clay,O,R32,5,B0FI,Pedro Boscardin Dias,R,22.995,268,201,V0DP,Adolfo Daniel Vallejo,R,21.747,146,428,0,6-2 6-4,3,TRAIN
f37ec6101b707fd4fde32677df74639cf3b2edfcee48d136b0bbc688807faee5,2026-9452,Concepcion,20260126,Clay,O,R32,6,B0GY,Alex Barrena,R,23.296,190,312,P0DF,Matheus Pucinelli De Almeida,R,24.821,297,180,1,1-6 7-6(5) 6-4,3,TRAIN
cecc9d68f023d1a0991052abe02c60fa0894060fe372e104727205b4d18c6fa9,2026-9452,Concepcion,20260126,Clay,O,R32,7,CF01,Marco Cecchinato,R,33.322,230,247,RD48,Igor Marcondes,L,28.613,402,118,1,6-0 6-3,3,TRAIN
922717f1fb531fa3053bd105929d08a6a3aec928ed3c82d40539ab479789e4ea,2026-9452,Concepcion,20260126,Clay,O,R32,8,DC48,Murkel Dellien,R,28.361,243,228,SG56,Daniel Dutra da Silva,L,37.561,344,147,0,6-3 6-1,3,TRAIN
2543fa4332f237a325adb869181b6cd9f12e1d793edd16040e94c7dfba3b5e71,2026-9452,Concepcion,20260126,Clay,O,R32,9,J0AW,Guido Ivan Justo,R,28.11,378,128,T0H5,Benjamin Torrealba,L,20.594,832,31,1,6-2 7-6(4),3,TRAIN
62d555b42807507547a68a1ad141f2056d3a04e6f8a100883a065530975efbcf,2026-9452,Concepcion,20260126,Clay,O,R32,10,R0A7,Joao Lucas Reis Da Silva,R,25.837,207,284,S0GZ,Nikolas Sanchez Izquierdo,R,26.869,306,176,1,6-4 6-2,3,TRAIN
e7e9ba4f5c6e29add635222532ffd07d8c39ab54bad85d9cb049124541122f0c,2026-9452,Concepcion,20260126,Clay,O,R32,11,KC29,Nicolas Kicker,R,33.446,258,210,S0EK,Matias Soto,R,26.752,389,122,0,2-6 6-4 7-6(3),3,TRAIN
fe3c0afc6b0e8743164901c4aaf6a91f18ce5413c08fb6d8d7369b4df6493175,2026-9452,Concepcion,20260126,Clay,O,R32,12,O660,Genaro Alberto Olivieri,R,27.48,231,247,T0AP,Chun-Hsin Tseng,R,24.468,122,498,0,7-6(4) 6-1,3,TRAIN
f6b1e90ce14bd3163a15e21ebca5dc93693dd44c3f22dffeaf28e4e76ea95e2b,2026-9452,Concepcion,20260126,Clay,O,R32,13,CC66,Andrea Collarini,L,33.988,233,247,G0DH,Alvaro Guillen Meza,R,23.066,195,305,0,6-2 4-6 6-3,3,TRAIN
2754d07ef9d72504287995742fd28d378bb9ea4882c42390d833626fdd4130c8,2026-9452,Concepcion,20260126,Clay,O,R32,14,M0OH,Lautaro Midon,R,21.829,232,247,V0F6,Nicolas Villalon,R,21.93,992,18,1,6-3 2-6 6-4,3,TRAIN
e311eee604e30f105fe58fff72f79b1dafe1754961fe78c00e2bccb6bb8bb23d,2026-9452,Concepcion,20260126,Clay,O,R32,15,D0CG,Facundo Diaz Acosta,L,25.114,247,224,MJ08,Thiago Monteiro,L,31.658,196,304,0,6-4 6-4,3,TRAIN
bf7720ff3659fc141c5d780d55353aa0b38f897506436fcac10298a248f3de3f,2026-9452,Concepcion,20260126,Clay,O,R32,16,MW75,Felipe Meligeni Alves,R,27.934,225,251,V836,Juan Pablo Varillas,R,30.308,244,227,0,7-5 6-2,3,TRAIN
09bb83160c3d6bfec383de97ee2f0ce4315ffe94de8417210439c81a456d9ab9,2026-9452,Concepcion,20260126,Clay,O,R16,17,S0EK,Matias Soto,R,26.752,389,122,TE30,Alejandro Tabilo,L,28.652,79,737,0,6-2 6-3,3,TRAIN
cbfb89880c28d8a7db55c47f1df8f9d26614173bfdbe4939d956f1736ed53cb5,2026-9452,Concepcion,20260126,Clay,O,R16,18,BS86,Tomas Barrios Vera,R,28.129,107,565,MJ08,Thiago Monteiro,L,31.658,196,304,1,6-2 7-5,3,TRAIN
aa085850cafb41a5644e0b29dbc5603b2ad03cd9a696b86b8b72933b241a02d5,2026-9452,Concepcion,20260126,Clay,O,R16,19,SG56,Daniel Dutra da Silva,L,37.561,344,147,T0AP,Chun-Hsin Tseng,R,24.468,122,498,0,7-5 6-4,3,TRAIN
e7dfc4c7ebb9f7f9baa5dd2c0e1bfbf93b2a71a6c47273bc45b3dedcf32122bc,2026-9452,Concepcion,20260126,Clay,O,R16,20,L987,Dusan Lajovic,R,35.576,125,497,R0A7,Joao Lucas Reis Da Silva,R,25.837,207,284,0,6-3 2-6 6-1,3,TRAIN
8bab7ff28a6cf1ffcb688a7681376f1a49d817e4a87adaef9a943a8ff9c59215,2026-9452,Concepcion,20260126,Clay,O,R16,21,V0DP,Adolfo Daniel Vallejo,R,21.747,146,428,V836,Juan Pablo Varillas,R,30.308,244,227,1,6-4 6-2,3,TRAIN
803681f79d4c0e57faa15cdae5ae2003d85ac11f7eae19e99ab9571020f40831,2026-9452,Concepcion,20260126,Clay,O,R16,22,B0GY,Alex Barrena,R,23.296,190,312,M0OH,Lautaro Midon,R,21.829,232,247,0,6-2 7-5,3,TRAIN
527bd0c7a409d516d1f8b0b0e70784eee4c7c2e6c9a15041b368b15e653f1dbb,2026-9452,Concepcion,20260126,Clay,O,R16,23,CF01,Marco Cecchinato,R,33.322,230,247,G0DH,Alvaro Guillen Meza,R,23.066,195,305,1,7-5 6-1,3,TRAIN
4f971a84ba55d977913ae8edf51bc49787618958e87600c694d6c6d5ca1f2ee2,2026-9452,Concepcion,20260126,Clay,O,R16,24,J0AW,Guido Ivan Justo,R,28.11,378,128,T0DM,Juan Bautista Torres,R,23.819,364,133,1,6-3 6-2,3,TRAIN
415871b08e01cd0994c9d8cd242e441524366677a53db22ac5e60e71d2db9de2,2026-9452,Concepcion,20260126,Clay,O,QF,25,M0OH,Lautaro Midon,R,21.829,232,247,TE30,Alejandro Tabilo,L,28.652,79,737,0,5-7 6-1 6-2,3,TRAIN
d6b6163afabd24e7f2c8adf0f332dba8b5e7dd2580f51cf150df260187fd5703,2026-9452,Concepcion,20260126,Clay,O,QF,26,BS86,Tomas Barrios Vera,R,28.129,107,565,J0AW,Guido Ivan Justo,R,28.11,378,128,1,6-3 4-6 6-4,3,TRAIN
41904d0c67514720e49b16b55a3e4bb91ec36dda5c60ee32a5b91443d5a5ec37,2026-9452,Concepcion,20260126,Clay,O,QF,27,CF01,Marco Cecchinato,R,33.322,230,247,T0AP,Chun-Hsin Tseng,R,24.468,122,498,1,6-2 6-2,3,TRAIN
33100afb362d99bbcb6c65f16530d94c92a4eac0482ea2e8254a375ae169b834,2026-9452,Concepcion,20260126,Clay,O,QF,28,R0A7,Joao Lucas Reis Da Silva,R,25.837,207,284,V0DP,Adolfo Daniel Vallejo,R,21.747,146,428,0,3-6 6-3 6-1,3,TRAIN
25259b77df814ab32caaddb99c9b96f817dd73377b89d7581ecb9ec1cd76c8f2,2026-9452,Concepcion,20260126,Clay,O,SF,29,CF01,Marco Cecchinato,R,33.322,230,247,TE30,Alejandro Tabilo,L,28.652,79,737,0,6-3 6-1,3,TRAIN
565219d2814e43ac49fd0614cdde13f0d435e1b970e0bb13f8945290234eab83,2026-9452,Concepcion,20260126,Clay,O,SF,30,BS86,Tomas Barrios Vera,R,28.129,107,565,V0DP,Adolfo Daniel Vallejo,R,21.747,146,428,0,6-3 1-6 6-4,3,TRAIN
ebba97952af1bec5cec6730de03543ce340ee58d27c204793b583b7ac65fc217,2026-9452,Concepcion,20260126,Clay,O,F,31,TE30,Alejandro Tabilo,L,28.652,79,737,V0DP,Adolfo Daniel Vallejo,R,21.747,146,428,0,6-2 1-6 6-1,3,TRAIN
bc9e218167551df91ff916549c1935d65363d3b698235f930deb4cbec06ad52e,2026-2965,Rosario,20260202,Clay,O,R32,1,J0AW,Guido Ivan Justo,R,28.129,336,147,U182,Camilo Ugo Carabelli,R,26.631,48,1028,0,6-1 6-0,3,TRAIN
4ba2d3db9808cdb8afc4f2c13f198836aadb29d91cd34195ffd602221c88c6d2,2026-2965,Rosario,20260202,Clay,O,R32,2,C0DF,Francisco Comesana,R,25.325,64,869,KC29,Nicolas Kicker,R,33.465,269,200,1,7-5 6-3,3,TRAIN
6e9b646a1aac88c1d7652a5155e9691f9a4fbefd3594fe654c642708975dfcab,2026-2965,Rosario,20260202,Clay,O,R32,3,C0C8,Juan Manuel Cerundolo,L,24.216,85,698,V821,Gonzalo Villanueva,R,31.055,355,137,1,6-1 6-0,3,TRAIN
d7261fcca04846751dba81c7327c7385aec902249630f706aaa3423bbaa8ae2e,2026-2965,Rosario,20260202,Clay,O,R32,5,AA27,Franco Agamenone,R,32.802,264,204,DA31,Hugo Dellien,R,32.632,149,403,0,6-2 6-3,3,TRAIN
1437689fd210eedc5579038fc0bd22133f46354ac8da6ca1acec73145c851d9a,2026-2965,Rosario,20260202,Clay,O,R32,6,E0DI,Juan Estevez,R,20.364,449,102,PH64,Andrea Pellegrino,R,28.865,143,431,0,6-4 2-6 6-4,3,TRAIN
fe9e4bfde6619cf7789507b49a5a38b516b132585fc394916745a2be83778478,2026-2965,Rosario,20260202,Clay,O,R32,7,A0G7,Valerio Aboian,L,23.639,526,76,SX91,Thiago Seyboth Wild,R,25.9,198,305,1,6-4 2-6 6-4,3,TRAIN
6ebbd4f6b7995d8d7faca2e6a3670fbf79db4bdb68a4f98b3b2f73fafe457e66,2026-2965,Rosario,20260202,Clay,O,R32,8,A0IK,Luciano Emanuel Ambrogi,R,22.207,424,111,RH59,Santiago Rodriguez Taverna,R,26.552,230,246,1,6-4 7-6(4),3,TRAIN
e4505362fe306334927239045acc976adb2b2bbe04f0b7be0a1bfaa67ca50711,2026-2965,Rosario,20260202,Clay,O,R32,9,B0FI,Pedro Boscardin Dias,R,23.014,268,201,CF01,Marco Cecchinato,R,33.342,216,266,1,6-7(3) 6-3 7-5,3,TRAIN
108b467926f50fb76e6e8bf59727d03b6a84ea47c5b3de5be7f20e85b417c743,2026-2965,Rosario,20260202,Clay,O,R32,10,D0CG,Facundo Diaz Acosta,L,25.133,301,174,RD48,Igor Marcondes,L,28.632,357,134,1,7-6(3) 6-0,3,TRAIN
fc368234ec3fa9c173da819b5c2f027b1218bc6a82b31c2f677ae214d1cb5544,2026-2965,Rosario,20260202,Clay,O,R32,11,L0GR,Juan Manuel La Serna,L,21.993,386,122,O376,Renzo Olivo,R,33.886,511,78,1,6-4 2-6 6-3,3,TRAIN
a4a29de037833283417ef067c62a95f5631cf4935d4342dadfbce3d7ff9687ec,2026-2965,Rosario,20260202,Clay,O,R32,12,MW75,Felipe Meligeni Alves,R,27.953,226,251,O660,Genaro Alberto Olivieri,R,27.499,239,241,0,6-3 6-1,3,TRAIN
8a1b898c80ec44c4ec68ebcafca68eeda2bc65f8b47b21c938e56d38f3271e27,2026-2965,Rosario,20260202,Clay,O,R32,13,B0FV,Roman Andres Burruchaga,R,24.027,118,512,M0OH,Lautaro Midon,R,21.848,231,245,1,6-1 6-1,3,TRAIN
2845ef6e0fa3c17109c5b0fbfa823b2b01311857eb84a177148a15f53c8fb519,2026-2965,Rosario,20260202,Clay,O,R32,14,MJ08,Thiago Monteiro,L,31.677,210,283,MJ98,Facundo Mena,R,33.363,354,137,0,7-5 7-6(3),3,TRAIN
bbef5c64ae3bda17694501b3f8d9074f459a34c238264f9d16bec816518d619e,2026-2965,Rosario,20260202,Clay,O,R32,15,CC66,Andrea Collarini,L,34.007,229,246,S0GZ,Nikolas Sanchez Izquierdo,R,26.888,279,187,0,3-6 6-2 6-1,3,TRAIN
49cbf8f78a7177445671cce7e4399ed0f78ddf311054f057db734a69f6336f93,2026-2965,Rosario,20260202,Clay,O,R32,16,B0GY,Alex Barrena,R,23.316,180,337,T0DM,Juan Bautista Torres,R,23.838,353,138,0,6-3 6-1,3,TRAIN
6e6e3e536d6f896e58318ba9d4665889a4f1fdaa49bd9624f349637c94beaf8b,2026-2965,Rosario,20260202,Clay,O,R16,17,D0CG,Facundo Diaz Acosta,L,25.133,301,174,U182,Camilo Ugo Carabelli,R,26.631,48,1028,0,5-7 6-4 7-6(4),3,TRAIN
9c7de5314dfdfa9229fca75621ca3b9a9473d8b2bb44ee66baad7a0348dbcecf,2026-2965,Rosario,20260202,Clay,O,R16,18,B0FI,Pedro Boscardin Dias,R,23.014,268,201,C0DF,Francisco Comesana,R,25.325,64,869,1,6-4 3-6 6-3,3,TRAIN
c80e82521adbe6438b600dd4a9970bef52246b4c6b5db151a5e237a39326fb8a,2026-2965,Rosario,20260202,Clay,O,R16,19,B0FV,Roman Andres Burruchaga,R,24.027,118,512,O660,Genaro Alberto Olivieri,R,27.499,239,241,1,6-3 6-1,3,TRAIN
645c258b25e84c20b1f87e4d61575a260f3532f3e2df242ad585e054415391ce,2026-2965,Rosario,20260202,Clay,O,R16,20,DA31,Hugo Dellien,R,32.632,149,403,L0GR,Juan Manuel La Serna,L,21.993,386,122,1,6-3 6-2,3,TRAIN
6de8548a474919af616e2c84e436bcd5436a9d4c15c4d04521ceeea15b8fc50e,2026-2965,Rosario,20260202,Clay,O,R16,21,C0C8,Juan Manuel Cerundolo,L,24.216,85,698,T0DM,Juan Bautista Torres,R,23.838,353,138,1,3-6 6-4 6-3,3,TRAIN
a52ea07c9dceae04adbd6b1c4af915d7856d9391a20c29de12628d1a5a106822,2026-2965,Rosario,20260202,Clay,O,R16,22,MJ98,Facundo Mena,R,33.363,354,137,T0AP,Chun-Hsin Tseng,R,24.487,122,504,0,6-3 7-5,3,TRAIN
10b2dcc86581bd05626a1359dcdb7ffe5f30d6e7a7de069ab71032e6dbb5862c,2026-2965,Rosario,20260202,Clay,O,R16,23,A0IK,Luciano Emanuel Ambrogi,R,22.207,424,111,PH64,Andrea Pellegrino,R,28.865,143,431,0,1-6 6-4 6-2,3,TRAIN
b75a2ed178ecfda175c9abbb879c1d74c795eb0d3c4ed7eafcef9d44f74956bf,2026-2965,Rosario,20260202,Clay,O,R16,24,A0G7,Valerio Aboian,L,23.639,526,76,S0GZ,Nikolas Sanchez Izquierdo,R,26.888,279,187,1,7-5 6-4,3,TRAIN
08e18f37d371501a793ffd4ee91d0d80fea7efd29bd5147f2bc4b5f2d382547b,2026-2965,Rosario,20260202,Clay,O,QF,25,DA31,Hugo Dellien,R,32.632,149,403,U182,Camilo Ugo Carabelli,R,26.631,48,1028,0,6-4 6-2,3,TRAIN
2a87590cfe07d4682acd321d3d96943197dd11d14337b2e4023f561b7bef6b03,2026-2965,Rosario,20260202,Clay,O,QF,26,C0C8,Juan Manuel Cerundolo,L,24.216,85,698,PH64,Andrea Pellegrino,R,28.865,143,431,1,6-4 6-3,3,TRAIN
0b015c1af28063a4eb877e8626de2cf9c55d7ab5860370610b3ae5b94db3b15e,2026-2965,Rosario,20260202,Clay,O,QF,27,B0FI,Pedro Boscardin Dias,R,23.014,268,201,B0FV,Roman Andres Burruchaga,R,24.027,118,512,0,7-6(3) 6-3,3,TRAIN
9cae15b9ff592bf70c5a3f07af9219d28d7eba0c6ad3b1c813b1140b73a00a31,2026-2965,Rosario,20260202,Clay,O,QF,28,A0G7,Valerio Aboian,L,23.639,526,76,T0AP,Chun-Hsin Tseng,R,24.487,122,504,0,6-2 6-1,3,TRAIN
6163861ed3f2d69cd20dd36ba09630b37ffaa0a89e0d98f25703671d496d4374,2026-2965,Rosario,20260202,Clay,O,SF,29,C0C8,Juan Manuel Cerundolo,L,24.216,85,698,U182,Camilo Ugo Carabelli,R,26.631,48,1028,0,7-5 6-1,3,TRAIN
8feeb6b6be35f3e178142ce783455c4691e1146dd84d08c9ec53b2347304e5e2,2026-2965,Rosario,20260202,Clay,O,SF,30,B0FV,Roman Andres Burruchaga,R,24.027,118,512,T0AP,Chun-Hsin Tseng,R,24.487,122,504,1,6-3 6-3,3,TRAIN
a35376b58801431ecdfc76f94ff29670d06d2132e896dc3edb9312e1388bc8ea,2026-2965,Rosario,20260202,Clay,O,F,31,B0FV,Roman Andres Burruchaga,R,24.027,118,512,U182,Camilo Ugo Carabelli,R,26.631,48,1028,0,6-2 6-3,3,TRAIN
cd7d2246238b48ab82afceec4a304926d6c9c97dec3b7c4a667eff01e2f26c53,2026-9678,Tigre,20260216,Clay,O,F,1,J0AW,Guido Ivan Justo,R,28.167,347,139,M0OH,Lautaro Midon,R,21.886,226,252,1,4-6 6-3 6-0,3,TRAIN
c62803d8fbb0f40fc8ca44d838eba2575098ccda6d53a6d2aec0afc741eaa8e3,2026-9678,Tigre,20260216,Clay,O,SF,2,B0GR,Gonzalo Bueno,R,21.873,218,265,J0AW,Guido Ivan Justo,R,28.167,347,139,0,4-6 6-2 6-2,3,TRAIN
84d597e45c5870f20456b7a0aeb8907e842012f7d54e1785ffd9b9bf2af99c7c,2026-9678,Tigre,20260216,Clay,O,SF,3,M0OH,Lautaro Midon,R,21.886,226,252,S0CG,Carlos Sanchez Jover,L,25.574,342,141,1,6-4 7-5,3,TRAIN
6b5f23fcfdaf03c5711954d1a3b1ef597210516251f1008b15d5ac54cbfe84f5,2026-9678,Tigre,20260216,Clay,O,QF,4,B0GR,Gonzalo Bueno,R,21.873,218,265,CC66,Andrea Collarini,L,34.045,233,244,1,7-6(11) 6-2,3,TRAIN
9dca9eed7da6f7c551028409ac3ccc7959ba4bb3c2abadca0870b301cb563830,2026-9678,Tigre,20260216,Clay,O,QF,5,L0GR,Juan Manuel La Serna,L,22.031,360,132,M0OH,Lautaro Midon,R,21.886,226,252,0,7-6(1) 2-6 7-5,3,TRAIN
6a9d7700988d5b8b39eaf7f2e4403cc1c504296e446a9f41602bc6408c820167,2026-9678,Tigre,20260216,Clay,O,QF,6,F0FL,Bruno Fernandez,R,21.561,792,35,J0AW,Guido Ivan Justo,R,28.167,347,139,0,6-1 6-3,3,TRAIN
88e646b5d24b345e766ddd78badac582ff1832f4356cf585a59394a81d25d3f4,2026-9678,Tigre,20260216,Clay,O,QF,7,S0CG,Carlos Sanchez Jover,L,25.574,342,141,V821,Gonzalo Villanueva,R,31.094,352,137,1,6-2 6-1,3,TRAIN
fd8aad40c326672d3fdb1044421e3887f2b8f66ee5d3b0573fb1aefca2930a15,2026-9678,Tigre,20260216,Clay,O,R16,8,G0DH,Alvaro Guillen Meza,R,23.124,202,298,L0GR,Juan Manuel La Serna,L,22.031,360,132,0,1-6 6-3 6-1,3,TRAIN
07e43520b389ca4cd8204fb6dd66bb3eb6504d2fe28775327a5ec196824ceb62,2026-9678,Tigre,20260216,Clay,O,R16,9,B0GR,Gonzalo Bueno,R,21.873,218,265,R0BT,Franco Roncadelli,L,26.029,338,142,1,6-3 6-4,3,TRAIN
3e61678634ebc38d8d1adf00da139dea8e2a01391d41bb7f88b54dd91f20fd3e,2026-9678,Tigre,20260216,Clay,O,R16,10,F0FL,Bruno Fernandez,R,21.561,792,35,O660,Genaro Alberto Olivieri,R,27.537,229,247,1,6-1 6-7(5) 7-5,3,TRAIN
d27e4a07b5b87ecd06c44c6acb498a196b81d76933c92cde140e03cb09198017,2026-9678,Tigre,20260216,Clay,O,R16,11,M0OH,Lautaro Midon,R,21.886,226,252,Z0DA,Carlos Maria Zarate,R,20.884,598,63,1,6-4 6-2,3,TRAIN
6312e96d617f8094680e54ed2fb4f02443bf5f734c2d06b73a861053655e60d6,2026-9678,Tigre,20260216,Clay,O,R16,12,CC66,Andrea Collarini,L,34.045,233,244,T0DM,Juan Bautista Torres,R,23.877,356,134,1,5-7 6-3 6-3,3,TRAIN
ca41c60ad54b81a3ed11203d45374740740b5bc5f685dd44da12ca1e52a8bed1,2026-9678,Tigre,20260216,Clay,O,R16,13,KC29,Nicolas Kicker,R,33.503,268,200,V821,Gonzalo Villanueva,R,31.094,352,137,0,6-4 1-6 6-4,3,TRAIN
81b2cb23bbaf262e7825cbb1bb4f94808da83e0d4ee1bcfae550f45b9fa3de41,2026-9678,Tigre,20260216,Clay,O,R16,14,D0CG,Facundo Diaz Acosta,L,25.172,284,182,J0AW,Guido Ivan Justo,R,28.167,347,139,0,7-5 6-0,3,TRAIN
5612f7b36ce213199d2cc99f7a4fefc70466d35e903228b2ced63d5e87ee59f4,2026-9678,Tigre,20260216,Clay,O,R16,15,P0CY,Stefan Palosi,R,26.053,449,104,S0CG,Carlos Sanchez Jover,L,25.574,342,141,0,0-6 6-1 6-0,3,TRAIN
e337a690026426854287f61e50be4d359d74606e6dab788434b0d2e616f00982,2026-9678,Tigre,20260216,Clay,O,R32,16,P0CY,Stefan Palosi,R,26.053,449,104,RH59,Santiago Rodriguez Taverna,R,26.59,231,246,1,6-4 3-6 6-4,3,TRAIN
4d7ddf464058a7345a6e01f19baf0ce502e4efa49634727dfcb201e527233481,2026-9678,Tigre,20260216,Clay,O,R32,17,CC66,Andrea Collarini,L,34.045,233,244,R0HP,Lucio Ratti,R,22.056,556,71,1,7-6(4) 6-4,3,TRAIN
a02d373f7f0993ea81fadd8870ff15c6a91cad21b68fd658ed661d8f6608b7d7,2026-9678,Tigre,20260216,Clay,O,R32,18,A0JW,Joaquin Aguilar Cardozo,R,20.86,579,66,D0CG,Facundo Diaz Acosta,L,25.172,284,182,0,5-7 7-6(5) 6-3,3,TRAIN
cb3c2d7d2a874f4f2873d1fd810fbb6ea19c1c16048874aa1a4429902bfa3168,2026-9678,Tigre,20260216,Clay,O,R32,19,DC48,Murkel Dellien,R,28.419,278,186,F0FL,Bruno Fernandez,R,21.561,792,35,0,6-4 6-2,3,TRAIN
ac3fb955d2c2d428da7aaea5c3236d9ea04fd4c32ee63e85a883506aa12d4e1e,2026-9678,Tigre,20260216,Clay,O,R32,20,L0GR,Juan Manuel La Serna,L,22.031,360,132,Z0BY,Nicolas Zanellato,R,24.068,935,21,1,6-2 6-7(5) 6-4,3,TRAIN
d29190e1ff7f8e4bfe226cc3d86131be5aaf98fa8fceceb231ce1f2fc25cff15,2026-9678,Tigre,20260216,Clay,O,R32,21,R0BT,Franco Roncadelli,L,26.029,338,142,Z0CO,Maximo Zeitune,R,20.041,802,34,1,6-4 6-1,3,TRAIN
875328bb5a9ffc5da0f93e8bed7c5b5ccc65f0cf245f2807653e5e97b628b1c6,2026-9678,Tigre,20260216,Clay,O,R32,22,S0T1,Joao Eduardo Schiessl,L,21.495,504,84,V821,Gonzalo Villanueva,R,31.094,352,137,0,6-3 6-4,3,TRAIN
b4bc0d87ff4a0b74825f25de891cbbf53fd532ce4976f2a759b50d5b307652f6,2026-9678,Tigre,20260216,Clay,O,R32,23,G0DH,Alvaro Guillen Meza,R,23.124,202,298,V836,Juan Pablo Varillas,R,30.366,280,184,1,3-6 6-2 6-4,3,TRAIN
e869c4fa044298c576b88679b01690e1fec3535097839877d0d933f7f04d2689,2026-9678,Tigre,20260216,Clay,O,R32,24,B0GR,Gonzalo Bueno,R,21.873,218,265,SG56,Daniel Dutra da Silva,L,37.618,320,155,1,7-5 1-6 6-1,3,TRAIN
6b983159093205d75edbf2cd67ee5203b5628d8d625456045046baa0639c8c69,2026-9678,Tigre,20260216,Clay,O,R32,26,M0OH,Lautaro Midon,R,21.886,226,252,P0MJ,Dante Pagani,R,17.547,971,18,1,6-2 6-2,3,TRAIN
2a9bb56c649192a0424513c21568cad68da8cd5cbb9f82d17780656a19bfa3ae,2026-9678,Tigre,20260216,Clay,O,R32,27,AA27,Franco Agamenone,R,32.841,262,204,J0AW,Guido Ivan Justo,R,28.167,347,139,0,6-2 6-2,3,TRAIN
ec294650dc8c990c8a18407113e330e396ee47d1c318ad92f566070f981c09a2,2026-9678,Tigre,20260216,Clay,O,R32,28,C0NN,Gianluca Cadenasso,R,21.383,306,166,KC29,Nicolas Kicker,R,33.503,268,200,0,6-2 6-4,3,TRAIN
cfc0f2c546fbe6ca7979989c4f941a5307a85df64d64e15529c76f80dac075a0,2026-9678,Tigre,20260216,Clay,O,R32,29,S0CG,Carlos Sanchez Jover,L,25.574,342,141,SL94,Pedro Sakamoto,R,32.635,382,124,1,6-3 7-5,3,TRAIN
1b357336933f748f442e8ee628ca56a9ac1a89c7651dce9c87c81e7440776467,2026-9678,Tigre,20260216,Clay,O,R32,30,KE69,Mariano Kestelboim,R,30.029,420,114,T0DM,Juan Bautista Torres,R,23.877,356,134,0,6-4 6-3,3,TRAIN
39ea2c4e633baebba33ede6434af8d55d35bacf68303fc9c402806bcee2249b5,2026-9678,Tigre,20260216,Clay,O,R32,31,D0CN,Miguel Damas,R,26.157,305,168,Z0DA,Carlos Maria Zarate,R,20.884,598,63,0,6-7(4) 7-6(4) 6-3,3,TRAIN
b4a624feda1283551363713e73c49295221357c9887f026cbee04ea7ea26ba87,2026-9695,Tigre 2,20260223,Clay,O,R32,2,G0DH,Alvaro Guillen Meza,R,23.143,205,298,R0BT,Franco Roncadelli,L,26.048,331,146,1,6-4 6-4,3,TRAIN
4026362751e422154a5d3def7cabf585733e69f2b1fc884225ad91a01b9a516f,2026-9695,Tigre 2,20260223,Clay,O,R32,3,B0GR,Gonzalo Bueno,R,21.892,215,273,T0DM,Juan Bautista Torres,R,23.896,348,138,0,7-5 6-1,3,TRAIN
323e54f35134162ced3c97336c0f850dc2c6a15e7e3c2c02435615be85d95282,2026-9695,Tigre 2,20260223,Clay,O,R32,4,M0OH,Lautaro Midon,R,21.906,216,271,V836,Juan Pablo Varillas,R,30.385,280,184,0,6-4 6-1,3,TRAIN
72ecd22d34bf720bc3fc6fb61a9afb65d242a1aa5eb5b94a126774cd99ce1525,2026-9695,Tigre 2,20260223,Clay,O,R32,5,A0IK,Luciano Emanuel Ambrogi,R,22.264,433,108,O660,Genaro Alberto Olivieri,R,27.556,231,248,0,7-5 6-1,3,TRAIN
05730455765fe5e5d051cc6221276c6f3035b7e1f72d43860dde6bae01e56c40,2026-9695,Tigre 2,20260223,Clay,O,R32,6,RH59,Santiago Rodriguez Taverna,R,26.609,236,241,S0GZ,Nikolas Sanchez Izquierdo,R,26.946,275,192,0,6-4 6-2,3,TRAIN
45e667eb994a3ef11040446869ea4473214dca0d88465c52122c91e28ed47ce1,2026-9695,Tigre 2,20260223,Clay,O,R32,7,CC66,Andrea Collarini,L,34.064,233,246,SG56,Daniel Dutra da Silva,L,37.637,319,155,0,6-4 6-3,3,TRAIN
3b33331fc1df1c91992c8ee333587c86588a501bfc4550fcebb18b8f6eb1d4f5,2026-9695,Tigre 2,20260223,Clay,O,R32,8,A0JW,Joaquin Aguilar Cardozo,R,20.879,566,68,R09V,Eduardo Ribeiro,R,27.94,453,102,1,6-1 2-6 6-1,3,TRAIN
3949a93b523e11b05b00805c2a98e06f5cabf5a54469d024faa1cbc34a37ca34,2026-9695,Tigre 2,20260223,Clay,O,R32,9,D0CG,Facundo Diaz Acosta,L,25.191,278,186,S0T1,Joao Eduardo Schiessl,L,21.514,495,87,1,6-1 6-0,3,TRAIN
2b00d60e5426a545fa68dfd97d92210d24830d849e88d5706d342aa965f72f5c,2026-9695,Tigre 2,20260223,Clay,O,R32,10,J0AW,Guido Ivan Justo,R,28.186,277,187,V821,Gonzalo Villanueva,R,31.113,339,141,1,7-5 7-5,3,TRAIN
04560fb491f9906889271eda97a52d129e3604a2782aa4cb382f0558a8e37cfe,2026-9695,Tigre 2,20260223,Clay,O,R32,11,A0G7,Valerio Aboian,L,23.696,470,95,L0GR,Juan Manuel La Serna,L,22.051,345,139,0,7-6(7) 6-2,3,TRAIN
58a7188ef51243195870a0ed7be14560c0f939a14fe74e9de6a29817b8e53518,2026-9695,Tigre 2,20260223,Clay,O,R32,12,P0CY,Stefan Palosi,R,26.073,431,109,SL94,Pedro Sakamoto,R,32.654,379,124,1,6-3 7-5,3,TRAIN
d47b79b9c4e45805e30578fa342ff2c9d0922ce32d22b38b4f8ea2a791908e50,2026-9695,Tigre 2,20260223,Clay,O,R32,13,E0DI,Juan Estevez,R,20.422,444,106,S0CG,Carlos Sanchez Jover,L,25.593,343,140,0,6-4 7-6(0),3,TRAIN
a3227677824a8568961353ef8b6b4785b7eedc343b1984221e2b59d98e6cab6a,2026-9695,Tigre 2,20260223,Clay,O,R32,14,D0CN,Miguel Damas,R,26.177,303,168,P0IY,Juan Carlos Prado Angelo,R,20.969,212,279,1,7-6(5) 6-1,3,TRAIN
23907f8a4a4ec00b91f84d06548cf89d307b6381d933a5b939268a03dd392b67,2026-9695,Tigre 2,20260223,Clay,O,R32,15,C0NN,Gianluca Cadenasso,R,21.402,305,166,Z0DA,Carlos Maria Zarate,R,20.903,578,67,1,6-2 3-6 7-5,3,TRAIN
a6152477a500d2c247b0ea3a2e236a53ae04e592a921f1e8fa1a58715ab388c7,2026-9695,Tigre 2,20260223,Clay,O,R32,16,AA27,Franco Agamenone,R,32.86,271,197,RD48,Igor Marcondes,L,28.69,310,162,0,7-6(2) 6-1,3,TRAIN
59cbf58c48687bf636e043d8fa7f2662f967b7a72fb0f7d0653eb94bca75b690,2026-9695,Tigre 2,20260223,Clay,O,R16,17,G0DH,Alvaro Guillen Meza,R,23.143,205,298,J0AW,Guido Ivan Justo,R,28.186,277,187,1,7-6(4) 3-6 6-2,3,TRAIN
f23b0d14976651e8c971c88e5e9ac37664e41d699c56ca63d6855e1664467e3c,2026-9695,Tigre 2,20260223,Clay,O,R16,18,O660,Genaro Alberto Olivieri,R,27.556,231,248,P0CY,Stefan Palosi,R,26.073,431,109,0,4-6 6-4 7-6(4),3,TRAIN
710d7c9dae55134fa207e5f11439085fb191149c5f7f78cd6fee5c09e1911ed3,2026-9695,Tigre 2,20260223,Clay,O,R16,19,D0LJ,Diego Dedura,L,17.952,311,162,L0GR,Juan Manuel La Serna,L,22.051,345,139,1,6-1 6-3,3,TRAIN
57758a59ce14ff6f3af9e38392287d499aa899608f398fa0fb03a71f77456f9f,2026-9695,Tigre 2,20260223,Clay,O,R16,21,C0NN,Gianluca Cadenasso,R,21.402,305,166,SG56,Daniel Dutra da Silva,L,37.637,319,155,1,4-6 6-1 7-5,3,TRAIN
a966b4d186fb65028c2fad95c8cbac095a81e60649f76327bf7bd5631673fcbd,2026-9695,Tigre 2,20260223,Clay,O,R16,22,D0CN,Miguel Damas,R,26.177,303,168,S0CG,Carlos Sanchez Jover,L,25.593,343,140,1,6-4 6-1,3,TRAIN
c0e750c2d09b610fdbaa7d2c98c7bb7a5c8fdd5a8f20b0694a19866b1004eddc,2026-9695,Tigre 2,20260223,Clay,O,R16,23,D0CG,Facundo Diaz Acosta,L,25.191,278,186,S0GZ,Nikolas Sanchez Izquierdo,R,26.946,275,192,1,6-4 6-2,3,TRAIN
bc54dc88d898101db170cebabd4354c7d5119ac09b7145819988b2e6842a7777,2026-9695,Tigre 2,20260223,Clay,O,R16,24,RD48,Igor Marcondes,L,28.69,310,162,T0DM,Juan Bautista Torres,R,23.896,348,138,0,6-2 6-0,3,TRAIN
d757a0b97dc7deb36a1c271a7f15081d34f100fc2916af798f7bd5e6238d8f30,2026-9695,Tigre 2,20260223,Clay,O,QF,25,G0DH,Alvaro Guillen Meza,R,23.143,205,298,P0CY,Stefan Palosi,R,26.073,431,109,1,6-3 6-0,3,TRAIN
70a8a0008033cab2684965e34d9726c78e6b2e1b331d790d3938d97156d5cb79,2026-9695,Tigre 2,20260223,Clay,O,QF,26,C0NN,Gianluca Cadenasso,R,21.402,305,166,D0CN,Miguel Damas,R,26.177,303,168,0,6-2 6-3,3,TRAIN
3f4af0ddcaa6d16209701cd6bef6d158ab0dd43a9b85338d73cbf6bc918d97cf,2026-9695,Tigre 2,20260223,Clay,O,QF,27,D0LJ,Diego Dedura,L,17.952,311,162,V836,Juan Pablo Varillas,R,30.385,280,184,1,6-4 7-6(3),3,TRAIN
9d2e7f6d6e1aa2db687ead677dd213d56a44a7650e260aebef34bec4c16d9306,2026-9695,Tigre 2,20260223,Clay,O,QF,28,D0CG,Facundo Diaz Acosta,L,25.191,278,186,T0DM,Juan Bautista Torres,R,23.896,348,138,1,6-2 6-3,3,TRAIN
10b830e16a7ab70081bde65d161c8f08d6da57ba70696b25b9eb803df87cc8d6,2026-9695,Tigre 2,20260223,Clay,O,SF,29,D0CG,Facundo Diaz Acosta,L,25.191,278,186,G0DH,Alvaro Guillen Meza,R,23.143,205,298,1,3-6 7-6(4) 6-2,3,TRAIN
f3f5424344ba8211b7a800f343a514343e948cfc24990ea988c65e8c5710ec20,2026-9695,Tigre 2,20260223,Clay,O,SF,30,D0CN,Miguel Damas,R,26.177,303,168,D0LJ,Diego Dedura,L,17.952,311,162,1,6-4 4-6 7-5,3,TRAIN
173bd9ff2534ba57b246cd08a8c47f82c89835a9d095d93870c9ecbbff9dce6b,2026-9695,Tigre 2,20260223,Clay,O,F,31,D0CG,Facundo Diaz Acosta,L,25.191,278,186,D0CN,Miguel Damas,R,26.177,303,168,1,1-6 6-3 6-0,3,TRAIN
0d85a9e08bfd9232080e1d1499c9e70d29c239b4dda6a01ae745a2e06c27282b,2026-2913,Kigali,20260302,Clay,O,F,1,N679,Stefano Napolitano,R,30.891,422,111,S0WT,Joel Schwaerzler,L,20.093,214,272,0,7-6(5) 7-6(6),3,TRAIN
1fcc3371e7525fda2d34f090156c071dba7c85f7e9af67752604d51154d1dd83,2026-2913,Kigali,20260302,Clay,O,SF,2,G0IX,Arthur Gea,R,21.161,161,377,N679,Stefano Napolitano,R,30.891,422,111,0,7-6(3) 5-7 6-3,3,TRAIN
18484c2b9dcf82d6c9434e820910605b2a5663155426019fe96f1ac52485746f,2026-2913,Kigali,20260302,Clay,O,SF,3,CF01,Marco Cecchinato,R,33.418,225,251,S0WT,Joel Schwaerzler,L,20.093,214,272,0,6-2 7-6(8),3,TRAIN
8522a6181d17a94bebc75f49709f5a41353e3028b4e770d37aee7e8d269b8326,2026-2913,Kigali,20260302,Clay,O,QF,4,S0WT,Joel Schwaerzler,L,20.093,214,272,TA29,Marco Trungelliti,R,36.082,132,465,1,7-6(3) 6-7(3) 7-6(7),3,TRAIN
18252ced604fc22181521947d57cbfe22a923fb771aa85993537489bcb28311d,2026-2913,Kigali,20260302,Clay,O,QF,5,G0IX,Arthur Gea,R,21.161,161,377,HB48,Calvin Hemery,R,31.091,316,157,1,6-3 6-4,3,TRAIN
030516aa90e127c1cbdfec0544cd9cbffb9b1245af0a02af8988a4f56c4dfd46,2026-2913,Kigali,20260302,Clay,O,QF,7,N679,Stefano Napolitano,R,30.891,422,111,P0AY,Luka Pavlovic,R,25.922,211,276,1,6-4 6-3,3,TRAIN
672f913fee88ce0bad89bc4ca04f0c4e4a2f1e687448c30f5f234ae02c188b6e,2026-2913,Kigali,20260302,Clay,O,R16,8,B0BU,Florent Bax,R,26.71,268,197,TA29,Marco Trungelliti,R,36.082,132,465,0,6-3 6-4,3,TRAIN
c81726f54a13c5faf73404a8df2ee4ace8d2ff7a7c8fc61991ae0d44beeb855f,2026-2913,Kigali,20260302,Clay,O,R16,9,G0IX,Arthur Gea,R,21.161,161,377,J09X,Filip Cristian Jianu,R,24.452,252,219,1,7-6(2) 6-4,3,TRAIN
fedccf15aa8e1c251d7d3d5368eeacc35c69e6e2808dd02d807692d8da231565,2026-2913,Kigali,20260302,Clay,O,R16,11,DH55,Michiel De Krom,L,27.68,758,40,K0EP,Jerome Kym,R,23.05,180,342,0,6-4 6-2,3,TRAIN
5de6431d8671c8c7285cc7f5a3f1909089e07a9fdba5bd6efa10dab9f5f256b0,2026-2913,Kigali,20260302,Clay,O,R16,12,KH56,Zdenek Kolar,R,29.394,197,308,S0WT,Joel Schwaerzler,L,20.093,214,272,0,4-6 7-6(2) 7-6(6),3,TRAIN
b38a31c582310d56995906624290cd495b86c5c4cc8fe6b2d66ed6f9a0ea2fdd,2026-2913,Kigali,20260302,Clay,O,R16,13,C0HB,Eliakim Coulibaly,L,23.825,293,175,P0AY,Luka Pavlovic,R,25.922,211,276,0,6-2 6-4,3,TRAIN
65f42ac171821e86d8ea984ef639fd8f55fb1743fea9a218dab8284211cb8f72,2026-2913,Kigali,20260302,Clay,O,R16,14,CF01,Marco Cecchinato,R,33.418,225,251,K0CJ,Sandro Kopp,R,25.766,320,156,1,6-7(8) 6-4 7-6(4),3,TRAIN
0cd93a9db13ca5e15e2e60c7dd2c6c4cbbb6f8db661954bd2be6a3f61189777a,2026-2913,Kigali,20260302,Clay,O,R16,15,HB48,Calvin Hemery,R,31.091,316,157,N0B4,Ryan Nijboer,R,26.595,524,78,1,6-4 6-4,3,TRAIN
3584c8cad07e06ec9fe095bcb3ad2d72d645352ed6ecee9feeb23c3ac37d47c2,2026-2913,Kigali,20260302,Clay,O,R32,16,DG80,Enrico Dalla Valle,R,27.948,492,88,G0IX,Arthur Gea,R,21.161,161,377,0,6-3 7-6(4),3,TRAIN
66989b039a6b26e3e70e0e330953866c2b59da7dc614d12185ca824ce5ad362b,2026-2913,Kigali,20260302,Clay,O,R32,17,CF59,Roberto Carballes Baena,R,32.942,168,368,K0CJ,Sandro Kopp,R,25.766,320,156,0,6-3 6-2,3,TRAIN
7a709308ca2e7ff0f402d33d0b8e697fc24c313a9aa6951bd8fead581f45a21f,2026-2913,Kigali,20260302,Clay,O,R32,18,K0EP,Jerome Kym,R,23.05,180,342,P0HY,Samuele Pieri,R,24.005,500,85,1,6-7(3) 6-4 6-4,3,TRAIN
a1dec2b3d01e35f30a2b93327ac1224d15a3b01852430bececcfc5a4d42fde51,2026-2913,Kigali,20260302,Clay,O,R32,19,CI14,Jay Clarke,R,27.598,184,333,HB48,Calvin Hemery,R,31.091,316,157,0,7-6(5) 3-6 7-6(15),3,TRAIN
76cb61bfff3c97f06b940f1f24362c30181c78587d2d061533e82e8392eea95a,2026-2913,Kigali,20260302,Clay,O,R32,20,C0JX,Sean Cuenin,R,22.04,341,143,KH56,Zdenek Kolar,R,29.394,197,308,0,7-6(2) 6-3,3,TRAIN
0ee84f36d38bdae99a999af85acde6cdfe75ef4e884b98b2277ceae5925e1704,2026-2913,Kigali,20260302,Clay,O,R32,21,M0EA,Pol Martin Tiffon,R,26.59,254,215,P0AY,Luka Pavlovic,R,25.922,211,276,0,6-1 6-4,3,TRAIN
938f553b322494f058de97b6e53004697b05af344696e82a4e6bdbba201e2e9f,2026-2913,Kigali,20260302,Clay,O,R32,22,B0ME,Cesar Bouchelaghem,R,21.676,627,57,C0HB,Eliakim Coulibaly,L,23.825,293,175,0,6-3 6-2,3,TRAIN
f65c343b9d26ddfd0960c4f04146de4ae5a252e2aef5a5b2a55ff6d3b4c61ae9,2026-2913,Kigali,20260302,Clay,O,R32,23,DH55,Michiel De Krom,L,27.68,758,40,I0A7,Nicholas David Ionel,R,23.387,615,60,1,5-7 6-3 6-3,3,TRAIN
b61175ae4fefdede82546a42b561605d798614f24d5c45c5bf8628af18dd498c,2026-2913,Kigali,20260302,Clay,O,R32,24,DF92,Corentin Denolly,L,28.736,390,119,N679,Stefano Napolitano,R,30.891,422,111,0,6-3 6-4,3,TRAIN
5ed7df3757291802c375d06810a90b488dd6948b843ba574de2c59a7b5422639,2026-2913,Kigali,20260302,Clay,O,R32,25,H0CX,Max Houkes,L,25.662,245,228,N0B4,Ryan Nijboer,R,26.595,524,78,0,6-3 6-3,3,TRAIN
4b4f8a3ba3a99412ced0855c06e178d63fc5ad7b6b946cbe34ab750ed9209086,2026-2913,Kigali,20260302,Clay,O,R32,26,E0AC,Mathys Erhard,R,24.348,330,148,S0WT,Joel Schwaerzler,L,20.093,214,272,0,7-6(5) 7-6(1),3,TRAIN
09834a41a98a976615945ce1130790e281e2fb7fa91d6a0575d1f7ce716dc5b4,2026-2913,Kigali,20260302,Clay,O,R32,27,J0B5,Garrett Johns,R,25.205,325,153,TA29,Marco Trungelliti,R,36.082,132,465,0,6-4 4-6 6-4,3,TRAIN
0e538fc46682a12310747abf2d8325aa9284a0138d715bbb927b7e6e7ecf168b,2026-2913,Kigali,20260302,Clay,O,R32,28,F0BT,Jonas Forejtek,R,24.977,356,135,M0N1,Luka Mikrut,R,21.875,165,371,0,6-3 7-6(5),3,TRAIN
4bbe76277afc515a2f6b6784beb23044e1cf91f207380824355c9afff51f244c,2026-2913,Kigali,20260302,Clay,O,R32,29,B0BU,Florent Bax,R,26.71,268,197,P0JG,Gabriele Pennaforti,R,25.462,613,60,1,6-3 6-4,3,TRAIN
96ee0dd3778fdded42e36f612c0ee4478e704f748024dc73477ccb7c7c466ae6,2026-2913,Kigali,20260302,Clay,O,R32,30,CF01,Marco Cecchinato,R,33.418,225,251,O09A,Aziz Ouakaa,R,26.568,625,58,1,7-5 6-1,3,TRAIN
7ebf254b3f54104cc4c59cfb6042b95eb61a4983fbcb966ecbe2e5177ff6c8a4,2026-2913,Kigali,20260302,Clay,O,R32,31,J09X,Filip Cristian Jianu,R,24.452,252,219,MF35,Andrej Martin,R,36.446,453,101,1,6-2 6-2,3,TRAIN
2789879f0f1ef195f33a1a354d7e4ac6533965a3d6cf8701831dc4028c2460b6,2026-3065,Brasilia,20260302,Clay,O,F,1,R0GO,Henrique Rocha,R,21.903,169,364,V0DP,Adolfo Daniel Vallejo,R,21.843,104,593,1,6-4 6-4,3,TRAIN
0c5d71128fcad89cc5d7331bd08a1b0361b90f3b0da8001431252620615e7c22,2026-3065,Brasilia,20260302,Clay,O,SF,2,R09V,Eduardo Ribeiro,R,27.959,441,105,V0DP,Adolfo Daniel Vallejo,R,21.843,104,593,0,7-5 6-2,3,TRAIN
d1f2f750c9aee33f37a182318e7ff5483607409c7939b39ae78122962db0aa99,2026-3065,Brasilia,20260302,Clay,O,SF,3,MJ08,Thiago Monteiro,L,31.754,232,240,R0GO,Henrique Rocha,R,21.903,169,364,0,6-0 6-7(3) 6-3,3,TRAIN
ea1ab7aaa8d0efd68ae3cbe9cb98ed987fefe3b246137876c4a8ca444330ac33,2026-3065,Brasilia,20260302,Clay,O,QF,4,D0CG,Facundo Diaz Acosta,L,25.21,238,236,V0DP,Adolfo Daniel Vallejo,R,21.843,104,593,0,7-6(6) 6-3,3,TRAIN
76a46d141ef5fc39ca01bea7c393519fd97b0115e063be66878935c940989823,2026-3065,Brasilia,20260302,Clay,O,QF,5,P0IY,Juan Carlos Prado Angelo,R,20.988,210,279,R0GO,Henrique Rocha,R,21.903,169,364,0,6-3 6-3,3,TRAIN
d744e01430bcc7813289bb3fdd7978f18cf206d2c98aed2de95e8a7c0d9d664a,2026-3065,Brasilia,20260302,Clay,O,QF,6,B0FI,Pedro Boscardin Dias,R,23.091,258,209,MJ08,Thiago Monteiro,L,31.754,232,240,0,6-1 6-2,3,TRAIN
531c9745513a2eebe1c81af05ec6cff2dc114d8d9c01c81d6d15091439908b33,2026-3065,Brasilia,20260302,Clay,O,QF,7,H0DU,Gustavo Heide,R,24.005,301,169,R09V,Eduardo Ribeiro,R,27.959,441,105,0,6-4 4-6 6-4,3,TRAIN
90fdbb91035f86d0a67d8edb3caaf4c15a4573cc3003f57101cbb3c83a159d0a,2026-3065,Brasilia,20260302,Clay,O,R16,8,S0T1,Joao Eduardo Schiessl,L,21.533,494,88,V0DP,Adolfo Daniel Vallejo,R,21.843,104,593,0,6-4 6-2,3,TRAIN
18c0327b1d2b87fe7cd052eddbd3814ff262a53bcce96c2b06f1b11a340a90af,2026-3065,Brasilia,20260302,Clay,O,R16,9,B0FI,Pedro Boscardin Dias,R,23.091,258,209,V836,Juan Pablo Varillas,R,30.404,281,185,1,6-2 7-6(1),3,TRAIN
3ccac9790b9d464806f848b9d358ba5e9abc31097c11dbe07e8e01276cf0635b,2026-3065,Brasilia,20260302,Clay,O,R16,10,D0CG,Facundo Diaz Acosta,L,25.21,238,236,M0WY,Guto Miguel,R,17.01,1616,3,1,6-4 6-3,3,TRAIN
44952d342a2be0c430b01579c539b14b1b43f3af809828246ce42c34043134c7,2026-3065,Brasilia,20260302,Clay,O,R16,11,D0CN,Miguel Damas,R,26.196,278,190,MJ08,Thiago Monteiro,L,31.754,232,240,0,6-4 7-5,3,TRAIN
de24cc4d6d6c53bd6734e086a91e26a1d27f658362e2d9db175c4d3ab74c192f,2026-3065,Brasilia,20260302,Clay,O,R16,12,F0F2,Jaime Faria,R,22.571,163,375,R09V,Eduardo Ribeiro,R,27.959,441,105,0,7-6(7) 6-4,3,TRAIN
e614574b62ca0f70314aeb02177bcbf4444450fab92543206bdb5bae7cb66926,2026-3065,Brasilia,20260302,Clay,O,R16,13,R0GO,Henrique Rocha,R,21.903,169,364,S0CG,Carlos Sanchez Jover,L,25.613,351,138,1,7-6(3) 6-2,3,TRAIN
bac5aff4a967c3a6c18aeab55da1caea329df8739f2acfdaed21178d0696f726,2026-3065,Brasilia,20260302,Clay,O,R16,14,H0DU,Gustavo Heide,R,24.005,301,169,RD48,Igor Marcondes,L,28.709,307,165,1,6-4 4-6 6-4,3,TRAIN
78523bd2749e1f6ac5d23d155a546bc31bc836a1fa187fe9e025c74edfd7e684,2026-3065,Brasilia,20260302,Clay,O,R16,15,P0IY,Juan Carlos Prado Angelo,R,20.988,210,279,R0A7,Joao Lucas Reis Da Silva,R,25.933,205,291,1,3-6 6-3 6-4,3,TRAIN
d06dac5a427e9cef01cc02f78138b12866e7b13bd9c1d7cd5a9b6964ff66bd88,2026-3065,Brasilia,20260302,Clay,O,R32,16,B0EJ,Tristan Boyer,R,24.862,218,268,V0DP,Adolfo Daniel Vallejo,R,21.843,104,593,0,6-2 6-2,3,TRAIN
6275e200e4518a2299d7176dab8ac964148e96b840d9287d9f479b0f4f3a2998,2026-3065,Brasilia,20260302,Clay,O,R32,17,B0FI,Pedro Boscardin Dias,R,23.091,258,209,M0K4,Elmer Moller,R,22.648,121,534,1,6-2 6-3,3,TRAIN
50dd32ea4fff40a098994d5ca9a88dabc6eb7b59999e0cf62e216119323feb8e,2026-3065,Brasilia,20260302,Clay,O,R32,18,AA27,Franco Agamenone,R,32.879,269,196,R0GO,Henrique Rocha,R,21.903,169,364,0,7-5 6-2,3,TRAIN
1d0fd780379ee05cd4aaa6007d2eccc2840059e0fce030c1315abbb63af1d92c,2026-3065,Brasilia,20260302,Clay,O,R32,19,FA43,Juan Pablo Ficovich,R,29.101,186,330,M0WY,Guto Miguel,R,17.01,1616,3,0,7-6(1) 7-5,3,TRAIN
4e2039c201bc4ed02b3b8ba6bf166cd22ebdc1e3379fe51c12c5c78062fdd7b4,2026-3065,Brasilia,20260302,Clay,O,R32,20,D0CN,Miguel Damas,R,26.196,278,190,G0DH,Alvaro Guillen Meza,R,23.162,207,287,1,7-6(8) 6-4,3,TRAIN
2584223efc9f09ad367bfc2e48f957454039d03fa7c959f1ce7cbfffc8e68247,2026-3065,Brasilia,20260302,Clay,O,R32,21,D0CG,Facundo Diaz Acosta,L,25.21,238,236,S0GZ,Nikolas Sanchez Izquierdo,R,26.965,271,195,1,6-3 7-6(5),3,TRAIN
4f074b67de987c9f00feb9f1694c94118fb6327c48b58e34156c7590171849d6,2026-3065,Brasilia,20260302,Clay,O,R32,22,RD48,Igor Marcondes,L,28.709,307,165,SL94,Pedro Sakamoto,R,32.674,379,124,1,6-7(4) 6-4 6-1,3,TRAIN
73378a11da5523689dbfd0a98f6588f68afefa484d60ed452578813b34e8a8cd,2026-3065,Brasilia,20260302,Clay,O,R32,23,MJ08,Thiago Monteiro,L,31.754,232,240,SG56,Daniel Dutra da Silva,L,37.656,321,156,1,6-4 6-4,3,TRAIN
f68b7adc32d95415df383f912173cae59844157ff7971383a9d78fbd3862af99,2026-3065,Brasilia,20260302,Clay,O,R32,24,R09V,Eduardo Ribeiro,R,27.959,441,105,R0BT,Franco Roncadelli,L,26.067,333,146,1,6-4 6-3,3,TRAIN
0ec9bed87e93174ce52a8886d46234565de44597acabc28b1070a394310a7b3b,2026-3065,Brasilia,20260302,Clay,O,R32,25,S0CG,Carlos Sanchez Jover,L,25.613,351,138,T0I3,Miguel Tobon,R,19.702,607,61,1,7-6(2) 4-6 6-1,3,TRAIN
7900fea8f849d2720a4602234d874914ad08477548732e28c5e52601713e32fc,2026-3065,Brasilia,20260302,Clay,O,R32,26,MW75,Felipe Meligeni Alves,R,28.03,248,223,S0T1,Joao Eduardo Schiessl,L,21.533,494,88,0,7-6(5) 7-6(6),3,TRAIN
520aa8e59f62fe32e26fba78d8a86478f95703dc6a0188edf860ed19019c25b4,2026-3065,Brasilia,20260302,Clay,O,R32,27,T0H5,Benjamin Torrealba,L,20.69,795,35,V836,Juan Pablo Varillas,R,30.404,281,185,0,6-2 6-1,3,TRAIN
a07277ea1ecbdac350e788d0f1fd9c1a2b0ffa6f80350bb9ec0a05fde8ae1125,2026-3065,Brasilia,20260302,Clay,O,R32,28,C0NN,Gianluca Cadenasso,R,21.421,298,173,F0F2,Jaime Faria,R,22.571,163,375,0,7-6(11) 3-6 7-6(9),3,TRAIN
454f3e16b44733934a26ea77bdaeccf7600f189ff166a9a89b7d96965a8707f7,2026-3065,Brasilia,20260302,Clay,O,R32,29,D0H9,Guy Den Ouden,R,23.899,156,391,P0IY,Juan Carlos Prado Angelo,R,20.988,210,279,0,6-4 6-3,3,TRAIN
768b68b8121a811b93e9268c67e5e13886e0950b89b188d1de89c56483c314e6,2026-3065,Brasilia,20260302,Clay,O,R32,30,GE33,Daniel Elahi Galan,R,29.703,182,337,H0DU,Gustavo Heide,R,24.005,301,169,0,6-1 4-6 7-6(3),3,TRAIN
3e08ffc26d5e84b929533c36aa5b5ad579e032bc9d100067a31b50219d5f0856,2026-3065,Brasilia,20260302,Clay,O,R32,31,R0A7,Joao Lucas Reis Da Silva,R,25.933,205,291,S0EK,Matias Soto,R,26.847,318,157,1,6-1 4-6 6-4,3,TRAIN
571eaad9dfaf06de27809197f8d0e0001dcad62d8bda8cf71cef8588cc8a1876,2026-2915,Kigali 2,20260309,Clay,O,F,1,CF01,Marco Cecchinato,R,33.437,225,251,TA29,Marco Trungelliti,R,36.101,132,465,0,4-6 6-0 6-3,3,TRAIN
97bc142f07d16042ed7a617faeb545cc31d223f2df2cf43a3770cc9c79bf78a7,2026-2915,Kigali 2,20260309,Clay,O,SF,2,KH56,Zdenek Kolar,R,29.413,197,308,TA29,Marco Trungelliti,R,36.101,132,465,0,6-3 6-3,3,TRAIN
3f0fd995a2d070761c02c05949e1bccc679bd4a0261eeca2634e69a1b1653d96,2026-2915,Kigali 2,20260309,Clay,O,SF,3,CF01,Marco Cecchinato,R,33.437,225,251,G0IX,Arthur Gea,R,21.18,161,377,1,6-3 6-4,3,TRAIN
e749c1e7d614afae8e355fb44721f39a143f59ea573af5ec019a5a0d66af971f,2026-2915,Kigali 2,20260309,Clay,O,QF,4,H0CX,Max Houkes,L,25.681,245,228,TA29,Marco Trungelliti,R,36.101,132,465,0,6-7(6) 7-6(5) 6-3,3,TRAIN
ea269e5716ffdf36fe90e1f664c7f9958437b5a6eedadc94d157e7a6b41eefab,2026-2915,Kigali 2,20260309,Clay,O,QF,5,G0IX,Arthur Gea,R,21.18,161,377,N679,Stefano Napolitano,R,30.91,422,111,1,6-3 6-4,3,TRAIN
ad585d36f73b9e2e3fb6631ef20951a31b88fc11d436fdc11ade9d013d0b5b33,2026-2915,Kigali 2,20260309,Clay,O,QF,6,J09X,Filip Cristian Jianu,R,24.471,252,219,KH56,Zdenek Kolar,R,29.413,197,308,0,7-6(8) 7-6(1),3,TRAIN
4c0a5936fc35239d00711ec69871ffcc8f0282a271f826cf058772f720968e82,2026-2915,Kigali 2,20260309,Clay,O,QF,7,CF01,Marco Cecchinato,R,33.437,225,251,MF35,Andrej Martin,R,36.465,453,101,1,7-6(7) 6-3,3,TRAIN
8290fa326ed5d2e8c52e9576257cf0d370469343e223f3db86b98fdff317a766,2026-2915,Kigali 2,20260309,Clay,O,R16,9,DF92,Corentin Denolly,L,28.756,390,119,KH56,Zdenek Kolar,R,29.413,197,308,0,6-1 6-2,3,TRAIN
4b4fdee2318f9bcad3cafd15a66b53d89b99f478fb9cf847476dac522b942427,2026-2915,Kigali 2,20260309,Clay,O,R16,10,J09X,Filip Cristian Jianu,R,24.471,252,219,V993,Eero Vasa,R,29.098,482,91,1,6-3 7-6(5),3,TRAIN
f7a09615fc676edc764ca746a1bdb4bec667057c2cb830e5bbd58f9f221a3dec,2026-2915,Kigali 2,20260309,Clay,O,R16,11,N663,Maximilian Neuchrist,R,34.631,668,51,N679,Stefano Napolitano,R,30.91,422,111,0,6-3 6-7(6) 6-1,3,TRAIN
96e005f43348983d48e17bedf1f541d1b5613384dc10d878b28412f492a301d3,2026-2915,Kigali 2,20260309,Clay,O,R16,12,F0BT,Jonas Forejtek,R,24.997,356,135,TA29,Marco Trungelliti,R,36.101,132,465,0,7-6(0) 4-6 7-6(5),3,TRAIN
c66b3136ca7ddfc8eb00672db14b391b959540517395a3b28b060e2cd8e08783,2026-2915,Kigali 2,20260309,Clay,O,R16,13,CI14,Jay Clarke,R,27.617,184,333,MF35,Andrej Martin,R,36.465,453,101,0,7-6(3) 6-3,3,TRAIN
f6b6ac43c3001246d7c0569e7c4b76feaac226518098ccb18604cd3b1daa1301,2026-2915,Kigali 2,20260309,Clay,O,R16,14,CF01,Marco Cecchinato,R,33.437,225,251,K0CJ,Sandro Kopp,R,25.785,320,156,1,4-6 6-3 6-4,3,TRAIN
c8f52957ad985f09c4b2f556b4f58dbe6658ef57571401aa69b14a6564da7004,2026-2915,Kigali 2,20260309,Clay,O,R16,15,DH46,Alexander Donski,R,27.603,779,36,H0CX,Max Houkes,L,25.681,245,228,0,7-6(8) 7-6(1),3,TRAIN
fdecb0369c23409ef27dc9f850751d005f1ff3a1121780bb3089a103bda45ff5,2026-2915,Kigali 2,20260309,Clay,O,R32,16,B0ME,Cesar Bouchelaghem,R,21.695,627,57,G0IX,Arthur Gea,R,21.18,161,377,0,2-6 7-6(3) 6-4,3,TRAIN
b00d4d688bfa26f427fd11ec29219164ddc0c448d4d96c6251e21c0d7d1069fc,2026-2915,Kigali 2,20260309,Clay,O,R32,17,CF59,Roberto Carballes Baena,R,32.961,168,368,V993,Eero Vasa,R,29.098,482,91,0,6-4 3-6 7-6(3),3,TRAIN
bad5549ce136f3b9911b65e695af849fefd16a4438dfaa9743b469d65d1c1d9d,2026-2915,Kigali 2,20260309,Clay,O,R32,18,CI14,Jay Clarke,R,27.617,184,333,S0GF,Maik Steiner,R,31.721,719,44,1,6-7(5) 6-3 6-3,3,TRAIN
f61b1a4636a3fb5f6971048ed332927bf2a0f9e9a256f801853bf2db6a08d909,2026-2915,Kigali 2,20260309,Clay,O,R32,19,H0CX,Max Houkes,L,25.681,245,228,P0AY,Luka Pavlovic,R,25.941,211,276,1,4-6 6-2 6-2,3,TRAIN
a99003162689c7121bc9a0610ac0777453184b1f6ca76142c5758c7a1da6ad37,2026-2915,Kigali 2,20260309,Clay,O,R32,20,N679,Stefano Napolitano,R,30.91,422,111,S0WT,Joel Schwaerzler,L,20.112,214,272,1,7-6(13) 7-6(4),3,TRAIN
c13d765bc8de99cf2772edc9039284b6159dfe8ec334d3f8789135245c971212,2026-2915,Kigali 2,20260309,Clay,O,R32,21,CF01,Marco Cecchinato,R,33.437,225,251,I327,Guy Orly Iradukunda,R,29.966,,,1,6-0 6-2,3,TRAIN
fd514b0c4cf8666e73c180a22f25e00f07aa4985adcda98e6af553b9b600faa8,2026-2915,Kigali 2,20260309,Clay,O,R32,22,C0JX,Sean Cuenin,R,22.059,341,143,P0JG,Gabriele Pennaforti,R,25.481,613,60,1,6-2 7-6(3),3,TRAIN
b8708074b9790e99e2f6dd1cb1ce263c782b254862508703f2942e1189dd5f62,2026-2915,Kigali 2,20260309,Clay,O,R32,23,C0HB,Eliakim Coulibaly,L,23.844,293,175,DF92,Corentin Denolly,L,28.756,390,119,0,6-4 6-3,3,TRAIN
8185d38bddfb1bf38d824b15a55cf203f03e77f7c4fe37fb928b664d8b267c3a,2026-2915,Kigali 2,20260309,Clay,O,R32,24,DH46,Alexander Donski,R,27.603,779,36,J0B5,Garrett Johns,R,25.224,325,153,1,7-6(4) 7-6(9),3,TRAIN
e77dc7f013c1c7749108c62813146b13bb9829452384bb1adf8e78fe627ffe55,2026-2915,Kigali 2,20260309,Clay,O,R32,25,J09X,Filip Cristian Jianu,R,24.471,252,219,N0B4,Ryan Nijboer,R,26.615,524,78,1,7-6(5) 7-5,3,TRAIN
53768fe2ed1ee94b29cb69dde3ab1568647e0d89afa31d933950593d40a15032,2026-2915,Kigali 2,20260309,Clay,O,R32,26,K0CJ,Sandro Kopp,R,25.785,320,156,M09M,Ivan Marrero Curbelo,R,27.447,540,74,1,6-4 6-1,3,TRAIN
f4a81608eafd7f4c9bff1d829575375f89d5a3db9bd1901bce5f8059e9adc32a,2026-2915,Kigali 2,20260309,Clay,O,R32,27,B0BU,Florent Bax,R,26.73,268,197,N663,Maximilian Neuchrist,R,34.631,668,51,0,7-6(5) 6-7(4) 7-6(6),3,TRAIN
f08fd2e7972c8613a4aa5c810536a1f6d3f3b1526c01d612b59e22216ef0b6b3,2026-2915,Kigali 2,20260309,Clay,O,R32,28,M0EA,Pol Martin Tiffon,R,26.609,254,215,TA29,Marco Trungelliti,R,36.101,132,465,0,6-4 6-2,3,TRAIN
b783e46c788742b640338d6fa9682e8b3e561cc3118f61613d69f90aadb43f02,2026-2915,Kigali 2,20260309,Clay,O,R32,29,KH56,Zdenek Kolar,R,29.413,197,308,RB60,Oriol Roca Batalla,R,32.857,398,117,1,6-4 7-5,3,TRAIN
12cf94cfd4bf990b1db8449595935bf492ecdd833f7a378061e1fd238fc76c8d,2026-2915,Kigali 2,20260309,Clay,O,R32,30,F0BT,Jonas Forejtek,R,24.997,356,135,O09A,Aziz Ouakaa,R,26.587,625,58,1,6-1 6-2,3,TRAIN
6d55773cf98a3de1a9de5d6c7485bf011f8df041e6d8579f9620ef5a57c774f4,2026-2915,Kigali 2,20260309,Clay,O,R32,31,E0AC,Mathys Erhard,R,24.367,330,148,MF35,Andrej Martin,R,36.465,453,101,0,6-7(5) 6-1 6-3,3,TRAIN
804c8dd586f1122a1a609e0f578033c0f85a665be1c19c5965a57412a9933bfb,2026-3406,Santiago,20260309,Clay,O,F,1,O660,Genaro Alberto Olivieri,R,27.595,226,249,R0GO,Henrique Rocha,R,21.922,169,364,1,6-4 6-4,3,TRAIN
e8929c6f09fc18d27cf0a583fd6897bca7ae4616ed1dd67c320a2c272f21723d,2026-3406,Santiago,20260309,Clay,O,SF,2,B0FI,Pedro Boscardin Dias,R,23.11,258,209,R0GO,Henrique Rocha,R,21.922,169,364,0,6-1 6-2,3,TRAIN
ec2b47fffb7cefa324a56824729d43a772dc4903aa95387784309e658eb25ba7,2026-3406,Santiago,20260309,Clay,O,SF,3,MJ08,Thiago Monteiro,L,31.773,232,240,O660,Genaro Alberto Olivieri,R,27.595,226,249,0,3-6 6-4 7-5,3,TRAIN
f6a5ebba4d455793e4dd92de1fb99a30a84e159e99cdffc20cf084a9e2f29454,2026-3406,Santiago,20260309,Clay,O,QF,4,MJ08,Thiago Monteiro,L,31.773,232,240,V0DP,Adolfo Daniel Vallejo,R,21.862,104,593,1,3-6 6-3 6-4,3,TRAIN
b2dabbfcf6f734ee1306eb34603e5fdc6ce5129c529e2e3dc822f897a4fc5593,2026-3406,Santiago,20260309,Clay,O,QF,5,R0GO,Henrique Rocha,R,21.922,169,364,S0GZ,Nikolas Sanchez Izquierdo,R,26.984,271,195,1,7-6(2) 3-6 6-3,3,TRAIN
cf9d2a0d1bcb28f480b31b5c26ff7d8b9865d547f08760d6ca4e6b204c182cb8,2026-3406,Santiago,20260309,Clay,O,QF,6,B0FI,Pedro Boscardin Dias,R,23.11,258,209,B0GR,Gonzalo Bueno,R,21.93,213,273,1,7-6(5) 6-2,3,TRAIN
4ec22d284f9fafd7e8fcad8089cf6ab4763a059a629fc00a70a8c282afd8a124,2026-3406,Santiago,20260309,Clay,O,QF,7,MW18,Nicolas Moreno De Alboran,R,28.652,633,56,O660,Genaro Alberto Olivieri,R,27.595,226,249,0,6-4 7-5,3,TRAIN
e0ea84c8af2b2a9b257219ca72e13a57aa82e386fbfa81425ae0f930d770f7b4,2026-3406,Santiago,20260309,Clay,O,R16,8,MW75,Felipe Meligeni Alves,R,28.049,248,223,V0DP,Adolfo Daniel Vallejo,R,21.862,104,593,0,6-4 3-6 6-3,3,TRAIN
088dd3eead5b42ac3613c4c66e4423a5de709c32a5d71e82da61365ba33bafff,2026-3406,Santiago,20260309,Clay,O,R16,10,D0LJ,Diego Dedura,L,17.99,291,176,MJ08,Thiago Monteiro,L,31.773,232,240,0,7-6(7) 6-3,3,TRAIN
6ec8272549421ee37bf4879b30adac30510d2c44f1084c0a107352299fa75474,2026-3406,Santiago,20260309,Clay,O,R16,11,MJ98,Facundo Mena,R,33.459,336,145,S0GZ,Nikolas Sanchez Izquierdo,R,26.984,271,195,0,7-6(3) 6-4,3,TRAIN
9b3d876ccdcd59c33e71df5f4174728ff268aa8be48eda8c09944991cbb102ea,2026-3406,Santiago,20260309,Clay,O,R16,12,B0FI,Pedro Boscardin Dias,R,23.11,258,209,R0A7,Joao Lucas Reis Da Silva,R,25.952,205,291,1,6-1 3-6 6-4,3,TRAIN
a7c057e10ee378526d02c72713b9aa1ea413a75298bc56c9a2bbc5c03d4305e8,2026-3406,Santiago,20260309,Clay,O,R16,13,AA27,Franco Agamenone,R,32.898,269,196,B0GR,Gonzalo Bueno,R,21.93,213,273,0,6-3 6-3,3,TRAIN
19d3818e68f9cd41468d15a3ece22db368b96cac8caf588585443177618310e1,2026-3406,Santiago,20260309,Clay,O,R16,14,MW18,Nicolas Moreno De Alboran,R,28.652,633,56,RD48,Igor Marcondes,L,28.728,307,165,1,5-7 6-3 6-4,3,TRAIN
824fb80ffca48d7f56465f66c3c63f83bbe4b8ea92b91dcd1417a05c5951fc02,2026-3406,Santiago,20260309,Clay,O,R16,15,CC66,Andrea Collarini,L,34.103,228,244,O660,Genaro Alberto Olivieri,R,27.595,226,249,0,6-1 4-6 7-6(5),3,TRAIN
474c6a5cbc445b4e9c895ffe3880a996937da6f9dbdd5f9ece893c31c936bd9d,2026-3406,Santiago,20260309,Clay,O,R32,16,V0DP,Adolfo Daniel Vallejo,R,21.862,104,593,V821,Gonzalo Villanueva,R,31.151,344,141,1,6-3 6-4,3,TRAIN
7b7a96d6b23f53d538f92b814b56358c89f830a1211e801bd5429d8e8956895a,2026-3406,Santiago,20260309,Clay,O,R32,17,F0F2,Jaime Faria,R,22.59,163,375,RD48,Igor Marcondes,L,28.728,307,165,0,6-7(3) 6-4 7-5,3,TRAIN
6fa16be2fb13a6e54b28104cc8f6b2339118738cad27a77072a88bf987663cf2,2026-3406,Santiago,20260309,Clay,O,R32,18,R0GO,Henrique Rocha,R,21.922,169,364,SL94,Pedro Sakamoto,R,32.693,379,124,1,2-6 6-3 6-3,3,TRAIN
23e856cd1375fd71c31a3a38c7c2a4f536a5353fa4d70256c294d517ac94949f,2026-3406,Santiago,20260309,Clay,O,R32,19,D0LJ,Diego Dedura,L,17.99,291,176,GE33,Daniel Elahi Galan,R,29.722,182,337,1,6-4 7-5,3,TRAIN
0ada830e9fef8d6831af867a43a459988535d62c7c198afd3837cb9493016693,2026-3406,Santiago,20260309,Clay,O,R32,20,FA43,Juan Pablo Ficovich,R,29.12,186,330,MJ98,Facundo Mena,R,33.459,336,145,0,6-4 6-2,3,TRAIN
24409feea9e96f8f630ab690cc1220447620ef13b6169717e846b17c565a4f34,2026-3406,Santiago,20260309,Clay,O,R32,21,AA27,Franco Agamenone,R,32.898,269,196,J0AW,Guido Ivan Justo,R,28.225,279,188,1,6-1 6-7(5) 6-1,3,TRAIN
49097dd410858b08f7b1b945e718b0d78bb14ca8d2f5118660af5a3262413594,2026-3406,Santiago,20260309,Clay,O,R32,22,MW75,Felipe Meligeni Alves,R,28.049,248,223,T0H5,Benjamin Torrealba,L,20.709,795,35,1,5-7 6-1 6-3,3,TRAIN
d1a820a1cddcce867a599768397787adb662d1b522e9b2335a94ae74eadba701,2026-3406,Santiago,20260309,Clay,O,R32,23,C0NN,Gianluca Cadenasso,R,21.44,298,173,MJ08,Thiago Monteiro,L,31.773,232,240,0,3-6 6-3 6-2,3,TRAIN
0b0fbe3621317bde31e0ce28758342cc204ad33485dc039a56a7c44a1af15b84,2026-3406,Santiago,20260309,Clay,O,R32,24,MW18,Nicolas Moreno De Alboran,R,28.652,633,56,S0EK,Matias Soto,R,26.867,318,157,1,7-5 6-3,3,TRAIN
b6892b080831bcaefd286072915fec2950bc0c494cfffce5b5aa9bfe1757f573,2026-3406,Santiago,20260309,Clay,O,R32,26,MM24,Bastian Malla,,29.459,1322,6,RH59,Santiago Rodriguez Taverna,R,26.648,237,238,0,7-6(5) 6-3,3,TRAIN
55ff2640f31a62fdf2c3d246db504dc01e078365fe60ac777c499660e03df141,2026-3406,Santiago,20260309,Clay,O,R32,27,K0DB,Cannon Kingsley,R,24.841,465,97,S0GZ,Nikolas Sanchez Izquierdo,R,26.984,271,195,0,6-4 7-5,3,TRAIN
bb5f49017ae88f2967bcd7ed15b66ca232e5241b1f4e4b5b7d313835f69b8126,2026-3406,Santiago,20260309,Clay,O,R32,29,R0A7,Joao Lucas Reis Da Silva,R,25.952,205,291,SG56,Daniel Dutra da Silva,L,37.676,321,156,1,3-6 6-4 7-5,3,TRAIN
2ba42af8c750c136aa0b72673d2b3f7fadac8b14ad039775c4b6dd716faaec8e,2026-3406,Santiago,20260309,Clay,O,R32,30,B0FI,Pedro Boscardin Dias,R,23.11,258,209,S0KY,Amador Salazar,L,25.06,1273,7,1,6-1 6-3,3,TRAIN
38e8aad229ffd552fe723706c11aab04e2c70babed22da565cec1d3764493c77,2026-3406,Santiago,20260309,Clay,O,R32,31,B0GR,Gonzalo Bueno,R,21.93,213,273,V836,Juan Pablo Varillas,R,30.423,281,185,1,6-0 7-5,3,TRAIN
d430cc93f2b7fe89e9c45990fc58a7b030dbb78c24a7686c81ed39820e81b1ae,2026-2909,Asuncion,20260316,Clay,O,R32,1,V0DP,Adolfo Daniel Vallejo,R,21.881,97,637,Z0DA,Carlos Maria Zarate,R,20.961,586,64,1,6-2 6-2,3,TRAIN
3efd1c57d2e4ce535f6c568133dbedef048b05c6d99a7a5536d7d9727b715c17,2026-2909,Asuncion,20260316,Clay,O,R32,2,F0F2,Jaime Faria,R,22.609,157,381,O660,Genaro Alberto Olivieri,R,27.614,192,312,1,6-3 2-6 6-3,3,TRAIN
f001c387bdc5f89453d840a1f4c70a13444b705d8b92cd7c851491d4a5f36328,2026-2909,Asuncion,20260316,Clay,O,R32,3,HG90,Conner Huertas del Pino,R,30.237,727,42,R0GO,Henrique Rocha,R,21.941,131,483,1,7-5 7-5,3,TRAIN
7570362fd38351d2e934ff3df8503773edf389bef35211a9d90e382d18df7e8e,2026-2909,Asuncion,20260316,Clay,O,R32,4,R0A7,Joao Lucas Reis Da Silva,R,25.971,211,281,S0IV,Paulo Andre Saraiva Dos Santos,R,25.728,594,63,1,7-6(5) 1-6 6-3,3,TRAIN
4307b0666621ba0aaa534da2c9c4e333a9a7f9dc9e32d8c592c12ad1dc08f34b,2026-2909,Asuncion,20260316,Clay,O,R32,5,C0NN,Gianluca Cadenasso,R,21.459,301,173,G0DH,Alvaro Guillen Meza,R,23.201,207,287,1,6-3 6-3,3,TRAIN
93d98f9766262c09d6a1826d2c212199037be5864ca2804b78de8cc3949489c5,2026-2909,Asuncion,20260316,Clay,O,R32,6,A0G7,Valerio Aboian,L,23.754,467,96,S0T1,Joao Eduardo Schiessl,L,21.572,464,97,1,6-4 6-3,3,TRAIN
73bd1f1b3139486509d28f1b4f7f0b826fa636ad2dd19b89422b11fa7edaa46f,2026-2909,Asuncion,20260316,Clay,O,R32,8,B0FI,Pedro Boscardin Dias,R,23.129,241,229,E09U,Hernando Jose Escurra Isnardi,R,28.255,1755,2,1,7-5 6-2,3,TRAIN
657da07791c179f909f9378dc98124f0f7bc3a93b90b1e9942120a4d00220877,2026-2909,Asuncion,20260316,Clay,O,R32,9,C0GK,Thiago Cigarran,R,25.971,843,30,KC29,Nicolas Kicker,R,33.58,262,204,1,5-7 6-2 6-4,3,TRAIN
80755980016e8903d8627a9f4ac16b3baad5513a57b2f38552b6f20f4f8ae9c7,2026-2909,Asuncion,20260316,Clay,O,R32,11,B0GY,Alex Barrena,R,23.431,173,347,K0DB,Cannon Kingsley,R,24.86,448,101,1,7-5 6-3,3,TRAIN
b883c07a569f0f3ebffd253c5ccda472e19e680c5a5cb96e5dbaf34bbce5fb01,2026-2909,Asuncion,20260316,Clay,O,R32,12,J0AW,Guido Ivan Justo,R,28.244,278,185,P0IY,Juan Carlos Prado Angelo,R,21.027,206,288,0,6-3 6-4,3,TRAIN
6af2f2b786e2c9992cfd5f535378d2da374bc9b62de7f5f2acf5379fa18d82fc,2026-2909,Asuncion,20260316,Clay,O,R32,13,B0GR,Gonzalo Bueno,R,21.949,213,279,D0OU,JoÃƒÂ£o Pedro Didoni Bonini,R,18.587,1942,1,1,6-2 7-5,3,TRAIN
26d0cb255a66ae9bbc8f7473b01971325eb1167173293660c3620883511dd036,2026-2909,Asuncion,20260316,Clay,O,R32,14,DC48,Murkel Dellien,R,28.496,298,174,N0FT,Alex Santino NuÃ±ez Vera,,18.609,1817,2,1,6-3 6-2,3,TRAIN
9eaa3c887b040a3589ed63dfe0a6c7dd5ae2c9008110b3bdbae3fc3ff7274c4d,2026-2909,Asuncion,20260316,Clay,O,R32,15,M0OH,Lautaro Midon,R,21.963,223,250,V821,Gonzalo Villanueva,R,31.17,361,129,1,7-5 6-3,3,TRAIN
9926838c3cad4e5f7a4787e71c6a881deab41cff39c6d97b29347e2acde1f8e0,2026-2909,Asuncion,20260316,Clay,O,R32,16,KE69,Mariano Kestelboim,R,30.105,482,90,V836,Juan Pablo Varillas,R,30.442,288,179,0,6-0 6-4,3,TRAIN
ad58a799ad878738a5f72094bcb9530d13017786210a20656fd6c2ac19245a7d,2026-2909,Asuncion,20260316,Clay,O,R16,17,R0BT,Franco Roncadelli,L,26.105,332,150,V0DP,Adolfo Daniel Vallejo,R,21.881,97,637,1,6-3 6-4,3,TRAIN
8a00781d17b3af9c30cdd4b726ee838a430604d8ac24af4dea979c409aa70e20,2026-2909,Asuncion,20260316,Clay,O,R16,18,C0GK,Thiago Cigarran,R,25.971,843,30,F0F2,Jaime Faria,R,22.609,157,381,0,6-1 6-2,3,TRAIN
3200a3223fb2986186a44afe2b1bc2d68565235f66b6b2dbe87f86779d3f2993,2026-2909,Asuncion,20260316,Clay,O,R16,19,B0GY,Alex Barrena,R,23.431,173,347,DC48,Murkel Dellien,R,28.496,298,174,1,1-6 7-6(2) 6-1,3,TRAIN
99a6addd4eb239d01c86366e8e33e4a40d146f8f67d06e5479d76b9b613b009b,2026-2909,Asuncion,20260316,Clay,O,R16,20,A0G7,Valerio Aboian,L,23.754,467,96,R0A7,Joao Lucas Reis Da Silva,R,25.971,211,281,0,6-3 6-3,3,TRAIN
21948c936bfd57e9a66bab377741065f7e26e5ba58cc6cc2ec96328ed6a8da0e,2026-2909,Asuncion,20260316,Clay,O,R16,21,P0IY,Juan Carlos Prado Angelo,R,21.027,206,288,V836,Juan Pablo Varillas,R,30.442,288,179,0,6-3 4-6 6-3,3,TRAIN
869a51ecf51ca4479e93f02e30e8c3423ebcf46244dc9665084d374522edfb93,2026-2909,Asuncion,20260316,Clay,O,R16,22,B0GR,Gonzalo Bueno,R,21.949,213,279,M0OH,Lautaro Midon,R,21.963,223,250,0,4-6 6-4 6-3,3,TRAIN
584a716eb6c817aaceb6670287ccb92d2282a4a661f86f2e7e830541c70713ae,2026-2909,Asuncion,20260316,Clay,O,R16,23,B0FI,Pedro Boscardin Dias,R,23.129,241,229,HG90,Conner Huertas del Pino,R,30.237,727,42,1,6-2 6-2,3,TRAIN
d858418a5253db80ba48e590249bb67fe7d3b92395b4d0ff25945ec9b901d57a,2026-2909,Asuncion,20260316,Clay,O,R16,24,A0IK,Luciano Emanuel Ambrogi,R,22.322,441,103,C0NN,Gianluca Cadenasso,R,21.459,301,173,0,6-1 6-4,3,TRAIN
4d68b8bfca5b8896c9e22701272e937ba87198ac0c3f6ebdec4988c077a69317,2026-2909,Asuncion,20260316,Clay,O,QF,25,F0F2,Jaime Faria,R,22.609,157,381,M0OH,Lautaro Midon,R,21.963,223,250,0,7-6(9) 3-6 6-3,3,TRAIN
f134c4b2819769dfddb759b2b18c3c2b3a2fd54484ebda8dcb724896b62dfc07,2026-2909,Asuncion,20260316,Clay,O,QF,26,B0GY,Alex Barrena,R,23.431,173,347,V836,Juan Pablo Varillas,R,30.442,288,179,0,6-1 7-6(6),3,TRAIN
18d2feb926d430602861818e35cc92f6969bb3b9d7a58b42df0333c1de43bed4,2026-2909,Asuncion,20260316,Clay,O,QF,27,R0A7,Joao Lucas Reis Da Silva,R,25.971,211,281,R0BT,Franco Roncadelli,L,26.105,332,150,0,4-6 6-1 6-2,3,TRAIN
5115e9e4205a2e2768c3f12b76f4ef0295beaf10c5c81b66fa233cc7c6d24be6,2026-2909,Asuncion,20260316,Clay,O,QF,28,B0FI,Pedro Boscardin Dias,R,23.129,241,229,C0NN,Gianluca Cadenasso,R,21.459,301,173,0,6-1 6-3,3,TRAIN
1988fd3c8f05c09d13dbe0c30add436126ae6ba6d35e12bce58073addbd3eb39,2026-2909,Asuncion,20260316,Clay,O,SF,29,C0NN,Gianluca Cadenasso,R,21.459,301,173,M0OH,Lautaro Midon,R,21.963,223,250,1,4-6 6-1 6-0,3,TRAIN
0f4ba2a0a5aedda9e2929c0e6d792ed824163b1f90e61dc4002179b0581bd47f,2026-2909,Asuncion,20260316,Clay,O,SF,30,R0BT,Franco Roncadelli,L,26.105,332,150,V836,Juan Pablo Varillas,R,30.442,288,179,1,4-6 6-2 6-2,3,TRAIN
725727df5ec21396c50bcdbe57634c0346b437f4309a48107813378f72b25a56,2026-2909,Asuncion,20260316,Clay,O,F,31,C0NN,Gianluca Cadenasso,R,21.459,301,173,R0BT,Franco Roncadelli,L,26.105,332,150,1,7-6(5) 6-0,3,TRAIN
d47d6f7427e543a13991c22197bfe59012908571891c57944a312b7e334bacc5,2026-9171,Murcia,20260316,Clay,O,R32,1,D0C1,Jesper de Jong,R,25.791,87,665,HG94,Benjamin Hassan,R,31.11,294,175,1,6-3 3-6 6-3,3,TRAIN
919c6b5b02a7bcdcd97d87b4af2a02c70a8b0101216c64c99d092d030340cd57,2026-9171,Murcia,20260316,Clay,O,R32,2,G0FW,Vilius Gaubas,R,21.21,104,603,M0HT,Alejandro Moro Canas,R,25.27,239,231,0,7-6(2) 6-2,3,TRAIN
0143facb4ff1586cf98745f5e12974d4860a9d6dee1b7be2d01a01341d5aab1d,2026-9171,Murcia,20260316,Clay,O,R32,3,CD85,Pablo Carreno Busta,R,34.678,117,561,S0CG,Carlos Sanchez Jover,L,25.651,339,145,1,7-6(3) 6-1,3,TRAIN
dfd4698b2d5918d1e19e02418443f0261f6a7ba0bf94051f33d498d7a9b124ff,2026-9171,Murcia,20260316,Clay,O,R32,4,O513,Sebastian Ofner,R,29.843,85,671,SN54,Frederico Ferreira Silva,L,30.995,238,231,1,6-2 7-6(4),3,TRAIN
be88c900ca0fa2930d2574332395f9417cabc682e448f97453e96d570df38c03,2026-9171,Murcia,20260316,Clay,O,R32,5,CG33,Kimmer Coppejans,R,32.101,244,226,M0K4,Elmer Moller,R,22.686,121,534,1,6-4 6-1,3,TRAIN
ab150dbde6e4ca8357657556e842ee98f5050b834721db2583b25248687e5890,2026-9171,Murcia,20260316,Clay,O,R32,6,M0EA,Pol Martin Tiffon,R,26.628,253,215,PH64,Andrea Pellegrino,R,28.98,128,510,0,6-4 6-4,3,TRAIN
3c7248a4c80ce3c85b47100261c9a2d2192fef9d53643d166b70016c98473bcd,2026-9171,Murcia,20260316,Clay,O,R32,7,CF59,Roberto Carballes Baena,R,32.98,164,365,S0GZ,Nikolas Sanchez Izquierdo,R,27.003,259,206,1,6-3 7-6(5),3,TRAIN
dfef96440613a4a8cdbd40cb69b4f429404c76d1546fd80da0891a0df23e1d13,2026-9171,Murcia,20260316,Clay,O,R32,8,B0QC,Gilles Arnaud Bailly,R,20.487,212,280,P0EA,Saba Purtseladze,R,24.569,279,184,1,6-3 4-6 6-4,3,TRAIN
e9f4ba4334b06b892679afd906071e21d994797451ef7c7ffdc349f2156ed118,2026-9171,Murcia,20260316,Clay,O,R32,9,E0DD,Justin Engel,R,18.456,190,315,S0NV,Abdullah Shelbayh,L,22.33,306,168,1,6-3 3-6 7-5,3,TRAIN
ce235c67cd0397ab21576384749543587d0f59a66f57f17e4ac96f5e937d350c,2026-9171,Murcia,20260316,Clay,O,R32,10,G0EU,Felix Gill,L,23.789,252,216,P0FU,Filip Pieczonka,L,21.933,1030,15,1,6-3 3-6 7-6(5),3,TRAIN
da16ccba9fa32658060b1d4dd5c6a63295bb17a7f4d36099c19650eb4ed1c6bc,2026-9171,Murcia,20260316,Clay,O,R32,11,H0CX,Max Houkes,L,25.7,251,217,WB25,Louis Wessels,R,27.551,589,64,1,6-2 6-2,3,TRAIN
8bdb37fa904ff28ffcc288e3b7d1cb3759b60827da4501c39c6c82ca3bcd429f,2026-9171,Murcia,20260316,Clay,O,R32,12,J476,David Jorda Sanchis,R,31.754,373,124,L0CX,Pablo Llamas Ruiz,R,23.422,191,314,0,6-1 6-2,3,TRAIN
7b03a6899e14277eca0a182fb04eb0f5231da75a6284a97daf89f7a688aa08d3,2026-9171,Murcia,20260316,Clay,O,R32,13,GE28,Ivan Gakhov,L,29.361,249,221,N731,Christoph Negritu,R,31.986,422,109,0,6-1 6-2,3,TRAIN
646a74b1af35b64a6efcd9c397b406b3fd4cc0f2a78a1606a8f32884bce8a615,2026-9171,Murcia,20260316,Clay,O,R32,14,CH12,Jan Choinski,R,29.763,122,532,D0CN,Miguel Damas,R,26.234,272,192,1,4-6 6-4 6-4,3,TRAIN
b6bfd3394b885cdc01df346b1699d02b5f8cf7da57b93bd428c3a357ef8bcc27,2026-9171,Murcia,20260316,Clay,O,R32,15,BV24,Raul Brancaccio,R,28.865,372,124,S0XE,Alejo Sanchez Quilez,R,20.723,526,77,1,7-6(4) 6-2,3,TRAIN
87767c6e8445930c05c2c8fd00821c6ff4226f7596fbcee60be1b64f46928458,2026-9171,Murcia,20260316,Clay,O,R32,16,B0MM,Edas Butvilas,R,21.645,277,185,K926,Mikhail Kukushkin,R,38.22,283,181,0,7-6(4) 6-4,3,TRAIN
7a49e8d59e7e26378aea4b58ed7433311657de4168d94eea64cb0779cb76add4,2026-9171,Murcia,20260316,Clay,O,R16,17,CD85,Pablo Carreno Busta,R,34.678,117,561,G0EU,Felix Gill,L,23.789,252,216,1,4-6 6-3 6-2,3,TRAIN
e673b129ea06c8625b9a8d606e1ca20f8af5c6a4e48d2b35021904080b73048a,2026-9171,Murcia,20260316,Clay,O,R16,18,E0DD,Justin Engel,R,18.456,190,315,PH64,Andrea Pellegrino,R,28.98,128,510,0,3-6 6-2 7-5,3,TRAIN
766799f555f4c9780affe6bbd60d7a2f7735a0c5ccbaa5da0a2f0b9bec8843dc,2026-9171,Murcia,20260316,Clay,O,R16,19,B0QC,Gilles Arnaud Bailly,R,20.487,212,280,M0HT,Alejandro Moro Canas,R,25.27,239,231,1,7-5 6-7(5) 6-2,3,TRAIN
2e90aa30cf796ee25a5243c2a297a8caeb218dce97ccb8407dff3e08a2947dc0,2026-9171,Murcia,20260316,Clay,O,R16,20,CG33,Kimmer Coppejans,R,32.101,244,226,N731,Christoph Negritu,R,31.986,422,109,1,7-5 6-4,3,TRAIN
9a2e215febb704ca7fef25d4e2136991ca95bede30cfbf2a02e164cbeb1e9e6b,2026-9171,Murcia,20260316,Clay,O,R16,21,D0C1,Jesper de Jong,R,25.791,87,665,H0CX,Max Houkes,L,25.7,251,217,1,6-1 6-3,3,TRAIN
26051219782c301e1aed0eded1a730d374d1a93d3ef3d8e2569c8d36e2697fca,2026-9171,Murcia,20260316,Clay,O,R16,22,BV24,Raul Brancaccio,R,28.865,372,124,O513,Sebastian Ofner,R,29.843,85,671,0,6-0 6-4,3,TRAIN
d928550de70bb5ec8842c843f70ca95946e88677a8a690d532a60127acba5454,2026-9171,Murcia,20260316,Clay,O,R16,23,CH12,Jan Choinski,R,29.763,122,532,L0CX,Pablo Llamas Ruiz,R,23.422,191,314,0,6-2 6-7(4) 6-3,3,TRAIN
18b8919f2074650365226e9f211481b78d8cea1eef603b724e11f85d3a515ca9,2026-9171,Murcia,20260316,Clay,O,R16,24,CF59,Roberto Carballes Baena,R,32.98,164,365,K926,Mikhail Kukushkin,R,38.22,283,181,1,6-1 3-6 6-2,3,TRAIN
0536684093943bbaa47395168f0585b42cf0de30feb202d52a7db9f5fee648df,2026-9171,Murcia,20260316,Clay,O,QF,25,D0C1,Jesper de Jong,R,25.791,87,665,L0CX,Pablo Llamas Ruiz,R,23.422,191,314,1,6-3 6-2,3,TRAIN
ccfd87be6111ef360dd765996bd1179dcbf2c7737e7115ed8e851f341b45c1cb,2026-9171,Murcia,20260316,Clay,O,QF,26,CD85,Pablo Carreno Busta,R,34.678,117,561,PH64,Andrea Pellegrino,R,28.98,128,510,1,6-3 6-4,3,TRAIN
16ba9c73458d5fbffe8e17b30e8232062c66a87c85bb48e2e05e8abfd537f6bd,2026-9171,Murcia,20260316,Clay,O,QF,27,CF59,Roberto Carballes Baena,R,32.98,164,365,O513,Sebastian Ofner,R,29.843,85,671,1,7-6(4) 2-6 6-1,3,TRAIN
461f0ddb5bf83a2187658ffc64dc455e8413120bd68c2fc3b90af34b0a7026e1,2026-9171,Murcia,20260316,Clay,O,QF,28,B0QC,Gilles Arnaud Bailly,R,20.487,212,280,CG33,Kimmer Coppejans,R,32.101,244,226,0,6-0 3-6 6-3,3,TRAIN
fef195cf48a3b705284be53c9deb3d7f7ea440d1178bd80402d3781be1b27ae3,2026-9171,Murcia,20260316,Clay,O,SF,29,CF59,Roberto Carballes Baena,R,32.98,164,365,D0C1,Jesper de Jong,R,25.791,87,665,1,2-6 6-4 6-4,3,TRAIN
1c62df5c70f5a782aae24bfe7e72a2c3f4dc5de50bb05aa4de92fc656b059f46,2026-9171,Murcia,20260316,Clay,O,SF,30,CD85,Pablo Carreno Busta,R,34.678,117,561,CG33,Kimmer Coppejans,R,32.101,244,226,1,6-2 6-3,3,TRAIN
13d63bd666ff47448acc93642322724c33c303929c0fd0f7709fe5aa5fe20ad0,2026-9171,Murcia,20260316,Clay,O,F,31,CD85,Pablo Carreno Busta,R,34.678,117,561,CF59,Roberto Carballes Baena,R,32.98,164,365,1,6-4 6-3,3,TRAIN
92d9c162aa8932b05df3a9733b0b16ac39ca4c19b7cc1e9feac51a08f0e7a14d,2026-9472,Zadar,20260316,Clay,O,R32,1,G0IX,Arthur Gea,R,21.199,143,417,KC33,Dimitar Kuzmanov,R,32.632,312,164,1,4-6 6-2 6-3,3,TRAIN
c843c1251b23401dac3895adc9491a8ab7a1885e2d28cd23d6bb863e08541e66,2026-9472,Zadar,20260316,Clay,O,R32,2,P0GQ,Mili Poljicak,R,21.673,390,119,TA12,Stefano Travaglia,R,34.215,162,370,0,7-5 7-5,3,TRAIN
a4bc9660b8c8ce3eeb6b8a22aed2810f441c3c4752fabf47dca888ae4d293183,2026-9472,Zadar,20260316,Clay,O,R32,3,LI10,Christian Langmo,R,29.788,454,100,MV14,Alex Molcan,L,28.287,200,302,0,6-1 6-3,3,TRAIN
2dcc072adbbcfc377ecb2b9f823f16f427a0055c5be42b64008c6f3b6946bb1b,2026-9472,Zadar,20260316,Clay,O,R32,4,F0BT,Jonas Forejtek,R,25.016,343,142,GA79,Lorenzo Giustino,R,34.513,202,300,1,6-2 6-4,3,TRAIN
26887677c0fe99cc8dd7edca094e310c19296805ff8fbeff38dc2faa7ed6a5ba,2026-9472,Zadar,20260316,Clay,O,R32,5,D0L3,Matej Dodig,R,20.657,214,271,LC12,Laurent Lokoli,R,31.409,438,103,1,2-6 6-2 7-6(0),3,TRAIN
1d0c9d47d15af82c2112735b91cdf928510fd405a64aab4e72149939af724685,2026-9472,Zadar,20260316,Clay,O,R32,6,N0CS,Lukas Neumayer,R,23.524,225,247,N897,Sumit Nagal,R,28.58,276,185,1,3-6 6-3 6-4,3,TRAIN
4257884299e3f7fbe19f00b768024c178732ebee6df4076ca46d26e4d23d871c,2026-9472,Zadar,20260316,Clay,O,R32,7,A0CJ,Duje Ajdukovic,R,25.106,315,161,O0AI,Dusan Obradovic,L,24.98,485,89,1,6-0 6-4,3,TRAIN
64f89e6e0e65535581ab52597daaecd0d06e0207e043a83a1b22c2771b08cd7e,2026-9472,Zadar,20260316,Clay,O,R32,8,A0EA,Max Alcala Gurri,R,23.51,369,125,C0GU,Matyas Cerny,R,24.416,729,42,1,6-2 6-2,3,TRAIN
5f50fa2265cfdc1e274c03ef65b4a17bb557826f114d6f3e3b96c2a7c681045b,2026-9472,Zadar,20260316,Clay,O,R32,9,F840,Nerman Fatic,R,31.392,234,237,P0K4,Tiago Pereira,R,21.736,273,192,1,7-5 6-2,3,TRAIN
99046622065043c55b820d23eaecb94fe83a5358495914079e9eaa8d0bd98a3a,2026-9472,Zadar,20260316,Clay,O,R32,10,K0FY,Martin Krumich,R,23.22,335,148,S0LR,John Sperle,L,24.123,819,32,1,7-5 6-4,3,TRAIN
a30f1285ef4a9bd35c72d33caa342e3928d31a3e58f8ca3535edc42b41722f1e,2026-9472,Zadar,20260316,Clay,O,R32,11,M0E1,Daniel Michalski,R,26.177,264,201,P0HY,Samuele Pieri,R,24.044,490,88,1,6-3 6-0,3,TRAIN
f6e93209e25d4b88935e095da797e2ce6c6e8dec750efb7196d75d53df084535,2026-9472,Zadar,20260316,Clay,O,R32,12,PI96,Sergi Perez Contri,L,28.151,572,67,S0UM,Josip Simundza,L,21.235,731,42,1,6-1 6-1,3,TRAIN
a7de097f1bab2276c64189815c767cee0238fbd525a71ada2ee4e4791eb4c991,2026-9472,Zadar,20260316,Clay,O,R32,14,DG80,Enrico Dalla Valle,R,27.986,472,94,P09O,Zsombor Piros,R,26.423,148,402,1,6-1 7-6(4),3,TRAIN
5a2e5cb7978b42ab0a6e84313a8855a8b754006e89596f2229d8ecea50e03c4f,2026-9472,Zadar,20260316,Clay,O,R32,15,J0AZ,Kyrian Jacquet,R,24.846,145,407,SO20,Jelle Sels,R,30.598,449,101,1,6-0 4-6 6-0,3,TRAIN
e8b8ac6ce6862f19fbd19a245a80c967abdeceb3d80120dd3049f29549fc248c,2026-9472,Zadar,20260316,Clay,O,R32,16,I0BV,Emanuel Ivanisevic,,18.426,1478,4,N0DB,Andrej Nedic,R,21.413,296,174,0,7-5 6-2,3,TRAIN
8ba0293fb34cec42967d5025e867a7176307189830168b13202de3189f141687,2026-9472,Zadar,20260316,Clay,O,R16,17,G0IX,Arthur Gea,R,21.199,143,417,M0E1,Daniel Michalski,R,26.177,264,201,1,6-3 7-6(4),3,TRAIN
65c464a5ab05e7546cb8b44a33c17cd00d1c9ec4c37815243c52ef4d76c2adf8,2026-9472,Zadar,20260316,Clay,O,R16,18,S0AK,Henri Squire,R,25.465,258,207,TA12,Stefano Travaglia,R,34.215,162,370,0,6-3 6-2,3,TRAIN
b4b98e920819e0da673081c0be07c9485ba72f831df693d030a66dee46b10e80,2026-9472,Zadar,20260316,Clay,O,R16,19,A0EA,Max Alcala Gurri,R,23.51,369,125,MV14,Alex Molcan,L,28.287,200,302,0,1-6 6-3 6-2,3,TRAIN
c8de50175ec67e1702bc3ba502dae99de49aabd5f7f6797ecee217ddda0f9baf,2026-9472,Zadar,20260316,Clay,O,R16,20,F840,Nerman Fatic,R,31.392,234,237,N0CS,Lukas Neumayer,R,23.524,225,247,0,4-6 6-3 6-4,3,TRAIN
feeaf4a022124f61e83b26a9d3a8895f82226c290436c2740a3b3a851719c80e,2026-9472,Zadar,20260316,Clay,O,R16,21,J0AZ,Kyrian Jacquet,R,24.846,145,407,PI96,Sergi Perez Contri,L,28.151,572,67,1,6-2 6-0,3,TRAIN
47ec83ae5189e5e52a50499c46424b412fef2dd0a564d90d60d0d8eb9df28a2c,2026-9472,Zadar,20260316,Clay,O,R16,22,D0L3,Matej Dodig,R,20.657,214,271,K0FY,Martin Krumich,R,23.22,335,148,1,3-6 6-4 7-6(4),3,TRAIN
3dda7780bdea4504b23a0baf41b2fd90ec704de7d5577ed1b026e008f1113e39,2026-9472,Zadar,20260316,Clay,O,R16,23,A0CJ,Duje Ajdukovic,R,25.106,315,161,DG80,Enrico Dalla Valle,R,27.986,472,94,1,6-4 7-5,3,TRAIN
c03fb8a5c00966374054230e54b70ae0bfbbb840bfc79afa1a8b4dcb40fc9641,2026-9472,Zadar,20260316,Clay,O,R16,24,F0BT,Jonas Forejtek,R,25.016,343,142,N0DB,Andrej Nedic,R,21.413,296,174,1,6-3 6-4,3,TRAIN
3cedbbf030f08a2b9a85f6e13822272719446960755e1f33fa261a685ed1e3fa,2026-9472,Zadar,20260316,Clay,O,QF,25,F0BT,Jonas Forejtek,R,25.016,343,142,J0AZ,Kyrian Jacquet,R,24.846,145,407,0,7-6(3) 6-2,3,TRAIN
c345998f7dd6260570767567e92e7129ead804aab0d1417a441e114ec93da37a,2026-9472,Zadar,20260316,Clay,O,QF,26,G0IX,Arthur Gea,R,21.199,143,417,N0CS,Lukas Neumayer,R,23.524,225,247,1,7-6(1) 4-6 6-3,3,TRAIN
f821d2f7bdeaac902f9f265bc3d755bb939d4f4adf908217c8744a3aae703fb0,2026-9472,Zadar,20260316,Clay,O,QF,28,A0CJ,Duje Ajdukovic,R,25.106,315,161,D0L3,Matej Dodig,R,20.657,214,271,0,6-3 6-3,3,TRAIN
d81eb853e573279cc31e4198c781c95600d3dfce5aa020ac2838989e5a74662f,2026-9472,Zadar,20260316,Clay,O,SF,29,G0IX,Arthur Gea,R,21.199,143,417,J0AZ,Kyrian Jacquet,R,24.846,145,407,1,6-7(4) 7-6(2) 6-1,3,TRAIN
b0e0dd3e6a13cadf7ec503545463ad928778490a337eb35726b849ba4d0f12dc,2026-9472,Zadar,20260316,Clay,O,SF,30,D0L3,Matej Dodig,R,20.657,214,271,TA12,Stefano Travaglia,R,34.215,162,370,0,7-6(3) 6-3,3,TRAIN
19d9d446df9dd5727919588627f78d84467459b40b7f3e40be467248da2290f9,2026-2911,Naples,20260323,Clay,O,R32,1,AE14,Daniel Altmaier,R,27.526,55,906,D0CN,Miguel Damas,R,26.253,272,192,1,6-3 6-1,3,TRAIN
8d0a8d4621c0ab56beab04fa22067fd8b0f3110922e55ea561627ceafcbbe3cc,2026-2911,Naples,20260323,Clay,O,R32,2,F0A4,Francesco Forti,R,26.658,595,62,KI82,Vit Kopriva,R,28.769,59,871,1,6-3 6-4,3,TRAIN
e9ef2bae5bfcac5dc1420125a25602c28026a91438aeb07a64f08c59e4a91c7f,2026-2911,Naples,20260323,Clay,O,R32,3,MP20,Alexandre Muller,R,29.136,82,675,P0D0,Jakub Paul,R,27.003,519,78,1,7-5 6-4,3,TRAIN
d9b900d2afe4b64f0a9949bdb0d6eefdfd6f50a5706c4d501e979093a4f6f1e6,2026-2911,Naples,20260323,Clay,O,R32,4,MW76,Matteo Martineau,R,27.181,347,139,W367,Stan Wawrinka,R,40.986,91,649,1,2-6 6-4 7-6(2),3,TRAIN
e47503ed547019728d637ceb4a078a838f15d46fbb4eff7e27b76e32bf914eef,2026-2911,Naples,20260323,Clay,O,R32,5,B0OU,Hynek Barton,R,21.963,316,160,M0JF,Hamad Medjedovic,R,22.68,115,565,0,6-3 4-6 7-6(2),3,TRAIN
e878968499e5ff6e55157c59931ae2e1e5daf94633b48cb9575afd8134d7eaf5,2026-2911,Naples,20260323,Clay,O,R32,6,GA79,Lorenzo Giustino,R,34.533,202,300,J0AZ,Kyrian Jacquet,R,24.865,145,407,1,2-6 6-4 6-0,3,TRAIN
deb439d79d2a234bc0f8ef84cceeb7ebce998d7eaec6b65808f951b70755f5ec,2026-2911,Naples,20260323,Clay,O,R32,7,B0PE,Federico Bondioli,L,20.851,432,106,BV16,Ugo Blanchet,R,27.211,153,389,1,7-6(5) 6-4,3,TRAIN
ea9cb42d65450fbde5585db32009e27194dfa721f9575a6d4dcdbed9fcbbd357,2026-2911,Naples,20260323,Clay,O,R32,8,C0LK,Carlo Alberto Caniato,R,20.392,395,118,V0J1,Jacopo Vasami,L,18.259,548,71,1,6-3 6-2,3,TRAIN
1ec120a8a2220910c42138299756905127ae930515a9cb915a321a7823cdfb83,2026-2911,Naples,20260323,Clay,O,R32,9,C0NB,Federico Cina,R,18.982,203,299,P0I6,Gabriele Piraino,L,22.36,353,135,1,6-4 6-2,3,TRAIN
78c3b5edf1d21c08f42f4aecfc2796673183c2c9f5c7927d9aa47e299b312eed,2026-2911,Naples,20260323,Clay,O,R32,10,DG80,Enrico Dalla Valle,R,28.005,472,94,K926,Mikhail Kukushkin,R,38.24,283,181,1,6-1 3-6 7-5,3,TRAIN
4887c5327b874a7789b00bffe6ec65ade6c71bc337e1123b512398b5690ed361,2026-2911,Naples,20260323,Clay,O,R32,11,G0A0,Andrea Guerrieri,L,27.302,413,112,TA12,Stefano Travaglia,R,34.234,162,370,1,7-6(7) 2-6 7-6(7),3,TRAIN
7537ac49c070cb0030d7a37ae535168e2f3a40ccd00edf99a2d227b1f7b4d02e,2026-2911,Naples,20260323,Clay,O,R32,12,P0EA,Saba Purtseladze,R,24.589,279,184,R0JW,Michele Ribecai,R,23.129,406,115,0,6-2 6-3,3,TRAIN
4a408d5e07b38dacae64bfb123207c04b6b7f9f9601df254d41ab64f619a987c,2026-2911,Naples,20260323,Clay,O,R32,13,J476,David Jorda Sanchis,R,31.773,373,124,S0KT,Stefanos Sakellaridis,R,21.522,219,259,0,6-1 1-6 7-5,3,TRAIN
b02d9de05e8ed1e843f38ec736cdf32de4cfb380ee60c0b611df01ec206bbb9b,2026-2911,Naples,20260323,Clay,O,R32,14,J09X,Filip Cristian Jianu,R,24.509,243,227,PH64,Andrea Pellegrino,R,28.999,128,510,0,6-1 6-4,3,TRAIN
33b269500b0c446789083b04eb97c3875bc1ca562df2e4d9b1916cc35546a88e,2026-2911,Naples,20260323,Clay,O,R32,15,N897,Sumit Nagal,R,28.6,276,185,S0AK,Henri Squire,R,25.484,258,207,1,7-5 3-6 6-4,3,TRAIN
f5a0dcf06d48d4b27e9a14cb2bcf9f5c292b4758fc261d0ea08eb21a51f9eca5,2026-2911,Naples,20260323,Clay,O,R32,16,BU54,Geoffrey Blancaneaux,R,27.622,318,157,SS25,Vitaliy Sachko,R,28.69,186,323,0,6-2 6-1,3,TRAIN
ffd59daa4090ea9033cdf7cb71d80a36ea8abfa322f58b9cde67a23c4bdfbff8,2026-2911,Naples,20260323,Clay,O,R16,17,AE14,Daniel Altmaier,R,27.526,55,906,G0A0,Andrea Guerrieri,L,27.302,413,112,1,6-4 4-6 6-3,3,TRAIN
bd9ef0df4829d6ffc844e42b4c2a2f3a002e26b2713812cd9bde6edab35b3246,2026-2911,Naples,20260323,Clay,O,R16,18,C0LK,Carlo Alberto Caniato,R,20.392,395,118,MP20,Alexandre Muller,R,29.136,82,675,0,4-6 7-6(5) 6-4,3,TRAIN
99517b28fc4e11d7fa17e7705b5c4ccd4ab4c832e84fa70b19a2a6bcc3abb49f,2026-2911,Naples,20260323,Clay,O,R16,19,M0JF,Hamad Medjedovic,R,22.68,115,565,S0KT,Stefanos Sakellaridis,R,21.522,219,259,1,6-4 3-6 7-5,3,TRAIN
cf020d1f100e6ae6431c60ca0b024d9f6436bf684eefdace1b51bac8cd27d917,2026-2911,Naples,20260323,Clay,O,R16,20,DG80,Enrico Dalla Valle,R,28.005,472,94,GA79,Lorenzo Giustino,R,34.533,202,300,1,4-6 6-4 6-1,3,TRAIN
15e21ae76d69a212aad3673b350062936945197d443e9f2215135718ad47bc4b,2026-2911,Naples,20260323,Clay,O,R16,21,PH64,Andrea Pellegrino,R,28.999,128,510,SS25,Vitaliy Sachko,R,28.69,186,323,0,4-6 6-3 6-4,3,TRAIN
9aeef2032982c18161d55549c6aadb2091b1491401bc2fb79d76bc614c40b9e1,2026-2911,Naples,20260323,Clay,O,R16,22,B0PE,Federico Bondioli,L,20.851,432,106,N897,Sumit Nagal,R,28.6,276,185,1,6-2 4-6 7-5,3,TRAIN
c1f40dda9c38e01cd3f017b5f3482a4c1195e69a1ecd74973ab982314abbb87c,2026-2911,Naples,20260323,Clay,O,R16,23,C0NB,Federico Cina,R,18.982,203,299,F0A4,Francesco Forti,R,26.658,595,62,1,6-3 6-3,3,TRAIN
64006e857d92504c997a93d0b783f06ad543a5cbf177c31131ee001b096748da,2026-2911,Naples,20260323,Clay,O,R16,24,MW76,Matteo Martineau,R,27.181,347,139,R0JW,Michele Ribecai,R,23.129,406,115,0,2-6 6-4 6-2,3,TRAIN
757a9ed27823bfc431182745e98131c0fef0ace38ea6a8c6cbf928ca8e948fc2,2026-2911,Naples,20260323,Clay,O,QF,25,AE14,Daniel Altmaier,R,27.526,55,906,DG80,Enrico Dalla Valle,R,28.005,472,94,1,6-1 6-3,3,TRAIN
49bb0b6eebc8dca7a7a6a02fae42529e30b8d7a369c85a79c07f40a08449714d,2026-2911,Naples,20260323,Clay,O,QF,26,M0JF,Hamad Medjedovic,R,22.68,115,565,MP20,Alexandre Muller,R,29.136,82,675,1,6-2 6-2,3,TRAIN
49f24227355486b79b110ca031b92f6893f5830e5c39e5cef96c73227ce2aa30,2026-2911,Naples,20260323,Clay,O,QF,27,B0PE,Federico Bondioli,L,20.851,432,106,R0JW,Michele Ribecai,R,23.129,406,115,1,6-3 6-2,3,TRAIN
c8dbed3bc19a463ec3c00f5118b69cc6d0162864bda20c3b317503b56dda0242,2026-2911,Naples,20260323,Clay,O,QF,28,C0NB,Federico Cina,R,18.982,203,299,SS25,Vitaliy Sachko,R,28.69,186,323,0,6-2 4-6 6-1,3,TRAIN
a5589a6c13c347cbfbbd10a2d159e58eceed2064f88610e239a5ddff86e559d3,2026-2911,Naples,20260323,Clay,O,SF,29,AE14,Daniel Altmaier,R,27.526,55,906,B0PE,Federico Bondioli,L,20.851,432,106,1,6-2 2-6 6-1,3,TRAIN
1855b1af95fa9a4f20e68516b200aeb40df94a433efa0d52ff1788c92f670a83,2026-2911,Naples,20260323,Clay,O,SF,30,M0JF,Hamad Medjedovic,R,22.68,115,565,SS25,Vitaliy Sachko,R,28.69,186,323,1,7-5 6-1,3,TRAIN
6aec09a018990dd61a9cf7b334a90fe84e072fed3c267e3b1fbd437a9db1ae38,2026-2911,Naples,20260323,Clay,O,F,31,AE14,Daniel Altmaier,R,27.526,55,906,M0JF,Hamad Medjedovic,R,22.68,115,565,0,6-2 6-4,3,TRAIN
b2d423f2e18c0c2e3fd0209b8c5ff36cdb998cc0d9304ad9fec244f1cd30db50,2026-2955,Alicante,20260323,Clay,O,R32,1,D0C1,Jesper de Jong,R,25.81,87,665,P0HY,Samuele Pieri,R,24.063,490,88,1,5-7 6-1 7-6(2),3,TRAIN
a3bcb5a63ba0dc1e35b75ea5ca5938d6e85ca8be03e648d42c0cd21cc95c39dd,2026-2955,Alicante,20260323,Clay,O,R32,2,G0FW,Vilius Gaubas,R,21.229,104,603,S0NV,Abdullah Shelbayh,L,22.349,306,168,1,6-7(6) 7-6(4) 6-1,3,TRAIN
a77022220ec31383a4d72e44b1be6d99d0a04b51301eb0e20fd208bcfb85f09a,2026-2955,Alicante,20260323,Clay,O,R32,3,MO44,Pedro Martinez,R,28.906,113,576,S0CG,Carlos Sanchez Jover,L,25.67,339,145,1,6-3 6-2,3,TRAIN
8086c4b4c17db568d41ba6384636f474dbf7370334c9e00e25f8d10cfd973cad,2026-2955,Alicante,20260323,Clay,O,R32,4,CD85,Pablo Carreno Busta,R,34.697,117,561,G0J9,Svyatoslav Gulin,R,23.299,440,103,1,7-5 6-1,3,TRAIN
9db918278441b949decb1518c5bb98c7732515e263025c95fd104dd687a41533,2026-2955,Alicante,20260323,Clay,O,R32,5,CH12,Jan Choinski,R,29.782,122,532,P0K4,Tiago Pereira,R,21.755,273,192,1,6-1 6-2,3,TRAIN
567d14feda5018b7b8122120fceb2e979cf6a3ee866710b45210da5af9983121,2026-2955,Alicante,20260323,Clay,O,R32,6,CF01,Marco Cecchinato,R,33.476,199,306,L987,Dusan Lajovic,R,35.729,127,511,1,7-5 6-3,3,TRAIN
d8bf954b4132452234d4a1bc21d7c9b217a553c0ac70255916acc729ee5ef658,2026-2955,Alicante,20260323,Clay,O,R32,7,BU70,Remy Bertola,R,27.559,210,282,HG94,Benjamin Hassan,R,31.129,294,175,1,6-3 6-2,3,TRAIN
5315048e0c9df4bca7877437adc2b124b865f60b2578d657baedfbe94c28ba09,2026-2955,Alicante,20260323,Clay,O,R32,8,B0JP,Dali Blanch,R,23.05,429,107,E0DD,Justin Engel,R,18.475,190,315,1,6-2 6-1,3,TRAIN
0c4b05cdb18d721868751210becf537353f032657baacd839bb0e4ba388f6673,2026-2955,Alicante,20260323,Clay,O,R32,9,H0CX,Max Houkes,L,25.719,251,217,M0N7,Daniel Merida,R,21.487,134,458,1,3-6 6-3 6-4,3,TRAIN
f0edeed1c39d565227f5953d5cf85be40c1ca3bf6a1ba044d74f48e4ad047991,2026-2955,Alicante,20260323,Clay,O,R32,10,I305,Ilya Ivashka,R,32.074,690,46,L0CX,Pablo Llamas Ruiz,R,23.441,191,314,0,6-3 6-4,3,TRAIN
9476d155c0dd41250e851a0a358aaa989cd332149cb3472a94baf95713a7f3ed,2026-2955,Alicante,20260323,Clay,O,R32,11,B0QC,Gilles Arnaud Bailly,R,20.507,212,280,SX50,Roman Safiullin,R,28.624,215,267,0,6-1 6-4,3,TRAIN
1d765ca1457fea9bf5b84b5fefb57e088a27e5e883e628c9708b372844cd57a4,2026-2955,Alicante,20260323,Clay,O,R32,12,M0NL,Inaki Montes-De La Torre,R,23.469,389,119,S0XE,Alejo Sanchez Quilez,R,20.742,526,77,0,6-3 6-0,3,TRAIN
a0dfbf27deb64d59f29829085a7dc02a02bf4252f138cf7e5442b1051b8351b3,2026-2955,Alicante,20260323,Clay,O,R32,13,O513,Sebastian Ofner,R,29.862,85,671,S0GR,Timofey Skatov,R,25.166,195,310,1,6-3 6-4,3,TRAIN
45988a5d9d73621e8866fc2c6f7dee569f57897367a556c03df917fdc59367a1,2026-2955,Alicante,20260323,Clay,O,R32,14,B0MM,Edas Butvilas,R,21.665,277,185,M0EA,Pol Martin Tiffon,R,26.648,253,215,1,6-3 6-3,3,TRAIN
f7f8546739173dd17cb487e43008f458efbe2571205038872637bd939f4619e3,2026-2955,Alicante,20260323,Clay,O,R32,16,KH56,Zdenek Kolar,R,29.451,183,331,M0HT,Alejandro Moro Canas,R,25.29,239,231,0,6-4 2-6 6-0,3,TRAIN
6320ec0de6e4ee1286a8961cf798acf83dc0956f42ed277e38292ac7f12bf894,2026-2955,Alicante,20260323,Clay,O,R16,17,G0FW,Vilius Gaubas,R,21.229,104,603,H0CX,Max Houkes,L,25.719,251,217,0,6-7(7) 6-4 7-6(4),3,TRAIN
e0d2e6e6e849f7d3ba1cac6d73e94c5f48ce32fb82df7ac7dbba55126a89819b,2026-2955,Alicante,20260323,Clay,O,R16,18,BU70,Remy Bertola,R,27.559,210,282,MO44,Pedro Martinez,R,28.906,113,576,0,4-6 6-0 6-1,3,TRAIN
bbfe042c61f7faf04549641cd914c103e6fc85d0ff5ce615fb21fe63fa35ba3c,2026-2955,Alicante,20260323,Clay,O,R16,19,CD85,Pablo Carreno Busta,R,34.697,117,561,S0XE,Alejo Sanchez Quilez,R,20.742,526,77,1,3-6 7-5 6-3,3,TRAIN
724da604b755f9f001589efb31843ed07dc8246974a65e7222775c7fafe74eb6,2026-2955,Alicante,20260323,Clay,O,R16,20,CH12,Jan Choinski,R,29.782,122,532,SX50,Roman Safiullin,R,28.624,215,267,0,6-2 6-3,3,TRAIN
8529481bed0570dc7ff51102996fd1d4210dce2bda8dfbcfabb8c672399b6648,2026-2955,Alicante,20260323,Clay,O,R16,21,M0HT,Alejandro Moro Canas,R,25.29,239,231,O513,Sebastian Ofner,R,29.862,85,671,0,7-6(5) 6-4,3,TRAIN
ec29161ed553f92615ccd659892e03e27910aa481dfd7b77e885724923bb4e37,2026-2955,Alicante,20260323,Clay,O,R16,22,B0MM,Edas Butvilas,R,21.665,277,185,D0C1,Jesper de Jong,R,25.81,87,665,1,7-5 2-6 6-4,3,TRAIN
ff04ebbaa80461e86ea25247c0d24fb56e34281babdd882bb6a0fc1aa79ce845,2026-2955,Alicante,20260323,Clay,O,R16,23,CF01,Marco Cecchinato,R,33.476,199,306,HG86,Lloyd Harris,R,29.073,149,399,1,6-2 6-1,3,TRAIN
ea3542715a3a247e5c36c0a82017be96d90ea5de7b00c904af5badf106a2f5f4,2026-2955,Alicante,20260323,Clay,O,R16,24,B0JP,Dali Blanch,R,23.05,429,107,L0CX,Pablo Llamas Ruiz,R,23.441,191,314,0,6-1 6-2,3,TRAIN
6269219750f6420be7ecd8dd0f96779717f0e585515f5456d19e0c3d5816c968,2026-2955,Alicante,20260323,Clay,O,QF,25,CF01,Marco Cecchinato,R,33.476,199,306,O513,Sebastian Ofner,R,29.862,85,671,0,7-6(6) 7-5,3,TRAIN
11ef9412ee0a68abe04a2dfad8b8f71f8544954f0116a44ee84d8b969f36939d,2026-2955,Alicante,20260323,Clay,O,QF,26,CD85,Pablo Carreno Busta,R,34.697,117,561,MO44,Pedro Martinez,R,28.906,113,576,1,6-4 4-6 6-4,3,TRAIN
3a7e0456d934e63b00603e6b64d3ec702b235835da9f73d892eca58378d543df,2026-2955,Alicante,20260323,Clay,O,QF,27,B0MM,Edas Butvilas,R,21.665,277,185,L0CX,Pablo Llamas Ruiz,R,23.441,191,314,0,6-1 6-2,3,TRAIN
79dd9bc198a6eee975ae00af6ee8e96a8406b90a0fa5a321e0d96f345cca4837,2026-2955,Alicante,20260323,Clay,O,QF,28,H0CX,Max Houkes,L,25.719,251,217,SX50,Roman Safiullin,R,28.624,215,267,0,6-4 6-1,3,TRAIN
978cf8cf12dd53630199bd9a474618a9c521fa41eaf48dcee9b99d8af247d120,2026-2955,Alicante,20260323,Clay,O,SF,29,CD85,Pablo Carreno Busta,R,34.697,117,561,O513,Sebastian Ofner,R,29.862,85,671,1,3-6 6-3 6-4,3,TRAIN
0d20f65a10d3bf0b708a4182917dc4b7198b11d540ae055a679a5b037bd12206,2026-2955,Alicante,20260323,Clay,O,SF,30,L0CX,Pablo Llamas Ruiz,R,23.441,191,314,SX50,Roman Safiullin,R,28.624,215,267,1,6-4 7-5,3,TRAIN
2870af0f06f9d81e9bc83202a92b68a472b1dd90c3c8bafb2231c823b5d2a4a9,2026-2955,Alicante,20260323,Clay,O,F,31,CD85,Pablo Carreno Busta,R,34.697,117,561,L0CX,Pablo Llamas Ruiz,R,23.441,191,314,0,6-4 6-2,3,TRAIN
ec673c083e2fba517fed3fcdc4584c94ff2df760d0a2e007ebf249d61887551d,2026-3071,Sao Paulo,20260323,Clay,O,R32,1,N0AM,Emilio Nava,R,24.304,71,741,T0CH,Rafael Tosetto,R,26.806,1292,7,1,6-4 6-7(7) 7-5,3,TRAIN
7607dcb0f11f23e3cd68bbfb7ab6cfc15bbb86db0ad2441b14a088ba17a36f95,2026-3071,Sao Paulo,20260323,Clay,O,R32,2,AA49,Boris Arias,R,32.367,1548,3,RH59,Santiago Rodriguez Taverna,R,26.686,229,241,0,6-3 2-6 6-3,3,TRAIN
7baf0a90387f56aea6a85766a9af247041ddc252146acb2f4486e453ed77724f,2026-3071,Sao Paulo,20260323,Clay,O,R32,3,B0NA,Victor Braga,R,21.213,2212,1,MW75,Felipe Meligeni Alves,R,28.088,240,229,0,6-1 6-0,3,TRAIN
258cf027441a8c0d20d6afaf280c6fc8f0f4498ecdf4b08781fc315cb08c1318,2026-3071,Sao Paulo,20260323,Clay,O,R32,4,F0F2,Jaime Faria,R,22.628,157,381,GJ90,Joao Vitor Goncalves Ceolin,R,26.888,1133,11,1,6-2 6-2,3,TRAIN
9c2b53586065882afc62959ce6877a2e6732bab28a67388b739f42e5990e5be9,2026-3071,Sao Paulo,20260323,Clay,O,R32,5,BS86,Tomas Barrios Vera,R,28.282,119,551,PC09,Jose Pereira,R,35.154,730,42,1,6-3 6-3,3,TRAIN
d20cfafda0cdbc04930def2e0c9d72eafcb72f4e17798b98dce5e5041e36b77b,2026-3071,Sao Paulo,20260323,Clay,O,R32,6,MJ08,Thiago Monteiro,L,31.811,242,228,SL94,Pedro Sakamoto,R,32.731,420,110,1,6-4 4-6 6-4,3,TRAIN
d743599116ab77d9279e66dc04d57581dfb815af683a159b56056fc3d0c163dc,2026-3071,Sao Paulo,20260323,Clay,O,R32,7,D0CG,Facundo Diaz Acosta,L,25.268,224,248,S0T1,Joao Eduardo Schiessl,L,21.591,464,97,1,6-1 6-2,3,TRAIN
41b2df32028e4ec78ba50e4a25cb1f74c695b2300ab400d3694af8e9bc06ffdf,2026-3071,Sao Paulo,20260323,Clay,O,R32,8,DA31,Hugo Dellien,R,32.767,159,375,R0A7,Joao Lucas Reis Da Silva,R,25.99,211,281,1,4-6 6-2 6-3,3,TRAIN
f8365ff43db9430221b211fa112ae7ca26ca60d976c4786fed671405129c81dc,2026-3071,Sao Paulo,20260323,Clay,O,R32,9,B0GY,Alex Barrena,R,23.45,173,347,RD48,Igor Marcondes,L,28.766,290,179,1,6-4 1-6 7-6(1),3,TRAIN
9f2b974e413d9d13525f069697abff8004cc5a6cf0988d1e47019e92199ce85e,2026-3071,Sao Paulo,20260323,Clay,O,R32,10,M0WY,Guto Miguel,R,17.068,1183,9,V836,Juan Pablo Varillas,R,30.461,288,179,0,7-5 6-0,3,TRAIN
d1434b9c0e49b2a867301dd215dc8ef04627d74cf0cc95f3a913ee0e4b445279,2026-3071,Sao Paulo,20260323,Clay,O,R32,12,B0FV,Roman Andres Burruchaga,R,24.161,101,619,H0DU,Gustavo Heide,R,24.063,282,181,1,1-6 7-6(5) 6-4,3,TRAIN
aac2accff0ee26234645cf713968932930385e9e1116614f2a79ab01c7dbb712,2026-3071,Sao Paulo,20260323,Clay,O,R32,13,P0IY,Juan Carlos Prado Angelo,R,21.046,206,288,SG56,Daniel Dutra da Silva,L,37.714,321,156,1,3-6 6-3 6-2,3,TRAIN
a06f9ad5819724dd89e58c888fac7c496ba8ad7497d5fade84f75d4b366dc750,2026-3071,Sao Paulo,20260323,Clay,O,R32,14,G0DH,Alvaro Guillen Meza,R,23.22,207,287,M0OH,Lautaro Midon,R,21.982,223,250,1,6-3 7-6(5),3,TRAIN
2bbbbb4662ab5623e492a65e78211b3666fd580a3f2fe3f9ffcd85ecdca37879,2026-3071,Sao Paulo,20260323,Clay,O,R32,15,DC48,Murkel Dellien,R,28.515,298,174,T0DM,Juan Bautista Torres,R,23.973,337,146,0,6-4 1-6 7-6(1),3,TRAIN
d2055345ce80bff7c555fba594bc9acced4d2f0d25e88cdcc83a937f78c79cdb,2026-3071,Sao Paulo,20260323,Clay,O,R32,16,B0GR,Gonzalo Bueno,R,21.969,213,279,HG90,Conner Huertas del Pino,R,30.256,727,42,1,6-1 6-2,3,TRAIN
cfaea75ebd7829c54d75625afd34c2ec8e39e852ac94a32cb39a12a25b0cc2a8,2026-3071,Sao Paulo,20260323,Clay,O,R16,18,F0F2,Jaime Faria,R,22.628,157,381,MW75,Felipe Meligeni Alves,R,28.088,240,229,1,6-2 3-6 6-2,3,TRAIN
cf4d32f154e9c7af0e788ac539ecd8fc2905365f37e296da8cf71277ca40cea0,2026-3071,Sao Paulo,20260323,Clay,O,R16,20,D0CG,Facundo Diaz Acosta,L,25.268,224,248,DA31,Hugo Dellien,R,32.767,159,375,0,6-4 2-6 6-3,3,TRAIN
d8d24ccbd631537ddfdf14f356f65b60af97a9d695ab720a55b649348d28305d,2026-3071,Sao Paulo,20260323,Clay,O,R16,21,B0GY,Alex Barrena,R,23.45,173,347,V836,Juan Pablo Varillas,R,30.461,288,179,1,2-6 6-2 6-3,3,TRAIN
b6cb2762802c6b12ff91b80ba5a0bfa877d01c8c85fc98560a5933f0a61091ab,2026-3071,Sao Paulo,20260323,Clay,O,R16,22,B0FV,Roman Andres Burruchaga,R,24.161,101,619,R09V,Eduardo Ribeiro,R,28.017,356,131,1,1-6 6-4 6-4,3,TRAIN
070eec49a7b95b37b40932cfa35a979cf636b199f3ebdf78e330b04f895014e2,2026-3071,Sao Paulo,20260323,Clay,O,R16,23,G0DH,Alvaro Guillen Meza,R,23.22,207,287,P0IY,Juan Carlos Prado Angelo,R,21.046,206,288,0,4-6 6-1 7-6(4),3,TRAIN
e370c96ec9a5ac332d04e5424c8b897880e4355ed134f6f58bf8c76ee8f0f38d,2026-3071,Sao Paulo,20260323,Clay,O,R16,24,B0GR,Gonzalo Bueno,R,21.969,213,279,T0DM,Juan Bautista Torres,R,23.973,337,146,1,6-1 6-3,3,TRAIN
5429f946af935f979714ab2178302df11233c465c15e29abdb13bc297701c85d,2026-3071,Sao Paulo,20260323,Clay,O,QF,25,F0F2,Jaime Faria,R,22.628,157,381,N0AM,Emilio Nava,R,24.304,71,741,1,7-6(3) 6-1,3,TRAIN
93f0205beea5a33b1588d279e73139bfdabdaf618fd5d8f8a53dd17fb82dd826,2026-3071,Sao Paulo,20260323,Clay,O,QF,26,BS86,Tomas Barrios Vera,R,28.282,119,551,DA31,Hugo Dellien,R,32.767,159,375,0,6-4 7-6(4),3,TRAIN
ed96d88279a1085148d72f18d0c67c836cd33121b403396851796ae06a21aff0,2026-3071,Sao Paulo,20260323,Clay,O,QF,28,B0GR,Gonzalo Bueno,R,21.969,213,279,P0IY,Juan Carlos Prado Angelo,R,21.046,206,288,0,4-6 6-2 6-2,3,TRAIN
4549b78757b94382d370b452457f21b5c394b85545bb9c473669137de2306a5a,2026-3071,Sao Paulo,20260323,Clay,O,SF,29,DA31,Hugo Dellien,R,32.767,159,375,F0F2,Jaime Faria,R,22.628,157,381,0,6-4 6-1,3,TRAIN
857524395719259710faff29cc1ae25f754bac2e91998fc691bb82548af50577,2026-3071,Sao Paulo,20260323,Clay,O,SF,30,B0FV,Roman Andres Burruchaga,R,24.161,101,619,P0IY,Juan Carlos Prado Angelo,R,21.046,206,288,1,6-3 6-2,3,TRAIN
fc451f20a58e9009d1c89d639a136a8044cc4f0a3345207b104fad3cc1682865,2026-3071,Sao Paulo,20260323,Clay,O,F,31,B0FV,Roman Andres Burruchaga,R,24.161,101,619,F0F2,Jaime Faria,R,22.628,157,381,1,6-7(5) 6-4 6-4,3,TRAIN
f2cf0ffaf9379b7809a24f145d44cb92b3fec6c35ca0828746f63a5ceb6bfc74,2026-5016,Bucaramanga,20260323,Clay,O,R32,1,F0FL,Bruno Fernandez,R,21.656,697,46,J0AW,Guido Ivan Justo,R,28.263,278,185,0,7-6(5) 6-4,3,TRAIN
da5588452547dd69e69d1b3d79008f9624039e6d3ed56595d0dfe1d7ae1c7749,2026-5016,Bucaramanga,20260323,Clay,O,R32,2,N0BU,Daniel Antonio Nunez,R,24.805,691,46,S0EK,Matias Soto,R,26.905,323,155,0,6-1 7-6(9),3,TRAIN
efd20c996fcd748f2152d67c4a73cc3d87d4c26ffbb1f886d5690495b96adfc6,2026-5016,Bucaramanga,20260323,Clay,O,R32,3,H0HU,Samuel Heredia,R,19.792,734,42,R0BT,Franco Roncadelli,L,26.125,332,150,0,4-6 6-3 6-4,3,TRAIN
0278a63692a30d25ef5114c3c35831569b08b1fb1070c64667e8369c8591e9e8,2026-5016,Bucaramanga,20260323,Clay,O,R32,4,K0DB,Cannon Kingsley,R,24.879,448,101,S0BT,Adria Soriano Barrera,R,26.806,368,125,1,6-3 6-7(5) 6-3,3,TRAIN
e58ef70cd3ade050c47fcf12a4ac966eabb449a4cce8443377de6027c7a19ee6,2026-5016,Bucaramanga,20260323,Clay,O,R32,5,E0DI,Juan Estevez,R,20.498,436,104,J620,Maxime Janvier,R,29.426,544,72,0,6-4 6-1,3,TRAIN
4c74948c410a6f97942e4d759f7a440f2af32cf4c44b75a59c6345c60afb4d8f,2026-5016,Bucaramanga,20260323,Clay,O,R32,6,L0DO,Christopher Li,R,22.689,1015,16,L0LD,Samuel Alejandro Linde Palacios,R,18.409,765,38,1,6-2 6-4,3,TRAIN
d1ab33edf7c02e9412e7402822de85834f05db53893fbd4ad3b7c5c39ec4acad,2026-5016,Bucaramanga,20260323,Clay,O,R32,7,G0MH,Benjamin Thomas George,L,23.255,936,21,M09M,Ivan Marrero Curbelo,R,27.485,536,74,0,6-3 2-6 6-3,3,TRAIN
341804f67cf805d3fab0df69340e0b273d89e1c9ffa24552f7fe9ac74cb9ba33,2026-5016,Bucaramanga,20260323,Clay,O,R32,8,N830,Johan Nikles,R,28.999,554,70,T0H5,Benjamin Torrealba,L,20.747,725,43,1,7-5 3-6 6-2,3,TRAIN
ea36f1fa82c01ffe658bf72c61cb2585451ae695f1d489b3f98a2cf9b7cbf060,2026-5016,Bucaramanga,20260323,Clay,O,R32,9,O560,Juan Sebastian Osorio,R,28.438,995,17,S0GM,Daniel Salazar,R,25.005,982,18,0,6-2 6-4,3,TRAIN
61c0c2f59baffb82e6305de9f1f2b54dbd46af4418d4a37a7092783ca4f6a1e3,2026-5016,Bucaramanga,20260323,Clay,O,R32,10,O659,Vladyslav Orlov,R,30.85,507,82,V0F6,Nicolas Villalon,R,22.084,926,22,0,7-5 7-5,3,TRAIN
e9184fd532aff72044ef9b771fd47bbcf6a5c8ea216d1b2ca71d85ba58f6b8c5,2026-5016,Bucaramanga,20260323,Clay,O,R32,11,CN15,Felix Corwin,R,29.823,737,41,L0GR,Juan Manuel La Serna,L,22.127,341,143,0,6-3 7-5,3,TRAIN
578992e3a5e65801e67bb9270fd1f9acf49bfc311e8deb27e99f611129ce9767,2026-5016,Bucaramanga,20260323,Clay,O,R32,12,A0G7,Valerio Aboian,L,23.773,467,96,J0B5,Garrett Johns,R,25.262,348,139,0,6-2 5-7 6-4,3,TRAIN
7f2c82c8bae3db94ca8433cc67d93b2ba079986cfad2dbe86072031704efebc2,2026-5016,Bucaramanga,20260323,Clay,O,R32,13,A0IK,Luciano Emanuel Ambrogi,R,22.341,441,103,S0IV,Paulo Andre Saraiva Dos Santos,R,25.747,594,63,1,7-5 6-0,3,TRAIN
208658af97efe3f65e3fb5309a1753835562fc64aaa55604bbda489b1444681a,2026-5016,Bucaramanga,20260323,Clay,O,R32,14,BP79,Peter Bertran,R,30.048,711,44,HH08,Sergio Luis Hernandez Ramirez,R,26.568,1654,2,1,6-4 3-6 6-4,3,TRAIN
8e1511e48c5c4d296d977ae0dbc4abbe55c28ae1f7ab11d46badd136aa2e1b02,2026-5016,Bucaramanga,20260323,Clay,O,R32,15,GB41,Juan Sebastian Gomez,,34.048,577,65,R0BC,Lorenzo Joaquin Rodriguez,R,26.48,523,78,0,6-2 6-1,3,TRAIN
cea2a8ced6a3e0a456554fb56e71a7c18e1a0159e63bf4970049a7553977a85f,2026-5016,Bucaramanga,20260323,Clay,O,R32,16,RH73,Frazier Rengifo,R,27.173,1364,5,Z0DA,Carlos Maria Zarate,R,20.98,586,64,0,6-1 6-3,3,TRAIN
cae8b43f81a944aeb597c09e574db5a9cc8494e5c5e4df1195ed2a18e0e1aeec,2026-5016,Bucaramanga,20260323,Clay,O,R16,17,J0AW,Guido Ivan Justo,R,28.263,278,185,M09M,Ivan Marrero Curbelo,R,27.485,536,74,1,6-4 6-2,3,TRAIN
7d9bd0e9ea22e8de2a4771f02f1ba41ef8c6f6c0a954def699765829946e9008,2026-5016,Bucaramanga,20260323,Clay,O,R16,18,BP79,Peter Bertran,R,30.048,711,44,S0EK,Matias Soto,R,26.905,323,155,0,7-6(7) 6-0,3,TRAIN
5c6ac431a17468e752dd938917ccf542c4126a49f511b075c76c88e604f5d357,2026-5016,Bucaramanga,20260323,Clay,O,R16,19,L0DO,Christopher Li,R,22.689,1015,16,R0BT,Franco Roncadelli,L,26.125,332,150,0,6-7(3) 6-1 6-1,3,TRAIN
47aef1378263ff06e57f2a42492d3ef96aa0d1f864cd06e7f79b160c8975269b,2026-5016,Bucaramanga,20260323,Clay,O,R16,20,L0GR,Juan Manuel La Serna,L,22.127,341,143,Z0DA,Carlos Maria Zarate,R,20.98,586,64,1,6-3 6-7(5) 6-1,3,TRAIN
6262d6a9969da09d300610964b4e65178c38f34ee23633147bb3725523aef2ec,2026-5016,Bucaramanga,20260323,Clay,O,R16,21,J0B5,Garrett Johns,R,25.262,348,139,R0BC,Lorenzo Joaquin Rodriguez,R,26.48,523,78,0,6-2 6-1,3,TRAIN
9b4109783d28a49aae7024c62a135cd769ad624cc2be7205ce17d62265897df4,2026-5016,Bucaramanga,20260323,Clay,O,R16,22,A0IK,Luciano Emanuel Ambrogi,R,22.341,441,103,S0GM,Daniel Salazar,R,25.005,982,18,0,6-0 6-3,3,TRAIN
bf22b0b74383a77aa356fa0d5c36f6113ca7a92b234362441817531f605a341d,2026-5016,Bucaramanga,20260323,Clay,O,R16,23,K0DB,Cannon Kingsley,R,24.879,448,101,N830,Johan Nikles,R,28.999,554,70,0,6-4 6-3,3,TRAIN
9fd2cd29987102c915c48184f3ee2c2fecf03b1fa55a333c87b46a8f5853a0a6,2026-5016,Bucaramanga,20260323,Clay,O,R16,24,J620,Maxime Janvier,R,29.426,544,72,V0F6,Nicolas Villalon,R,22.084,926,22,0,6-4 6-1,3,TRAIN
b7cf026a7b0705d46f70a65ba3e48d2c3443fa6305226555cc0e9aae94d6c7f3,2026-5016,Bucaramanga,20260323,Clay,O,QF,25,J0AW,Guido Ivan Justo,R,28.263,278,185,N830,Johan Nikles,R,28.999,554,70,1,6-2 6-0,3,TRAIN
dc29e3efcc32f1a28fc18df575d4da6bf0f989b14dd66a28801e5337cf6fb8c0,2026-5016,Bucaramanga,20260323,Clay,O,QF,26,S0EK,Matias Soto,R,26.905,323,155,S0GM,Daniel Salazar,R,25.005,982,18,1,7-5 6-1,3,TRAIN
01287d1720a509127c4cbafcdb2348bba346dde4a8d1aeae6db85e6487363f08,2026-5016,Bucaramanga,20260323,Clay,O,QF,27,R0BC,Lorenzo Joaquin Rodriguez,R,26.48,523,78,R0BT,Franco Roncadelli,L,26.125,332,150,0,2-6 6-3 6-2,3,TRAIN
f953a0d11b441d181046e2e6e61b8ca4fc5767fcfec69ed55e062aadb2b70d7a,2026-5016,Bucaramanga,20260323,Clay,O,QF,28,L0GR,Juan Manuel La Serna,L,22.127,341,143,V0F6,Nicolas Villalon,R,22.084,926,22,0,4-6 7-5 6-4,3,TRAIN
1bd1b79102aed15130a2c2a4613877b1026c3efbf6dd075bac99709216f7ec72,2026-5016,Bucaramanga,20260323,Clay,O,SF,30,S0EK,Matias Soto,R,26.905,323,155,V0F6,Nicolas Villalon,R,22.084,926,22,1,6-3 6-3,3,TRAIN
940e1952d881d70148c64133436dd41d353b2064ac96d97691288711c87deb99,2026-5016,Bucaramanga,20260323,Clay,O,F,31,J0AW,Guido Ivan Justo,R,28.263,278,185,S0EK,Matias Soto,R,26.905,323,155,0,6-3 6-3,3,TRAIN
a1ef5a7f3c802fd2178063f766909ce8017249ce09d3ab78cebb41f82656dceb,2026-8388,Split,20260323,Clay,O,R32,1,D0L3,Matej Dodig,R,20.676,214,271,LI10,Christian Langmo,R,29.807,454,100,1,3-6 7-5 6-2,3,TRAIN
efe8e5b52c6b1f1a6a2c038143d310dc82f514ef062b2e3f3e46d378a87f6f83,2026-8388,Split,20260323,Clay,O,R32,2,L0CF,George Loffhagen,R,24.925,221,256,V0GR,Alexander Vasilev,L,18.858,1008,16,0,7-5 6-4,3,TRAIN
e2c385f058a779414a94e5e460727934d5c1ff7e7995e90331b378b22a549a9a,2026-8388,Split,20260323,Clay,O,R32,3,M0R4,Juan Cruz Martin Manzano,L,21.268,605,60,N0CS,Lukas Neumayer,R,23.543,225,247,0,7-6(4) 6-3,3,TRAIN
f63e6ac502198146a3b10dc979b137117acc3873e74ad901ca5b75c6e3e46ef4,2026-8388,Split,20260323,Clay,O,R32,4,F840,Nerman Fatic,R,31.411,234,237,KC33,Dimitar Kuzmanov,R,32.652,312,164,0,6-3 6-1,3,TRAIN
6d84dfffb94697d7bac1c41704632aacf1c6fc054a53e6bd2ced67768e77f90e,2026-8388,Split,20260323,Clay,O,R32,5,M0E1,Daniel Michalski,R,26.196,264,201,SN54,Frederico Ferreira Silva,L,31.014,238,231,0,6-4 6-2,3,TRAIN
ba230966ea7ec062163347b5e6cc5ef2860bf73bc9d5a5db2bf162df3ffa2ee9,2026-8388,Split,20260323,Clay,O,R32,6,CG33,Kimmer Coppejans,R,32.12,244,226,K0DP,Oleksii Krutykh,R,26.034,616,58,1,6-3 6-2,3,TRAIN
5298120011c5d178240283480e09f09eb267304c6d863991b5706d672aee71ba,2026-8388,Split,20260323,Clay,O,R32,7,A0CJ,Duje Ajdukovic,R,25.125,315,161,C0MH,Gerard Campana Lee,R,21.473,600,62,1,7-6(1) 6-1,3,TRAIN
7d6e45776c800b069a670aad31bdf78a600692e71edd4430ffed69b6f2adc496,2026-8388,Split,20260323,Clay,O,R32,8,C0HB,Eliakim Coulibaly,L,23.882,284,181,S0UM,Josip Simundza,L,21.254,731,42,1,6-3 4-6 6-3,3,TRAIN
45f3c368b1cc5df82748495a2b037b90287f4ed4f14fa8fafe685d11d88f615a,2026-8388,Split,20260323,Clay,O,R32,9,K0CJ,Sandro Kopp,R,25.823,305,169,KI48,Ergi Kirkin,R,27.151,604,60,1,6-4 6-1,3,TRAIN
8254f8d8f366eaf3077dd07712955af6b818d60d194b6d3858f556467af7626c,2026-8388,Split,20260323,Clay,O,R32,10,M0SE,Maxim Mrva,R,18.639,270,195,R0FP,Daniel Rincon,L,23.206,291,177,1,6-4 6-4,3,TRAIN
1257ea359e690e80a93bebd0748dfde08efa430efd958dc2489ecbebe3996b6a,2026-8388,Split,20260323,Clay,O,R32,11,I0BV,Emanuel Ivanisevic,,18.445,1478,4,P0GQ,Mili Poljicak,R,21.692,390,119,0,6-2 4-6 6-2,3,TRAIN
cb3b02e4f282b0f432be1f2d45634241f76b01e4fb30d575eabd1adee82ad4ce,2026-8388,Split,20260323,Clay,O,R32,12,O656,Adrian Oetzbach,R,28.397,636,55,R0HK,Filippo Romano,R,20.709,383,121,0,6-3 7-6(4),3,TRAIN
131bfc2d2a44f102aa268e176468bec2901c4487601e5b3dbb6bea6bd8647095,2026-8388,Split,20260323,Clay,O,R32,13,F0BT,Jonas Forejtek,R,25.035,343,142,G0IB,Tom Gentzsch,R,22.546,248,221,0,7-5 6-1,3,TRAIN
8e78e540de40168ead29db77e30686f31b0ce3640fb26d34535732877f2018c7,2026-8388,Split,20260323,Clay,O,R32,14,G0EU,Felix Gill,L,23.808,252,216,K0FY,Martin Krumich,R,23.239,335,148,1,6-3 7-5,3,TRAIN
e49e10e9db217045bae1db88a861b9c6374ea720022d993f3c24974b998e0bd1,2026-8388,Split,20260323,Clay,O,R32,15,BU10,Jacopo Berrettini,R,27.318,304,169,G0GW,Sascha Gueymard Wayenburg,R,22.642,267,196,0,6-1 6-0,3,TRAIN
68a3db7f423a7bbca7439d6011d46c7d06744da53d29ad1d83e19223738faead,2026-8388,Split,20260323,Clay,O,R32,16,N0DB,Andrej Nedic,R,21.432,296,174,SO20,Jelle Sels,R,30.617,449,101,1,6-1 6-4,3,TRAIN
794d8cca2e6d733872dac27aaed3a165ce46604bd2cb4465513a5ce3ccb55449,2026-8388,Split,20260323,Clay,O,R16,17,A0CJ,Duje Ajdukovic,R,25.125,315,161,N0CS,Lukas Neumayer,R,23.543,225,247,0,6-2 6-3,3,TRAIN
5667ac6bf31ae57b72dff5bf92167ff8c889bddb5f1fc7946037e82c4ff64219,2026-8388,Split,20260323,Clay,O,R16,18,CG33,Kimmer Coppejans,R,32.12,244,226,M0SE,Maxim Mrva,R,18.639,270,195,1,6-4 2-6 7-6(3),3,TRAIN
72301e6f179834589b3f2b9b3e0aded68b3fe1ba0c41adf1e08e60080c969123,2026-8388,Split,20260323,Clay,O,R16,19,G0IB,Tom Gentzsch,R,22.546,248,221,R0HK,Filippo Romano,R,20.709,383,121,1,7-6(8) 6-0,3,TRAIN
fd29caac7b7637e265633f5df0f257c50c8331e9aa8161303e6c20d0e8863186,2026-8388,Split,20260323,Clay,O,R16,20,C0HB,Eliakim Coulibaly,L,23.882,284,181,V0GR,Alexander Vasilev,L,18.858,1008,16,0,6-3 6-2,3,TRAIN
978affea3e6cf96e4e1d275a89cc4741b0f0bbc9f347c23e50775036b2c2fef4,2026-8388,Split,20260323,Clay,O,R16,21,D0L3,Matej Dodig,R,20.676,214,271,K0CJ,Sandro Kopp,R,25.823,305,169,1,6-4 3-6 6-2,3,TRAIN
71f861b90d555555a414239f509de112482211bb37c51d2abd11d7eff3a2dd91,2026-8388,Split,20260323,Clay,O,R16,22,G0GW,Sascha Gueymard Wayenburg,R,22.642,267,196,SN54,Frederico Ferreira Silva,L,31.014,238,231,1,2-6 6-3 6-4,3,TRAIN
3c6a1872fe0e19239fb48bb5345574044576528147f9923426c491607a02042f,2026-8388,Split,20260323,Clay,O,R16,23,G0EU,Felix Gill,L,23.808,252,216,P0GQ,Mili Poljicak,R,21.692,390,119,0,6-1 6-2,3,TRAIN
8e5e6db6d3bee918fa686b75aa6259d4336d9f1d52d54d6d201fbe84b3e52aa0,2026-8388,Split,20260323,Clay,O,R16,24,KC33,Dimitar Kuzmanov,R,32.652,312,164,N0DB,Andrej Nedic,R,21.432,296,174,0,7-6(10) 6-1,3,TRAIN
bc83f60bc09a8178ea315caebed5faa3d7808781092881cbdf292a6b00210ae0,2026-8388,Split,20260323,Clay,O,QF,26,CG33,Kimmer Coppejans,R,32.12,244,226,N0CS,Lukas Neumayer,R,23.543,225,247,1,6-4 6-3,3,TRAIN
720524c72f90b113dda30dba35cef09d14481c438ef25c59301ae26588679459,2026-8388,Split,20260323,Clay,O,QF,27,G0IB,Tom Gentzsch,R,22.546,248,221,V0GR,Alexander Vasilev,L,18.858,1008,16,1,6-0 6-2,3,TRAIN
e2f57dceec76e10a19dd633a3593256147e3623cedfb0168687cb8d7afb29aab,2026-8388,Split,20260323,Clay,O,QF,28,G0GW,Sascha Gueymard Wayenburg,R,22.642,267,196,N0DB,Andrej Nedic,R,21.432,296,174,1,6-1 7-5,3,TRAIN
e253a0a23e3e5b1e43e325b47756fcb8e2acf711877f8d2da9fe97f8a07bdd91,2026-8388,Split,20260323,Clay,O,SF,29,CG33,Kimmer Coppejans,R,32.12,244,226,P0GQ,Mili Poljicak,R,21.692,390,119,0,3-6 6-4 6-4,3,TRAIN
ac69a6e5592a5fe0ef1b8c72a11313b73bc9e71887f958c7cb1209c95041c058,2026-8388,Split,20260323,Clay,O,SF,30,G0GW,Sascha Gueymard Wayenburg,R,22.642,267,196,G0IB,Tom Gentzsch,R,22.546,248,221,0,7-5 6-4,3,TRAIN
0545e1ada8e23e068e013698841baf80f8087c50fbded7c1d14a13054b421d15,2026-8388,Split,20260323,Clay,O,F,31,G0IB,Tom Gentzsch,R,22.546,248,221,P0GQ,Mili Poljicak,R,21.692,390,119,0,6-4 6-4,3,TRAIN
2c3692a1de4d2f2b0496a16c9ba5d13377340900607c9e5f570c356b86cfc829,2026-213,San Luis Potosi,20260330,Clay,O,R32,1,A09P,Alafia Ayeni,R,26.637,495,85,S0N0,Tristan Schoolkate,R,25.087,119,536,0,6-7(10) 6-3 6-2,3,TRAIN
880e2681db6dc9268b3d61ff1bb744e4e2087b681c5367c0c88ca07ec15a5702,2026-213,San Luis Potosi,20260330,Clay,O,R32,2,H0CD,Alex Hernandez,R,26.768,483,88,M0AW,Nicolas Mejia,R,26.13,171,354,0,6-3 6-7(3) 6-3,3,TRAIN
c1e50d6d93828fb343a2a98a61e0238f725d551648ef206b98b8ee0cbe9cf8a5,2026-213,San Luis Potosi,20260330,Clay,O,R32,3,D0AR,Mateus Alves,R,25.18,500,84,FA43,Juan Pablo Ficovich,R,29.177,198,298,0,6-0 6-2,3,TRAIN
6bb0615ee1d8024cfeb4973a0d788521a64f0d316629f7df338fd62c90340f85,2026-213,San Luis Potosi,20260330,Clay,O,R32,4,F0CK,Andrew Fenty,R,26.059,422,111,P0AY,Luka Pavlovic,R,25.999,209,284,0,6-3 7-6(3),3,TRAIN
415cc9345d5950eacf1a064d0b7bb2bb561398f35ac5b3d48cbb93b0b1f1ba1b,2026-213,San Luis Potosi,20260330,Clay,O,R32,5,KE64,Stefan Kozlov,R,28.156,258,207,M0HD,Alan Magadan,R,24.843,744,40,0,6-3 7-6(7),3,TRAIN
a4721387f7278f412d39824c409fddc49f54689470543182423f5924a6cc6694,2026-213,San Luis Potosi,20260330,Clay,O,R32,6,A0KH,Rodrigo Alujas,R,23.592,707,45,W0ER,Theodore Winegar,R,24.72,,,1,7-6(4) 7-5,3,TRAIN
e21183dec406ecad61392656b33fb60f526fed59845cd11e19a3f8c2f3fe04ec,2026-213,San Luis Potosi,20260330,Clay,O,R32,7,DF92,Corentin Denolly,L,28.813,398,119,M0I0,Maxwell Mckennon,L,23.869,534,75,1,7-6(3) 6-3,3,TRAIN
1bc7cdc67fd9e1bade7445956b2ce10e6e6bec8c3c0f9a22c4acfbd467fd9d8a,2026-213,San Luis Potosi,20260330,Clay,O,R32,8,DC38,Jake Delaney,R,28.876,502,84,M09M,Ivan Marrero Curbelo,R,27.504,543,71,0,6-2 6-4,3,TRAIN
d1d5d6023ae0b57bbe2ee05f232397545d13949de0edb0065e9a04220baba7c1,2026-213,San Luis Potosi,20260330,Clay,O,R32,9,C0I4,Tibo Colson,R,25.714,512,81,P0J1,Rodrigo Pacheco Mendez,L,20.928,279,186,0,6-4 6-2,3,TRAIN
a72c8b2ac11065eb2226178ffd211fbcd44d4ad46f6d2e004f013aa72d8c2c59,2026-213,San Luis Potosi,20260330,Clay,O,R32,10,O659,Vladyslav Orlov,R,30.869,523,78,S0EK,Matias Soto,R,26.924,374,127,0,6-1 6-2,3,TRAIN
1a7ccd9b2487c85598db186b75aded4b0bafb05a97b90d8a154323c327856c9e,2026-213,San Luis Potosi,20260330,Clay,O,R32,11,MW18,Nicolas Moreno De Alboran,R,28.709,536,74,T0I3,Miguel Tobon,R,19.778,499,84,0,6-1 6-2,3,TRAIN
6137f685602de9e0a41a7619895b437baf07edbde7dd9b51c42ff46e6f40425e,2026-213,San Luis Potosi,20260330,Clay,O,R32,12,D994,James Duckworth,R,34.188,97,638,RH88,Alan Fernando Rubio Fierros,R,27.151,565,67,1,6-1 6-1,3,TRAIN
a0e5f6ea4385e7172b0903c667a459a547bcaa86b1330b2b2f702d1dd884c06b,2026-213,San Luis Potosi,20260330,Clay,O,R32,13,HH06,Marc-Andrea Huesler,L,29.763,219,258,M0C2,Dan Martin,R,26.891,384,124,0,7-6(2) 7-6(5),3,TRAIN
8253d9f15947ea5edf96a1d24e7c3200cda5fc5361d7bd82f45c19a2eccc59c8,2026-213,San Luis Potosi,20260330,Clay,O,R32,14,MJ98,Facundo Mena,R,33.517,302,168,N679,Stefano Napolitano,R,30.968,300,168,1,6-4 6-0,3,TRAIN
c28b5b943a6df5d9a9ca2ab225afbf71bd047c913c23891815591228bb2dc1c8,2026-213,San Luis Potosi,20260330,Clay,O,R32,15,W0BB,Max Wiskandt,R,24.156,446,100,Z09F,Patrick Zahraj,R,26.702,399,119,0,6-4 6-4,3,TRAIN
d22a0d4fd1b88ffb060f46553c68b50a71ab2667d53a9c90ccaad91e6929bf04,2026-213,San Luis Potosi,20260330,Clay,O,R32,16,C0JT,Robin Catry,R,24.066,486,87,Z09Z,Beibit Zhukayev,R,25.462,350,137,0,7-6(7) 1-6 6-4,3,TRAIN
e6b8ac5e771adfd2f4aa45916351af89c494ae147cbcdcb7d16df83e2249150c,2026-213,San Luis Potosi,20260330,Clay,O,R16,17,A0KH,Rodrigo Alujas,R,23.592,707,45,M0AW,Nicolas Mejia,R,26.13,171,354,0,6-0 6-2,3,TRAIN
88693442edc72ac829267eb23060f4a27fd8132f943c0775a3bc1b20d0e9c85b,2026-213,San Luis Potosi,20260330,Clay,O,R16,18,FA43,Juan Pablo Ficovich,R,29.177,198,298,M09M,Ivan Marrero Curbelo,R,27.504,543,71,1,6-1 6-4,3,TRAIN
9e5f5b55b850ba31d77ad153c4d8dbe38aa754918773f5b371eb5f58ecea2ef5,2026-213,San Luis Potosi,20260330,Clay,O,R16,19,P0AY,Luka Pavlovic,R,25.999,209,284,P0J1,Rodrigo Pacheco Mendez,L,20.928,279,186,0,4-6 6-3 6-0,3,TRAIN
827fca543bfa39b93c116b784d46130d7b96fde7bd5af1c065377a9b8f8bbc46,2026-213,San Luis Potosi,20260330,Clay,O,R16,20,M0HD,Alan Magadan,R,24.843,744,40,S0EK,Matias Soto,R,26.924,374,127,0,7-6(3) 2-6 6-3,3,TRAIN
ea598893321c73b1717d081fc7e1c1125dd7ea74b41543090018e84d93c5e664,2026-213,San Luis Potosi,20260330,Clay,O,R16,21,D994,James Duckworth,R,34.188,97,638,T0I3,Miguel Tobon,R,19.778,499,84,1,6-4 6-3,3,TRAIN
1dd6216725adcacecb303366b2f9fe35b954357ded33708edec1a5bec4d7258c,2026-213,San Luis Potosi,20260330,Clay,O,R16,22,DF92,Corentin Denolly,L,28.813,398,119,S0N0,Tristan Schoolkate,R,25.087,119,536,0,6-1 6-2,3,TRAIN
244963ed50130f67798c386ad7fb9b8b44f99256ee49597ee65f270572a458a3,2026-213,San Luis Potosi,20260330,Clay,O,R16,23,MJ98,Facundo Mena,R,33.517,302,168,Z09F,Patrick Zahraj,R,26.702,399,119,1,6-2 6-1,3,TRAIN
a5b00245c483b369bac380a25a7da5e62a2f022164c582420792131883b6cca5,2026-213,San Luis Potosi,20260330,Clay,O,R16,24,M0C2,Dan Martin,R,26.891,384,124,Z09Z,Beibit Zhukayev,R,25.462,350,137,0,7-6(3) 6-7(6) 6-4,3,TRAIN
5b7ea78fc481b34f16dbe1fd67b68f4861342678cc3bdc2eb6d10aa6a2d52fe0,2026-213,San Luis Potosi,20260330,Clay,O,QF,25,D994,James Duckworth,R,34.188,97,638,Z09Z,Beibit Zhukayev,R,25.462,350,137,1,6-2 6-3,3,TRAIN
5c4c68468a1c81016930d6e519d54eb65d3610440af13966046e54b7b08d890e,2026-213,San Luis Potosi,20260330,Clay,O,QF,26,MJ98,Facundo Mena,R,33.517,302,168,S0N0,Tristan Schoolkate,R,25.087,119,536,0,2-6 6-2 7-6(2),3,TRAIN
60d9e142034e3451a75458e168c10069a919d1c6e8db30c9c8bb6a9e11dd8fb2,2026-213,San Luis Potosi,20260330,Clay,O,QF,27,M0AW,Nicolas Mejia,R,26.13,171,354,S0EK,Matias Soto,R,26.924,374,127,1,7-6(5) 6-4,3,TRAIN
d51b504a14273a7d40035ccab48c94784cd7b1c89a4e9824d8427da68d17832f,2026-213,San Luis Potosi,20260330,Clay,O,QF,28,FA43,Juan Pablo Ficovich,R,29.177,198,298,P0J1,Rodrigo Pacheco Mendez,L,20.928,279,186,0,3-6 6-1 6-4,3,TRAIN
90988e782937f5feb91d9fda9794a80a5026caa056089b690d30d41fd09ffaa3,2026-213,San Luis Potosi,20260330,Clay,O,SF,29,D994,James Duckworth,R,34.188,97,638,P0J1,Rodrigo Pacheco Mendez,L,20.928,279,186,1,4-6 6-3 7-6(7),3,TRAIN
15041abd683ffe477b4607d6e0f4382cc061baa8e332d01e276764a45a12a0fa,2026-213,San Luis Potosi,20260330,Clay,O,SF,30,M0AW,Nicolas Mejia,R,26.13,171,354,S0N0,Tristan Schoolkate,R,25.087,119,536,1,6-7(3) 6-2 7-6(3),3,TRAIN
bfe56cf7e9fc0e8550a214c35cd19241d217a74d04ed2c82edf0da5a1653cda6,2026-213,San Luis Potosi,20260330,Clay,O,F,31,D994,James Duckworth,R,34.188,97,638,M0AW,Nicolas Mejia,R,26.13,171,354,0,7-6(6) 6-2,3,TRAIN
aaf83dfcd61bc856bdeaea82cbfba46a0615948bea604157acb8a8274085879d,2026-2821,Sao Leopoldo,20260330,Clay,O,R32,1,BS86,Tomas Barrios Vera,R,28.301,118,553,DC48,Murkel Dellien,R,28.534,306,164,0,6-4 6-3,3,TRAIN
6f84d5998f9bc710d91fa6d8b1b421da74d93aa535367b405bb2742c84d9a3c2,2026-2821,Sao Leopoldo,20260330,Clay,O,R32,2,DA31,Hugo Dellien,R,32.786,159,378,R09V,Eduardo Ribeiro,R,28.036,352,137,1,4-6 6-1 6-2,3,TRAIN
6d6c23c9724a75addc982472879a620bba763c5ea8032998ae878583d8fe07d7,2026-2821,Sao Leopoldo,20260330,Clay,O,R32,3,P0IY,Juan Carlos Prado Angelo,R,21.065,195,303,SG56,Daniel Dutra da Silva,L,37.733,361,131,1,6-4 7-6(6),3,TRAIN
0775b86be581f89064b9f9aeb503ca4106fac73d2c8c204c2d38c4ec2a2202f9,2026-2821,Sao Leopoldo,20260330,Clay,O,R32,4,A0IK,Luciano Emanuel Ambrogi,R,22.36,387,123,G0DH,Alvaro Guillen Meza,R,23.239,211,282,0,3-6 6-4 7-6(4),3,TRAIN
ec008a0ba066bb5e6767ad9b3ee92ebfd5281e990034999d5a4f8bf0d44b775c,2026-2821,Sao Leopoldo,20260330,Clay,O,R32,5,D0CG,Facundo Diaz Acosta,L,25.287,222,255,D0DK,Santiago De La Fuente,R,24.142,685,47,1,6-3 6-2,3,TRAIN
e93eaff1254fe76c30f8f6fc6afc8b610ecdb502e7634c1786cf394393d9dff7,2026-2821,Sao Leopoldo,20260330,Clay,O,R32,7,B0FI,Pedro Boscardin Dias,R,23.168,239,229,H0DU,Gustavo Heide,R,24.082,284,181,0,6-1 6-3,3,TRAIN
c7884b6c72684ae8c6784adf8d58b0c8401377b33925c99b77875429ec75984f,2026-2821,Sao Leopoldo,20260330,Clay,O,R32,8,HG90,Conner Huertas del Pino,R,30.275,739,40,SL94,Pedro Sakamoto,R,32.75,424,110,1,6-4 6-3,3,TRAIN
46e7ed267d395f7fa41085bf5998d34b0f0335a00d1beefa3977c8310645661b,2026-2821,Sao Leopoldo,20260330,Clay,O,R32,9,J0AW,Guido Ivan Justo,R,28.282,292,175,L0GR,Juan Manuel La Serna,L,22.146,367,128,0,7-6(4) 2-6 6-2,3,TRAIN
311b200526e2c6c82eeee675702e5db45c20b02a28498339d49a0655ae2d7e0a,2026-2821,Sao Leopoldo,20260330,Clay,O,R32,10,N830,Johan Nikles,R,29.018,541,73,S0T1,Joao Eduardo Schiessl,L,21.61,442,105,1,3-6 6-3 6-0,3,TRAIN
906e874d2be95ad6a9ce43c77a89a0e0a2bbf894cceed9bb4fa19028034b89ac,2026-2821,Sao Leopoldo,20260330,Clay,O,R32,11,R0BC,Lorenzo Joaquin Rodriguez,R,26.5,501,84,Z0CO,Maximo Zeitune,R,20.156,698,46,1,7-6(4) 6-3,3,TRAIN
c010dca7aec49fa9c04cb31862c6d85e5304f28e3da1bd749940f3e85cb1706c,2026-2821,Sao Leopoldo,20260330,Clay,O,R32,12,V836,Juan Pablo Varillas,R,30.48,268,196,Z0DA,Carlos Maria Zarate,R,20.999,547,71,1,6-3 6-3,3,TRAIN
fa8b750d4428ac387ca10b87e6e84eb82405caf7d444f6a0275bd1e2d49c4a5d,2026-2821,Sao Leopoldo,20260330,Clay,O,R32,13,B0GR,Gonzalo Bueno,R,21.988,206,287,S0IV,Paulo Andre Saraiva Dos Santos,R,25.766,583,64,0,6-2 3-6 6-4,3,TRAIN
8f164c58b9e986d8d462132b6aece36fd79ff3554acb19fe52a2a4282f12d7b7,2026-2821,Sao Leopoldo,20260330,Clay,O,R32,14,F0FL,Bruno Fernandez,R,21.676,645,53,M0OH,Lautaro Midon,R,22.001,217,268,0,6-3 3-6 6-4,3,TRAIN
b99c5b1ef2f8cbd4b6c76e4af550dd1b4c703b8b2304a7a5fe342a4e79e74c82,2026-2821,Sao Leopoldo,20260330,Clay,O,R32,16,A0G7,Valerio Aboian,L,23.792,506,83,V821,Gonzalo Villanueva,R,31.209,376,127,0,6-7(5) 6-1 6-3,3,TRAIN
05702236e50ce992ec7d6cff7010b649e6882889e765111660e0abed04811843,2026-2821,Sao Leopoldo,20260330,Clay,O,R16,17,H0DU,Gustavo Heide,R,24.082,284,181,P0IY,Juan Carlos Prado Angelo,R,21.065,195,303,1,6-4 6-3,3,TRAIN
86733270b5578afdfa45b355ee75a20d2c204933176c3040e9e132289c39c830,2026-2821,Sao Leopoldo,20260330,Clay,O,R16,18,G0DH,Alvaro Guillen Meza,R,23.239,211,282,HG90,Conner Huertas del Pino,R,30.275,739,40,0,6-4 6-4,3,TRAIN
b1d64c24c1d86d72aff42b6b0e14acca3fbfc41ad8da18b8b91c25a50cd11385,2026-2821,Sao Leopoldo,20260330,Clay,O,R16,19,D0CG,Facundo Diaz Acosta,L,25.287,222,255,V836,Juan Pablo Varillas,R,30.48,268,196,1,6-3 7-6(4),3,TRAIN
e97f066b9ec062c76bb711473181aad94f49d543086022758a27de4a488e0957,2026-2821,Sao Leopoldo,20260330,Clay,O,R16,21,DA31,Hugo Dellien,R,32.786,159,378,V821,Gonzalo Villanueva,R,31.209,376,127,1,7-6(2) 6-4,3,TRAIN
b2018b53b62867630871c00ff9778df07f80a667f6e072c38ddb1f7834c42405,2026-2821,Sao Leopoldo,20260330,Clay,O,R16,22,M0OH,Lautaro Midon,R,22.001,217,268,T0DM,Juan Bautista Torres,R,23.992,324,153,1,7-5 6-3,3,TRAIN
d7f9be77fab8b9fc1592adb57f62d2cf89755ef7500dd4c5e2463969eed5082f,2026-2821,Sao Leopoldo,20260330,Clay,O,R16,23,DC48,Murkel Dellien,R,28.534,306,164,N830,Johan Nikles,R,29.018,541,73,1,7-5 6-4,3,TRAIN
f552bf20a22f5347551d1b703ffbd263595a6a741ef966b026b5e626e9b4bc4c,2026-2821,Sao Leopoldo,20260330,Clay,O,R16,24,R0BC,Lorenzo Joaquin Rodriguez,R,26.5,501,84,S0IV,Paulo Andre Saraiva Dos Santos,R,25.766,583,64,0,7-5 3-6 7-6(6),3,TRAIN
71bf5572a5bf28c9da1c75121d3da99b07da223f5385e2e9f80cfc906b041e5d,2026-2821,Sao Leopoldo,20260330,Clay,O,QF,25,DA31,Hugo Dellien,R,32.786,159,378,M0OH,Lautaro Midon,R,22.001,217,268,1,7-6(6) 6-1,3,TRAIN
eef754f7db17d1135f7884f7ca1271d673b7df44b729d55249b48a665fcdfc42,2026-2821,Sao Leopoldo,20260330,Clay,O,QF,26,D0CG,Facundo Diaz Acosta,L,25.287,222,255,HG90,Conner Huertas del Pino,R,30.275,739,40,1,4-6 6-1 6-4,3,TRAIN
57817adbeffadf97c627bdb92e2c3ba24e9f98d271395cd5bb31804259deac6f,2026-2821,Sao Leopoldo,20260330,Clay,O,QF,27,H0DU,Gustavo Heide,R,24.082,284,181,L0GR,Juan Manuel La Serna,L,22.146,367,128,1,6-1 6-1,3,TRAIN
9afb08dbdcc324e0b94ea97001a23e171e1a8c79802e0a17a2cbfdc42d35294e,2026-2821,Sao Leopoldo,20260330,Clay,O,QF,28,DC48,Murkel Dellien,R,28.534,306,164,S0IV,Paulo Andre Saraiva Dos Santos,R,25.766,583,64,0,6-4 6-2,3,TRAIN
90ac3bd8f16fe69dda4060f0fefe8d51b0581c6713aa559d1b370bd633418195,2026-2821,Sao Leopoldo,20260330,Clay,O,SF,29,DA31,Hugo Dellien,R,32.786,159,378,H0DU,Gustavo Heide,R,24.082,284,181,1,6-3 7-5,3,TRAIN
b4c85b50d38e30449ba6f638bab2d585df47a5a26a67693cb60ea0d59f7d6b0b,2026-2821,Sao Leopoldo,20260330,Clay,O,SF,30,D0CG,Facundo Diaz Acosta,L,25.287,222,255,S0IV,Paulo Andre Saraiva Dos Santos,R,25.766,583,64,1,6-3 6-1,3,TRAIN
869bc3f0d49ff2ac5dfc945dfc78270c26242a1ebb6d184f305019dd7ad7101e,2026-2821,Sao Leopoldo,20260330,Clay,O,F,31,D0CG,Facundo Diaz Acosta,L,25.287,222,255,DA31,Hugo Dellien,R,32.786,159,378,1,5-7 6-2 6-4,3,TRAIN
98206c58e5662ce2518324d718fcecc891e14c36c6474ad9db267c4cd0ea1a18,2026-2987,Menorca,20260330,Clay,O,R32,1,C0P0,Sergio Callejon Hernando,R,21.533,509,83,KH56,Zdenek Kolar,R,29.47,183,331,1,5-7 7-6(5) 6-1,3,TRAIN
300f73835aaa94a23afa443c95744fdd91509330e6e437004afee47646c57f45,2026-2987,Menorca,20260330,Clay,O,R32,2,E0DD,Justin Engel,R,18.494,186,317,M0NL,Inaki Montes-De La Torre,R,23.488,397,119,1,7-5 1-6 6-3,3,TRAIN
5e39d0a0a8a3c179b2f924dd1d5d1e52a6ccbea2f9ef12b6aa7ddf16efc33a17,2026-2987,Menorca,20260330,Clay,O,R32,4,D0I6,Yaroslav Demin,R,20.58,704,45,F0BT,Jonas Forejtek,R,25.054,323,153,0,6-1 7-6(2),3,TRAIN
3853ea5af96b18d1d5992c57f77efda050afbe3a16bacb0503a7779a6f8016a5,2026-2987,Menorca,20260330,Clay,O,R32,5,M0GB,Alex Martinez,R,25.029,419,112,P0K4,Tiago Pereira,R,21.774,288,180,1,7-6(3) 6-3,3,TRAIN
712930fbbe803732fc96e8ab0a05b289d2bb782764bbd2bcc9e2097abc0a90e5,2026-2987,Menorca,20260330,Clay,O,R32,6,A0F3,Fabrizio Andaloro,R,25.158,348,139,P0EV,Andrew Paulson,R,24.367,634,54,0,3-6 6-4 6-4,3,TRAIN
19cc29038ff65e0e3fd8e6ef8eb8429bb049e8272488f3e9c15140fa323cb346,2026-2987,Menorca,20260330,Clay,O,R32,7,K0CJ,Sandro Kopp,R,25.843,305,165,S0XE,Alejo Sanchez Quilez,R,20.761,522,78,0,5-7 6-4 6-2,3,TRAIN
c410e90a22d5a685ba9aba4c1ec1ba43dd435662dae2d8378836a5ae30fb3ae8,2026-2987,Menorca,20260330,Clay,O,R32,8,B0MM,Edas Butvilas,R,21.684,267,199,R0EB,Valentin Royer,R,24.835,71,761,0,6-3 7-5,3,TRAIN
874b52bc232b2dd5404e460f91fdd9b4d609b89ee33cfebdd61ad946379b373a,2026-2987,Menorca,20260330,Clay,O,R32,10,CF59,Roberto Carballes Baena,R,33.018,156,385,V0HQ,Felipe Virgili,R,21.188,1584,3,1,6-2 6-1,3,TRAIN
1d2f659cba1a09ea79558c721a2f1f26b9e8ffd00e960cf390dcdbbb0fc1e066,2026-2987,Menorca,20260330,Clay,O,R32,11,R0FP,Daniel Rincon,L,23.225,296,171,SN54,Frederico Ferreira Silva,L,31.034,237,231,1,7-6(2) 6-1,3,TRAIN
eb921973f6dc6c8fff6117d972cbf0c31763b54efe7fc5af3ad4278c808fdeab,2026-2987,Menorca,20260330,Clay,O,R32,12,AA27,Franco Agamenone,R,32.956,282,184,M0HT,Alejandro Moro Canas,R,25.309,234,233,0,6-3 7-6(7),3,TRAIN
32ca01352e8bb8c7b15d9cc01ce0b87df8edb1451977e4fab54383bd64ac4e6d,2026-2987,Menorca,20260330,Clay,O,R32,13,GB93,Norbert Gombos,R,35.628,293,174,GE28,Ivan Gakhov,L,29.399,265,203,0,3-6 6-2 6-1,3,TRAIN
fc10a0e36f19a5dd3c278b5ac137177ff162408bd5ed6c8dc33c8cc64c929a22,2026-2987,Menorca,20260330,Clay,O,R32,14,D0CN,Miguel Damas,R,26.272,271,192,S0NV,Abdullah Shelbayh,L,22.368,297,170,1,3-6 6-3 6-1,3,TRAIN
013ad75d2dcd8764c63eff1be20469fc1e972746650058b29fd8907535fd07d5,2026-2987,Menorca,20260330,Clay,O,R32,15,M0EA,Pol Martin Tiffon,R,26.667,266,199,S0GZ,Nikolas Sanchez Izquierdo,R,27.042,260,206,1,6-1 6-3,3,TRAIN
c756c0a5ef58f9e086f7acbea2d4bb10eab5d12c9198b6b79554e4d5131fb130,2026-2987,Menorca,20260330,Clay,O,R16,17,M0GB,Alex Martinez,R,25.029,419,112,R0EB,Valentin Royer,R,24.835,71,761,1,6-7(7) 6-4 6-3,3,TRAIN
ffa1c48d7058f84b8b101ceb0bf6b2a86c9c51552a362b5f37e905db8d42810e,2026-2987,Menorca,20260330,Clay,O,R16,18,CF59,Roberto Carballes Baena,R,33.018,156,385,F0BT,Jonas Forejtek,R,25.054,323,153,0,2-6 6-1 6-3,3,TRAIN
c0d282cd76965cde07b92d4a22e34b47f8d778bd29319f45df3111663ef9d8a0,2026-2987,Menorca,20260330,Clay,O,R16,19,E0DD,Justin Engel,R,18.494,186,317,S0XE,Alejo Sanchez Quilez,R,20.761,522,78,0,6-0 7-5,3,TRAIN
9495521ca816d85a10c26edf1a71e1d239a728441b5ae4a591b2feb5719bcbcb,2026-2987,Menorca,20260330,Clay,O,R16,20,B0JP,Dali Blanch,R,23.069,403,117,M0HT,Alejandro Moro Canas,R,25.309,234,233,1,7-6(2) 6-2,3,TRAIN
c101f4163b1df461d38ea78d75b00bd4fcb2904c35fca18a16e56cc1868ceea4,2026-2987,Menorca,20260330,Clay,O,R16,21,GE28,Ivan Gakhov,L,29.399,265,203,M0EA,Pol Martin Tiffon,R,26.667,266,199,0,6-1 7-5,3,TRAIN
cead4c32f08e90248f7cf585d49c2c3e78bc982549436333dd7c93cfb418a8c7,2026-2987,Menorca,20260330,Clay,O,R16,22,BV24,Raul Brancaccio,R,28.903,371,128,MW76,Matteo Martineau,R,27.201,340,144,1,6-0 5-7 6-1,3,TRAIN
c737f5a12c3f1d262405e2837091fbce25fde83bca3fba06e716957152daf3dd,2026-2987,Menorca,20260330,Clay,O,R16,23,C0P0,Sergio Callejon Hernando,R,21.533,509,83,P0EV,Andrew Paulson,R,24.367,634,54,1,6-2 6-1,3,TRAIN
621b0a0659a8afad38485e0349285eb9efbab6b2edcd16bc7158efb449c3c6ab,2026-2987,Menorca,20260330,Clay,O,R16,24,D0CN,Miguel Damas,R,26.272,271,192,R0FP,Daniel Rincon,L,23.225,296,171,0,6-2 4-6 6-2,3,TRAIN
53fd11b077f26eb69490ec642cbd08e61bec52daea396d87ec3280009a0005e5,2026-2987,Menorca,20260330,Clay,O,QF,25,B0JP,Dali Blanch,R,23.069,403,117,F0BT,Jonas Forejtek,R,25.054,323,153,1,6-2 6-3,3,TRAIN
254a452b49acb415e9d43e6c8744d8827f49d2b31a68aa39c39447521dacf5b8,2026-2987,Menorca,20260330,Clay,O,QF,26,BV24,Raul Brancaccio,R,28.903,371,128,S0XE,Alejo Sanchez Quilez,R,20.761,522,78,1,1-6 6-1 6-3,3,TRAIN
c0fcf5b3106d05bb6bb3836d7212eda4b46bc457b195fa7a063339fa88a8bede,2026-2987,Menorca,20260330,Clay,O,QF,27,M0EA,Pol Martin Tiffon,R,26.667,266,199,M0GB,Alex Martinez,R,25.029,419,112,0,7-6(5) 6-1,3,TRAIN
fda762915a88726d233a8f1810be0d11a3f91100d9bfe6f932922ff4e0fb10af,2026-2987,Menorca,20260330,Clay,O,QF,28,C0P0,Sergio Callejon Hernando,R,21.533,509,83,R0FP,Daniel Rincon,L,23.225,296,171,0,3-6 6-2 7-5,3,TRAIN
e879388827e14aec00a81dfb6ccbc18a6d092f46444590d2d846396110ba426b,2026-2987,Menorca,20260330,Clay,O,SF,29,B0JP,Dali Blanch,R,23.069,403,117,BV24,Raul Brancaccio,R,28.903,371,128,0,6-3 0-6 7-6(2),3,TRAIN
06bc0e7cadacafea913b72427c5885c72fe5fca208db9eb215f2967399e969a9,2026-2987,Menorca,20260330,Clay,O,SF,30,M0GB,Alex Martinez,R,25.029,419,112,R0FP,Daniel Rincon,L,23.225,296,171,1,7-5 7-5,3,TRAIN
d8a5a9562631f7c8d9243a54800c0f7f24d8914d4dfff4a8b117ab9e676b8d97,2026-2987,Menorca,20260330,Clay,O,F,31,BV24,Raul Brancaccio,R,28.903,371,128,M0GB,Alex Martinez,R,25.029,419,112,1,6-1 6-4,3,TRAIN
008eb672ce62b9f0621541fd85c40b23bc9a82f297f728fa75c7e1d010dbf0f5,2026-7494,Barletta,20260330,Clay,O,R32,1,BV16,Ugo Blanchet,R,27.231,158,382,D0JI,Manas Dhamne,R,18.251,450,99,1,5-7 6-3 6-2,3,TRAIN
d46dd17c8b03213e59f78c08b607bd0ee2af35dc280076a1233e701d30684b82,2026-7494,Barletta,20260330,Clay,O,R32,2,F0A4,Francesco Forti,R,26.678,537,74,SS25,Vitaliy Sachko,R,28.709,169,358,0,6-2 6-1,3,TRAIN
ccf34262747fc3d137b0060f45156ccd146bc8a24f51ef99221ae119ebcd8d25,2026-7494,Barletta,20260330,Clay,O,R32,3,BU70,Remy Bertola,R,27.578,207,286,G0IB,Tom Gentzsch,R,22.565,228,244,1,6-1 6-3,3,TRAIN
a3c367333eec8fbad682cf2e13a9b19767dd9b1232a77d8b776dac35d2c1f4e5,2026-7494,Barletta,20260330,Clay,O,R32,4,B0QC,Gilles Arnaud Bailly,R,20.526,205,288,CG33,Kimmer Coppejans,R,32.14,232,237,0,6-1 7-5,3,TRAIN
c7c62a168aeedbf12f9d91ca9f4f5a9e09e93f807c88b9325de1a4b39e737645,2026-7494,Barletta,20260330,Clay,O,R32,5,CD00,Maxime Chazal,R,32.931,527,76,DG80,Enrico Dalla Valle,R,28.025,447,99,0,4-6 6-3 7-6(4),3,TRAIN
e57d1cfdf1d4daf13e202047318acacbb75e1497dfae6bfbaafa32e4cceb2a57,2026-7494,Barletta,20260330,Clay,O,R32,6,B0PE,Federico Bondioli,L,20.871,318,155,F840,Nerman Fatic,R,31.431,247,216,0,7-6(1) 6-3,3,TRAIN
459d025d3438f4ac260f705eed3ab27d6ca24ac2a66bfe5b731938a8ae19235f,2026-7494,Barletta,20260330,Clay,O,R32,7,K0FY,Martin Krumich,R,23.258,328,151,M0SE,Maxim Mrva,R,18.658,274,189,1,3-6 6-2 6-1,3,TRAIN
0c8c206bf766dffc70e62974660951de5e2b6e5009140654a72d0bbaff6ca644,2026-7494,Barletta,20260330,Clay,O,R32,8,P0GQ,Mili Poljicak,R,21.711,301,168,S0AK,Henri Squire,R,25.503,253,213,1,6-4 6-3,3,TRAIN
da4dcdf9a2a03f0f37ef8de18ae02435de49bf44a287d38355a5f29f783594f3,2026-7494,Barletta,20260330,Clay,O,R32,9,BU10,Jacopo Berrettini,R,27.337,304,166,R0JW,Michele Ribecai,R,23.149,347,140,0,6-1 6-2,3,TRAIN
2b3819287699952c6ecb509bf082fa3ec3c76772e182ef17aaa4872761c9a856,2026-7494,Barletta,20260330,Clay,O,R32,10,GA79,Lorenzo Giustino,R,34.552,210,283,LC12,Laurent Lokoli,R,31.447,432,107,1,6-3 6-4,3,TRAIN
8ee4b32ee3705a2722abfdb4bda07d8133e44f774e4bbf94d3fa9030d65339d1,2026-7494,Barletta,20260330,Clay,O,R32,11,N897,Sumit Nagal,R,28.619,280,185,S0TM,Toby Samuel,R,23.562,172,352,0,6-1 7-6(3),3,TRAIN
e19affa11929d53fb91bbf4dd90a685a5232b83eb72d20202d9971363d2ab3dd,2026-7494,Barletta,20260330,Clay,O,R32,12,G0BY,Daniil Glinka,L,25.881,184,328,K926,Mikhail Kukushkin,R,38.259,278,187,1,6-3 6-3,3,TRAIN
bea15a5f7cbfbc9df57c2c0e3b999ce4b3270bba14b8bc2db934960bfe68ce76,2026-7494,Barletta,20260330,Clay,O,R32,13,CF01,Marco Cecchinato,R,33.495,188,316,R0HK,Filippo Romano,R,20.728,366,129,1,7-5 6-1,3,TRAIN
fcc6c028d28568d55d78e3c649d32cd36ac537319deb16de7d327948726eb65b,2026-7494,Barletta,20260330,Clay,O,R32,14,C0NN,Gianluca Cadenasso,R,21.498,227,244,G0EU,Felix Gill,L,23.828,241,228,0,6-4 6-2,3,TRAIN
e31805a6b5ab86dff32359387b8226f0553d0d7cf2a3b109012635ff769d05df,2026-7494,Barletta,20260330,Clay,O,R32,15,A0CJ,Duje Ajdukovic,R,25.144,291,177,N0CS,Lukas Neumayer,R,23.562,224,253,0,6-3 6-3,3,TRAIN
8bf22a6052bedfe922f8ba1fe2f1c6e2c0824c2698ba0dd434050e2913d3d9e7,2026-7494,Barletta,20260330,Clay,O,R32,16,G0A0,Andrea Guerrieri,L,27.321,377,126,K0HC,Maks Kasnikowski,R,22.732,336,146,1,3-6 6-3 6-4,3,TRAIN
6ce5dd9ee2e9161069cd8befe56d6e53410e810f65ae46bafe4f9a944bdd927b,2026-7494,Barletta,20260330,Clay,O,R16,17,G0A0,Andrea Guerrieri,L,27.321,377,126,R0JW,Michele Ribecai,R,23.149,347,140,0,6-2 6-4,3,TRAIN
476cdcc7c432c1b77e7a98dda4d64148b04005a015f8ec28c1fc5ca6551231af,2026-7494,Barletta,20260330,Clay,O,R16,18,GA79,Lorenzo Giustino,R,34.552,210,283,P0GQ,Mili Poljicak,R,21.711,301,168,0,6-2 3-6 6-2,3,TRAIN
5cc43feca8c6a4f66f38015887b66dbe40891b56ac3cf2e5110979007d3b5242,2026-7494,Barletta,20260330,Clay,O,R16,19,CG33,Kimmer Coppejans,R,32.14,232,237,G0BY,Daniil Glinka,L,25.881,184,328,1,7-5 6-4,3,TRAIN
c2828a1f7c8598cf0da5cdb76e12b1603e12002a25750cbb91d7b32ed8e42457,2026-7494,Barletta,20260330,Clay,O,R16,20,F840,Nerman Fatic,R,31.431,247,216,SS25,Vitaliy Sachko,R,28.709,169,358,0,6-3 7-6(1),3,TRAIN
8c8c43ea5282ae070ebd6b59e207af9c64f036caf7abcb18896c65c3cebf5946,2026-7494,Barletta,20260330,Clay,O,R16,21,BU70,Remy Bertola,R,27.578,207,286,DG80,Enrico Dalla Valle,R,28.025,447,99,0,7-5 6-1,3,TRAIN
f8f072ac5f034b76fa7aa34c4d28a54a96beda7c018e59b7298f9ac4d4d0841d,2026-7494,Barletta,20260330,Clay,O,R16,22,N0CS,Lukas Neumayer,R,23.562,224,253,S0TM,Toby Samuel,R,23.562,172,352,1,6-3 6-2,3,TRAIN
5fdf25ba78c17c9baa3c4d642bc2a5fff66a3cc22c22a68e361cecdf0abbc8f7,2026-7494,Barletta,20260330,Clay,O,R16,23,CF01,Marco Cecchinato,R,33.495,188,316,G0EU,Felix Gill,L,23.828,241,228,0,7-6(2) 6-2,3,TRAIN
fd05e89198a19902203849afb75acf790f7b6f7a696edbfea950b306285f5b34,2026-7494,Barletta,20260330,Clay,O,R16,24,BV16,Ugo Blanchet,R,27.231,158,382,K0FY,Martin Krumich,R,23.258,328,151,0,7-5 6-3,3,TRAIN
49b3991c60a4040c327f78f645d9e2a29c6386da7209a7acbc524581ee7d0606,2026-7494,Barletta,20260330,Clay,O,QF,25,P0GQ,Mili Poljicak,R,21.711,301,168,R0JW,Michele Ribecai,R,23.149,347,140,0,6-1 3-0,3,TRAIN
b4e977b91b958c755d68b1cc42382f5fd5f235556c4e74e2da5b8ebf10f367bc,2026-7494,Barletta,20260330,Clay,O,QF,26,CG33,Kimmer Coppejans,R,32.14,232,237,SS25,Vitaliy Sachko,R,28.709,169,358,0,6-4 5-7 6-3,3,TRAIN
8b3572a1456a3a26410e504cda6cd5cd0a23a187ec78a8905546b80daa74bfae,2026-7494,Barletta,20260330,Clay,O,QF,27,DG80,Enrico Dalla Valle,R,28.025,447,99,N0CS,Lukas Neumayer,R,23.562,224,253,0,6-1 6-1,3,TRAIN
b56e545d70b6d8e7c5b805d951be5b89610329bca9e8516df624f0c4de239756,2026-7494,Barletta,20260330,Clay,O,QF,28,G0EU,Felix Gill,L,23.828,241,228,K0FY,Martin Krumich,R,23.258,328,151,1,7-6(5) 0-6 6-3,3,TRAIN
e5808a5461101b3db4d5bcd784475e74b3e21f337e7c33196c4ad1e1c3f72763,2026-7494,Barletta,20260330,Clay,O,SF,29,R0JW,Michele Ribecai,R,23.149,347,140,SS25,Vitaliy Sachko,R,28.709,169,358,1,7-5 7-5,3,TRAIN
02be02d1729df25f2d74aa5039786f7f48a6548bfb948565d263cd775485a4c8,2026-7494,Barletta,20260330,Clay,O,SF,30,G0EU,Felix Gill,L,23.828,241,228,N0CS,Lukas Neumayer,R,23.562,224,253,0,6-3 3-1,3,TRAIN
b10030c6bc58579ddf03af641ed05df8540c12f51dd29bbda351e255f655fea7,2026-7494,Barletta,20260330,Clay,O,F,31,N0CS,Lukas Neumayer,R,23.562,224,253,R0JW,Michele Ribecai,R,23.149,347,140,1,2-6 6-3 6-3,3,TRAIN
b7bb71df7ca550bdb43b39d0c2e5702c2733cd44b58ea650b727547197131a46,2026-2989,Monza,20260406,Clay,O,R32,1,C0JP,Raphael Collignon,R,24.227,68,793,O483,Christopher O'Connell,R,31.841,142,443,1,6-2 6-2,3,TRAIN
eaf4dbb36894a14ef8c8e75455ed35b3311f7f3cbc4b49ae35cea8b6476364a6,2026-2989,Monza,20260406,Clay,O,R32,2,N0BG,Luca Nardi,R,22.667,140,444,R0EB,Valentin Royer,R,24.854,73,751,0,7-6(4) 7-5,3,TRAIN
8dcab1401ac99774eef1efdd653bb7261ea93f6184fab7102d270c280a3d318d,2026-2989,Monza,20260406,Clay,O,R32,3,A0BA,Federico Arnaboldi,R,25.799,418,112,L0IL,Martin Landaluce,R,20.241,105,607,0,6-4 2-6 6-2,3,TRAIN
ffafc8a5a0fc3b8c5132293e242cb922dfc6e7736cf5ea357af3d0eaef10f1cc,2026-2989,Monza,20260406,Clay,O,R32,4,K0HC,Maks Kasnikowski,R,22.752,330,153,V0DZ,Luca Van Assche,R,21.903,94,644,0,6-2 6-4,3,TRAIN
214f82250a15fe6ea28b34e0a9e434612b9f67b4d254327158d1f7c2eca6eb1d,2026-2989,Monza,20260406,Clay,O,R32,5,F0BP,Pietro Fellin,R,24.676,491,87,P0HW,Dino Prizmic,R,20.668,106,606,0,6-4 6-1,3,TRAIN
625aa26b295ec642be5904d0afdcddadd56701a4bc58846771684dd143b5c2aa,2026-2989,Monza,20260406,Clay,O,R32,6,C0NN,Gianluca Cadenasso,R,21.517,228,243,G09O,Hugo Gaston,L,25.525,117,549,0,6-4 6-4,3,TRAIN
6b8827f8f8b6c39f445a8afeee87150afc5c39c63b0cb240ca7dbc6582aa2722,2026-2989,Monza,20260406,Clay,O,R32,7,BV24,Raul Brancaccio,R,28.923,255,212,V0J1,Jacopo Vasami,L,18.297,521,78,1,7-5 7-5,3,TRAIN
50ccd7e2d827686b9c9d5fb50513c238eb08b0a4e3ead9f90a6bfd170caf2dea,2026-2989,Monza,20260406,Clay,O,R32,8,CF01,Marco Cecchinato,R,33.514,188,318,K0CJ,Sandro Kopp,R,25.862,317,159,1,4-6 6-1 7-6(4),3,TRAIN
cc30e4be0fc37b75b78ddb4edb16ba0a6012352e216e7e9047ad398cc28ed0c4,2026-2989,Monza,20260406,Clay,O,R32,9,F0DM,Arthur Fery,R,23.734,166,372,SS25,Vitaliy Sachko,R,28.728,180,332,1,4-6 6-3 6-3,3,TRAIN
bcde3ea0051a0f762fad1cf126b24c5ea2e1470fd56e4011aad2f620581e0b8b,2026-2989,Monza,20260406,Clay,O,R32,10,D0H9,Guy Den Ouden,R,23.995,175,341,G0A0,Andrea Guerrieri,L,27.34,359,136,0,6-4 6-2,3,TRAIN
3acdb81da29a3204677c9a983c59dd25c4de0947a06248a6dc1535e3a949fa16,2026-2989,Monza,20260406,Clay,O,R32,11,HD68,Billy Harris,R,31.195,148,426,R0JW,Michele Ribecai,R,23.168,281,185,1,6-4 6-2,3,TRAIN
7b718ee75a7ff4a8c5daafaf117cb43ca4ff5c51b13501792c082525e750c14a,2026-2989,Monza,20260406,Clay,O,R32,12,GB93,Norbert Gombos,R,35.647,296,172,S0GR,Timofey Skatov,R,25.205,199,292,0,6-3 6-1,3,TRAIN
778f161cf4079d47b6a172f6d8471411b91c5465b3f3d28525f91dc34ba94967,2026-2989,Monza,20260406,Clay,O,R32,13,B0GG,Mattia Bellucci,L,24.846,79,715,L987,Dusan Lajovic,R,35.767,128,499,1,7-6(5) 6-4,3,TRAIN
3586c99a13aeb38a817f41f3b6b012782fc370370a129902209adbe87aa35031,2026-2989,Monza,20260406,Clay,O,R32,14,G0FW,Vilius Gaubas,R,21.268,122,510,TA12,Stefano Travaglia,R,34.272,141,444,0,7-6(1) 7-5,3,TRAIN
da66ad46471862d0620afd6cb9dc06c343bee8e895e1b98fb7cdc5f50bee5211,2026-2989,Monza,20260406,Clay,O,R32,15,BU70,Remy Bertola,R,27.598,204,288,EA13,Moez Echargui,R,33.235,144,441,1,6-3 6-4,3,TRAIN
927006a94aa6bb27f8f5b742848c1602bdb2533fa904293ade393b830461daf4,2026-2989,Monza,20260406,Clay,O,R32,16,CF59,Roberto Carballes Baena,R,33.038,198,292,S0UV,Rei Sakamoto,R,19.784,165,373,0,6-4 6-3,3,TRAIN
810b767188b6373ac1f2701fcb1074f172e8f0a53e56a011818f1fee3f262224,2026-2989,Monza,20260406,Clay,O,R16,17,F0DM,Arthur Fery,R,23.734,166,372,R0EB,Valentin Royer,R,24.854,73,751,0,7-6(4) 6-3,3,TRAIN
9e06d7b91a26d38e0fd1761ae217fa9e3b5b8befbadff003982303298b294de6,2026-2989,Monza,20260406,Clay,O,R16,18,CF01,Marco Cecchinato,R,33.514,188,318,L0IL,Martin Landaluce,R,20.241,105,607,0,6-4 6-4,3,TRAIN
d6d624f5b2801cdbaf6dfae87b23492d7a10f513d35135da503aba24d24f71c3,2026-2989,Monza,20260406,Clay,O,R16,19,HD68,Billy Harris,R,31.195,148,426,P0HW,Dino Prizmic,R,20.668,106,606,0,6-3 6-4,3,TRAIN
27698f1dcf442cfe40d6069bad855af90f17836d7d992cb7bcf715555296b49d,2026-2989,Monza,20260406,Clay,O,R16,20,G09O,Hugo Gaston,L,25.525,117,549,S0GR,Timofey Skatov,R,25.205,199,292,1,7-6(5) 7-6(5),3,TRAIN
630d410c78cc5fd1e8e0b097a5468391db872705996529548d0efb1287b0207e,2026-2989,Monza,20260406,Clay,O,R16,21,BU70,Remy Bertola,R,27.598,204,288,C0JP,Raphael Collignon,R,24.227,68,793,0,6-2 7-6(1),3,TRAIN
eab7c1a0e1270551d0f5e2c32ec45dd4d16945fc3cd0dc4734a8082540ffaeeb,2026-2989,Monza,20260406,Clay,O,R16,22,B0GG,Mattia Bellucci,L,24.846,79,715,G0A0,Andrea Guerrieri,L,27.34,359,136,1,6-3 6-4,3,TRAIN
ac4226f185567f9fe1a87305ca8e484f66844724e1f16f4c6b29ef639b980667,2026-2989,Monza,20260406,Clay,O,R16,23,S0UV,Rei Sakamoto,R,19.784,165,373,V0DZ,Luca Van Assche,R,21.903,94,644,0,6-3 7-5,3,TRAIN
de0d44c36977f6c142289c6cbae33acc9d1ba77e77279d3130eb4dc69992192f,2026-2989,Monza,20260406,Clay,O,R16,24,BV24,Raul Brancaccio,R,28.923,255,212,TA12,Stefano Travaglia,R,34.272,141,444,0,6-2 6-2,3,TRAIN
40156ba1236efd2b4518ea2004b0654cad6367367723543d046aac821f462234,2026-2989,Monza,20260406,Clay,O,QF,25,C0JP,Raphael Collignon,R,24.227,68,793,V0DZ,Luca Van Assche,R,21.903,94,644,1,6-4 6-0,3,TRAIN
83edb05c535b0c94d94d48f73f26d5d0f7dc01d4e881009f0e542b3677a9c7d6,2026-2989,Monza,20260406,Clay,O,QF,26,P0HW,Dino Prizmic,R,20.668,106,606,R0EB,Valentin Royer,R,24.854,73,751,1,6-3 6-2,3,TRAIN
f19e9bf2f9e36627c17048301fcfed9cbd8d6575c301fe05a25c32ee267c31dc,2026-2989,Monza,20260406,Clay,O,QF,27,B0GG,Mattia Bellucci,L,24.846,79,715,TA12,Stefano Travaglia,R,34.272,141,444,1,7-6(5) 7-6(5),3,TRAIN
4a0210f8938cc56c9e9a5cf2a62ce3a4a0359ce2bcb33d3d932a1a51996503fe,2026-2989,Monza,20260406,Clay,O,QF,28,G09O,Hugo Gaston,L,25.525,117,549,L0IL,Martin Landaluce,R,20.241,105,607,0,6-3 6-2,3,TRAIN
06d6eea7cf6f9bfa0bd74e59aa908b7529ae011ce11541a1b486192030dc112e,2026-2989,Monza,20260406,Clay,O,SF,29,C0JP,Raphael Collignon,R,24.227,68,793,L0IL,Martin Landaluce,R,20.241,105,607,1,6-1 6-4,3,TRAIN
22137fb76eaf29d0cddd09b89573d3862d1280e53796b2cb1a95f11cbde44fd0,2026-2989,Monza,20260406,Clay,O,SF,30,B0GG,Mattia Bellucci,L,24.846,79,715,P0HW,Dino Prizmic,R,20.668,106,606,0,7-6(1) 6-4,3,TRAIN
0878517a48668eca85478abb259743ab214dc425bcd3999a981f122cb0e367e1,2026-2989,Monza,20260406,Clay,O,F,31,C0JP,Raphael Collignon,R,24.227,68,793,P0HW,Dino Prizmic,R,20.668,106,606,1,7-6(2) 6-3,3,TRAIN
9360dbb16f782ece8eaac791d6c603f714ae76ad9f6fd9f0fd5fe9466ee817a1,2026-5069,Sarasota,20260406,Clay,O,R32,1,DA31,Hugo Dellien,R,32.805,154,397,O660,Genaro Alberto Olivieri,R,27.671,197,293,1,6-2 7-5,3,TRAIN
76777c46cc915f6065332ccaceb8f962f7e30e719aa6965cbd93f2ca13d7cf16,2026-5069,Sarasota,20260406,Clay,O,R32,2,A0CJ,Duje Ajdukovic,R,25.164,291,177,G0GW,Sascha Gueymard Wayenburg,R,22.68,264,203,1,6-4 6-3,3,TRAIN
b492b5aabfb1c7bcae365f7bbe96524d75cb8b8c13f483ee58244f538a54c286,2026-5069,Sarasota,20260406,Clay,O,R32,3,B0PU,Reda Bennani,R,19.135,549,70,WB32,Yibing Wu,R,26.478,115,559,0,6-1 6-4,3,TRAIN
61f51bd5b5e16b7f896dbadde071ee2c16f8476ab74644f81c87b03841610f14,2026-5069,Sarasota,20260406,Clay,O,R32,5,SG56,Daniel Dutra da Silva,L,37.752,393,122,T09X,Clement Tabur,R,26.198,187,322,1,7-5 7-6(4),3,TRAIN
a964e0e5cdde3e682cbbbe659169a0e2a0e0bb58e7c3e6360b2b909ecf63df41,2026-5069,Sarasota,20260406,Clay,O,R32,6,B0NN,Nishesh Basavareddy,R,20.928,181,331,D0DP,Liam Draxl,R,24.334,145,436,1,6-3 7-6(5),3,TRAIN
ef3685f9f826da916438fdf7157a939f45418a08f9e579420a90fbae5b813b5a,2026-5069,Sarasota,20260406,Clay,O,R32,7,AG08,Andy Andrade,R,27.31,219,260,K0HN,Bruno Kuzuhara,R,22.012,582,65,1,7-6(8) 4-6 6-3,3,TRAIN
f52430624d382b97198b6c56a3e2fbd51f219b0ecc5d2d9a85b08abc537bc4dd,2026-5069,Sarasota,20260406,Clay,O,R32,8,F0F4,Kilian Feldbausch,R,20.578,429,106,K0DB,Cannon Kingsley,R,24.917,432,104,1,6-3 7-5,3,TRAIN
a6f59a5c78f738e44461ed57d228e7f8452341d6938b8db813ff36ac81c6381c,2026-5069,Sarasota,20260406,Clay,O,R32,9,GE33,Daniel Elahi Galan,R,29.799,243,226,J0B5,Garrett Johns,R,25.3,412,116,0,6-2 7-6(2),3,TRAIN
4b7b85b22a8f5a1f1afe6740f07fc9230c932cbd82fe89ccfa4b374d16d12e5a,2026-5069,Sarasota,20260406,Clay,O,R32,10,F0HO,Thomas Faurel,R,20.205,416,113,KG27,Strong Kirchheimer,R,30.946,709,45,0,4-6 7-5 7-6(2),3,TRAIN
545b83f8942f1da24f46280a78057544c6af246d91e4be7432c271f33308c678,2026-5069,Sarasota,20260406,Clay,O,R32,11,KC29,Nicolas Kicker,R,33.637,343,146,N552,Kei Nishikori,R,36.268,485,88,0,6-3 6-2,3,TRAIN
699b34a057b7b4baa5e0f5a0f23323ab3e16a5f9323a4e1884dd47a4f3f87e2e,2026-5069,Sarasota,20260406,Clay,O,R32,12,D0DT,Martin Damm,L,22.516,127,499,RG42,Alex Rybakov,L,29.188,347,144,0,3-6 7-6(3) 6-3,3,TRAIN
1a0d831a8384d708b5d3bdd66cbd43d73ca542c139be16c8c2e0ff39ec713c2f,2026-5069,Sarasota,20260406,Clay,O,R32,13,S0ZE,Colton Smith,R,23.088,193,308,Z0AK,Tyler Zink,R,25.18,327,155,0,6-1 1-6 6-2,3,TRAIN
8e774ecf5e6d60efb79dff2086b192906722cde87410f18e49aa12525f1909b3,2026-5069,Sarasota,20260406,Clay,O,R32,14,G0BY,Daniil Glinka,L,25.9,184,330,W09G,J.J. Wolf,R,27.291,1024,15,1,6-3 7-6(4),3,TRAIN
8d03da1eb0a7619b1763345365f1e96871e598d4cd859685727922d27564436a,2026-5069,Sarasota,20260406,Clay,O,R32,15,B0OU,Hynek Barton,R,22.001,295,173,KC12,Mitchell Krueger,R,32.23,266,201,1,6-4 6-4,3,TRAIN
06f57642aca2d64efa85a02add4e7c20b47b7fe3c252c5650fbf49f0573e6f8a,2026-5069,Sarasota,20260406,Clay,O,R32,16,D0D4,Stefan Dostanic,R,24.419,331,152,P0EA,Saba Purtseladze,R,24.627,325,155,1,6-2 6-3,3,TRAIN
3e8ac24817c378aaf28081302bd74d305cf78b8b295828e5b0d2b187e1931958,2026-5069,Sarasota,20260406,Clay,O,R16,17,N552,Kei Nishikori,R,36.268,485,88,WB32,Yibing Wu,R,26.478,115,559,0,6-3 3-6 6-1,3,TRAIN
95652e9d38258ec109b8994d38c34d2c07a312adaf55c0679937ce0a4c7c4e37,2026-5069,Sarasota,20260406,Clay,O,R16,18,DA31,Hugo Dellien,R,32.805,154,397,F0F4,Kilian Feldbausch,R,20.578,429,106,1,6-1 5-7 6-3,3,TRAIN
78af59c482532bb85373cc58e73c34935c13dc5c33a4846ed5e0859ca3bb22fc,2026-5069,Sarasota,20260406,Clay,O,R16,19,A0CJ,Duje Ajdukovic,R,25.164,291,177,B0NO,Darwin Blanch,L,18.522,254,212,0,6-1 6-2,3,TRAIN
1a4e9be05bcc689cce06720a39f9bfb33e2a15fa08cedc37f26f7cc6fbe05ea4,2026-5069,Sarasota,20260406,Clay,O,R16,20,J0B5,Garrett Johns,R,25.3,412,116,SG56,Daniel Dutra da Silva,L,37.752,393,122,0,6-4 6-3,3,TRAIN
d6adca861b6bada24432dcc5a106fd534f0c05392149e33a1db08ab5b66be71a,2026-5069,Sarasota,20260406,Clay,O,R16,21,G0BY,Daniil Glinka,L,25.9,184,330,KG27,Strong Kirchheimer,R,30.946,709,45,1,6-3 6-2,3,TRAIN
489e8dd14d11e2ed644ae4e7bf07cc370338fe55160e9bc7755e20419065e3f1,2026-5069,Sarasota,20260406,Clay,O,R16,22,B0NN,Nishesh Basavareddy,R,20.928,181,331,B0OU,Hynek Barton,R,22.001,295,173,1,6-1 7-6(6),3,TRAIN
bcfae15d1f2a8781e3b11fe6f1ff5a06ebb9085bc3816d9f12adb909aace2d82,2026-5069,Sarasota,20260406,Clay,O,R16,23,AG08,Andy Andrade,R,27.31,219,260,Z0AK,Tyler Zink,R,25.18,327,155,1,2-6 6-4 7-5,3,TRAIN
3306b876d1065d7660129311071b22b941831499491eb04ba1fc703ad7f125e6,2026-5069,Sarasota,20260406,Clay,O,R16,24,D0D4,Stefan Dostanic,R,24.419,331,152,RG42,Alex Rybakov,L,29.188,347,144,1,6-2 4-6 6-4,3,TRAIN
a5fe1d8bbada2af1352744d1be47eee6166783cb72a7f1f3714c922e1c0e6a43,2026-5069,Sarasota,20260406,Clay,O,QF,25,SG56,Daniel Dutra da Silva,L,37.752,393,122,WB32,Yibing Wu,R,26.478,115,559,0,6-4 7-6(4),3,TRAIN
d95c6e03d9f0940db218ca41505306666acc09cbe5722a0797d76844e8ac943b,2026-5069,Sarasota,20260406,Clay,O,QF,26,B0NO,Darwin Blanch,L,18.522,254,212,DA31,Hugo Dellien,R,32.805,154,397,1,6-1 7-5,3,TRAIN
944f1da9ae472c223e6978c3694187a76499edfff265d4eb54d85451e014ea8c,2026-5069,Sarasota,20260406,Clay,O,QF,27,AG08,Andy Andrade,R,27.31,219,260,G0BY,Daniil Glinka,L,25.9,184,330,1,6-4 6-2,3,TRAIN
f64df41e853673d998332c4fcc265fd4ca591f764ba60030e91db8385b9f1dd8,2026-5069,Sarasota,20260406,Clay,O,SF,29,B0NO,Darwin Blanch,L,18.522,254,212,WB32,Yibing Wu,R,26.478,115,559,0,6-3 7-5,3,TRAIN
2e8d8ec5af28ffb6f7bb47317935281786ec75fe834e169f646801dd6d2be4c8,2026-5069,Sarasota,20260406,Clay,O,SF,30,AG08,Andy Andrade,R,27.31,219,260,D0D4,Stefan Dostanic,R,24.419,331,152,0,6-3 6-4,3,TRAIN
5387ce77dd859159400c4735a76fc19fae6e8671686d944a097b7e89f5ac4f46,2026-5069,Sarasota,20260406,Clay,O,F,31,D0D4,Stefan Dostanic,R,24.419,331,152,WB32,Yibing Wu,R,26.478,115,559,0,6-1 4-6 6-3,3,TRAIN
6121638e9fa60e1f477eb05ef6b01a4c95a9094749cd7054b1d89945f3f8f66f,2026-6307,Campinas,20260406,Clay,O,R32,1,B0GR,Gonzalo Bueno,R,22.007,211,281,F0FL,Bruno Fernandez,R,21.695,649,53,1,6-2 7-5,3,TRAIN
8b53a56e763c1e243ce27426ae903abc9576ca64d7c833f65cd3ba523400feb1,2026-6307,Campinas,20260406,Clay,O,R32,2,G0DH,Alvaro Guillen Meza,R,23.258,226,244,R0BF,Franco Ribero,R,26.574,980,18,1,6-4 3-6 6-3,3,TRAIN
bfdc0f19dc19971aba95d0f29368f094c00908fa8cee25fa9acc651c2880ff61,2026-6307,Campinas,20260406,Clay,O,R32,3,H0DU,Gustavo Heide,R,24.101,262,203,R0A7,Joao Lucas Reis Da Silva,R,26.029,214,275,1,6-2 6-1,3,TRAIN
80d218fdc416597daa77fdf2000980877b561f545c9df3b1dfd05df415e05831,2026-6307,Campinas,20260406,Clay,O,R32,4,M0OH,Lautaro Midon,R,22.021,223,255,PC09,Jose Pereira,R,35.192,737,40,1,6-4 3-6 6-4,3,TRAIN
1bc7fecd434091ea32fd92bc6b086fb88d1c92e706ca5957011636c2ebaa3a9d,2026-6307,Campinas,20260406,Clay,O,R32,5,D0CG,Facundo Diaz Acosta,L,25.306,183,330,R09V,Eduardo Ribeiro,R,28.055,383,125,1,4-6 6-4 7-6(3),3,TRAIN
180a3a2aa9eec04efd35be5946e048bf44617b44cb41df90ca7048c40d857804,2026-6307,Campinas,20260406,Clay,O,R32,6,J0AW,Guido Ivan Justo,R,28.301,269,198,R0L5,Victor Hugo Remondy Pagotto,R,20.821,1278,7,1,6-2 6-1,3,TRAIN
974a123a03c1de55e5ef5d3190e99f0233bd55fa008a5c4c3a9de1bf33de5186,2026-6307,Campinas,20260406,Clay,O,R32,7,CG07,Hernan Casanova,R,32.162,426,107,HG90,Conner Huertas del Pino,R,30.294,700,46,1,6-2 6-3,3,TRAIN
55814765397322845a6f7cd5d6845e2f1aaf592ca444a37e8d2ae48c5ad90d01,2026-6307,Campinas,20260406,Clay,O,R32,8,DC48,Murkel Dellien,R,28.553,292,176,S0IV,Paulo Andre Saraiva Dos Santos,R,25.785,501,84,1,1-6 7-6(4) 6-2,3,TRAIN
aec0ccdde2979c692214ee3a11af3acd92a33f6c7ca11dee1a6f055739f733b2,2026-6307,Campinas,20260406,Clay,O,R32,9,A0G7,Valerio Aboian,L,23.811,508,83,N830,Johan Nikles,R,29.038,471,91,0,6-1 6-4,3,TRAIN
acca6926c1dbb6223f6094f5fcc7e9439f12e1a2f2b5022dd766e28ca8cc7a78,2026-6307,Campinas,20260406,Clay,O,R32,10,A09U,Nicolas Alvarez Varona,R,24.884,460,94,R0HP,Lucio Ratti,R,22.19,481,89,0,6-1 6-2,3,TRAIN
2074993265221ce38019b7025b95d9da9e0c225166817045f6de462043c04e57,2026-6307,Campinas,20260406,Clay,O,R32,11,D0DK,Santiago De La Fuente,R,24.162,660,51,V821,Gonzalo Villanueva,R,31.228,375,129,0,4-6 6-3 6-1,3,TRAIN
257fcef855ed4fb043bc7964ba7c37910fb27b30076bea79bc97067bc858bbee,2026-6307,Campinas,20260406,Clay,O,R32,12,B0FI,Pedro Boscardin Dias,R,23.187,241,229,R0BC,Lorenzo Joaquin Rodriguez,R,26.519,456,96,1,6-3 6-3,3,TRAIN
22f14d0283a75280fca7e1b01c07e2c59ca760bdd0b307be5445a36d8d0b64bf,2026-6307,Campinas,20260406,Clay,O,R32,13,B0NA,Victor Braga,R,21.251,1410,5,V836,Juan Pablo Varillas,R,30.5,285,180,0,6-1 6-1,3,TRAIN
f8022ae46cc17a9b854e8362a6e0fc531ba0500eef6ee3e043e67697b06c56a2,2026-6307,Campinas,20260406,Clay,O,R32,14,A0IK,Luciano Emanuel Ambrogi,R,22.379,386,125,T0DM,Juan Bautista Torres,R,24.011,323,156,1,6-1 5-7 6-4,3,TRAIN
fa9d423a87d99421582279c138a67b00cbb55c44ffd0879785372833c38bf1f6,2026-6307,Campinas,20260406,Clay,O,R32,15,C0JU,Enzo Camargo Lima,R,22.543,1193,9,L0GR,Juan Manuel La Serna,L,22.166,345,145,0,6-2 6-2,3,TRAIN
9f4f711a9ca547a75fb6afa31ba60ab235fce29967ecac17f7ea41cfc0f4ace9,2026-6307,Campinas,20260406,Clay,O,R32,16,S0T1,Joao Eduardo Schiessl,L,21.629,438,103,SL94,Pedro Sakamoto,R,32.769,433,104,0,6-4 6-4,3,TRAIN
8a850382e713519b2b90d98a338abfa215f72f2c5f1ca8ad23704963f529aaa8,2026-6307,Campinas,20260406,Clay,O,R16,17,B0GR,Gonzalo Bueno,R,22.007,211,281,R0HP,Lucio Ratti,R,22.19,481,89,1,6-2 6-2,3,TRAIN
bb88ef228d90a39e05993531c6a01653f10f641b87fd784439549d39991c6ea1,2026-6307,Campinas,20260406,Clay,O,R16,19,J0AW,Guido Ivan Justo,R,28.301,269,198,L0GR,Juan Manuel La Serna,L,22.166,345,145,1,6-4 6-3,3,TRAIN
2060d39fbb233b8e254c77fc32de6f71bf31843732829e0097c5657fb2e00a06,2026-6307,Campinas,20260406,Clay,O,R16,20,H0DU,Gustavo Heide,R,24.101,262,203,N830,Johan Nikles,R,29.038,471,91,1,6-2 6-4,3,TRAIN
f10bff711f7d8519b1af8e4ede8ad372105d7b8353794199d22e17bbea7541e5,2026-6307,Campinas,20260406,Clay,O,R16,21,G0DH,Alvaro Guillen Meza,R,23.258,226,244,SL94,Pedro Sakamoto,R,32.769,433,104,1,5-7 7-5 6-3,3,TRAIN
f4ec69c109af760cf0e88dd1f11a0ad75952a31cf27547d8680c163099104a6f,2026-6307,Campinas,20260406,Clay,O,R16,22,A0IK,Luciano Emanuel Ambrogi,R,22.379,386,125,M0OH,Lautaro Midon,R,22.021,223,255,0,2-6 6-3 7-5,3,TRAIN
203d1292791fad52471ccbe0558bb4387f84f1499c0ab079210a66077d25bf80,2026-6307,Campinas,20260406,Clay,O,R16,23,B0FI,Pedro Boscardin Dias,R,23.187,241,229,DC48,Murkel Dellien,R,28.553,292,176,1,6-3 6-3,3,TRAIN
30c4776c8de832659f42d319d65dec64b4f797b781400fb2fb8019d308d748e4,2026-6307,Campinas,20260406,Clay,O,R16,24,V821,Gonzalo Villanueva,R,31.228,375,129,V836,Juan Pablo Varillas,R,30.5,285,180,0,6-3 7-5,3,TRAIN
6ca5adc75c3bedcf211626e84798441d00f64c4e2ab4ad428ff963f0e0ae4f2d,2026-6307,Campinas,20260406,Clay,O,QF,25,B0GR,Gonzalo Bueno,R,22.007,211,281,CG07,Hernan Casanova,R,32.162,426,107,1,3-6 6-2 7-6(5),3,TRAIN
17bff49838a9acd97654aedf51a618c1e7255fc9c8ab35d25d29cfed5a9882fc,2026-6307,Campinas,20260406,Clay,O,QF,26,B0FI,Pedro Boscardin Dias,R,23.187,241,229,G0DH,Alvaro Guillen Meza,R,23.258,226,244,1,6-2 6-4,3,TRAIN
5f1a3af03f050c483e911f464a52cad7b73a5e2300e3c831ed0367dfe2a74e65,2026-6307,Campinas,20260406,Clay,O,QF,27,M0OH,Lautaro Midon,R,22.021,223,255,V836,Juan Pablo Varillas,R,30.5,285,180,1,7-6(6) 6-4,3,TRAIN
1d90f0b0e3599eb5803dc0e3bc81cf62cf87e35a0d83719870e60049c808ac95,2026-6307,Campinas,20260406,Clay,O,QF,28,H0DU,Gustavo Heide,R,24.101,262,203,J0AW,Guido Ivan Justo,R,28.301,269,198,1,6-3 6-4,3,TRAIN
bb2c4676afc6d7cbc9d480b1e9584566eb50c2e1d0bf696033df7035620977d6,2026-6307,Campinas,20260406,Clay,O,SF,29,B0GR,Gonzalo Bueno,R,22.007,211,281,M0OH,Lautaro Midon,R,22.021,223,255,1,5-7 6-3 6-1,3,TRAIN
d2166084d5ea42b70e55524bbbe65d2d96283c158eb76b85386497dd88de0ae4,2026-6307,Campinas,20260406,Clay,O,SF,30,B0FI,Pedro Boscardin Dias,R,23.187,241,229,H0DU,Gustavo Heide,R,24.101,262,203,0,7-6(1) 6-2,3,TRAIN
f8b9127e59cc26d28553113d8b74a117a6ef08634c97edf43cb37342d3b82e85,2026-6307,Campinas,20260406,Clay,O,F,31,B0GR,Gonzalo Bueno,R,22.007,211,281,H0DU,Gustavo Heide,R,24.101,262,203,0,6-2 7-5,3,TRAIN
4ec2cac1a9c77583e98422decc78de1124e6139e5abfba1c647a04248350a70c,2026-8375,Mexico City,20260406,Clay,O,R32,1,D994,James Duckworth,R,34.207,86,672,MP01,Michael Mmoh,R,28.235,256,211,1,6-4 6-3,3,TRAIN
5d9974ec33894fda06f2e16556533f63e55951dfda3a175123e1cc37e7c3a2f6,2026-8375,Mexico City,20260406,Clay,O,R32,2,B0I5,Blaise Bicknell,R,24.359,378,128,S0N0,Tristan Schoolkate,R,25.106,116,550,0,7-5 7-5,3,TRAIN
db81232a01b41599a281256e02f8b6e4133060b11915ede93f8d5d80f23fcdd1,2026-8375,Mexico City,20260406,Clay,O,R32,3,MK66,Mackenzie McDonald,R,30.973,126,501,P0J1,Rodrigo Pacheco Mendez,L,20.947,270,196,0,6-2 6-2,3,TRAIN
966c966c70f4b7540ac7ca4d38734fe84f32afd3bf145714413db1f4ec7f1323,2026-8375,Mexico City,20260406,Clay,O,R32,4,M0AW,Nicolas Mejia,R,26.149,155,392,O659,Vladyslav Orlov,R,30.888,529,76,1,3-6 7-6(3) 6-0,3,TRAIN
ee539c95fa32bc973db47eaeb48b58bfbab19a6fcdb59576e86048edde85d22e,2026-8375,Mexico City,20260406,Clay,O,R32,5,FA43,Juan Pablo Ficovich,R,29.196,195,298,M0RG,Daniel Milavsky,R,24.564,370,130,1,6-4 6-3,3,TRAIN
9bbcca19b4e58a24e2ca130053f5b00d33fcafccddebbb5642f08cce091bb106,2026-8375,Mexico City,20260406,Clay,O,R32,6,MJ98,Facundo Mena,R,33.536,294,174,P0AY,Luka Pavlovic,R,26.018,201,290,0,7-6(4) 4-6 6-2,3,TRAIN
747035547d305d03e290cffd85c493812971d424a0d1a78fa8e34b33f8f35248,2026-8375,Mexico City,20260406,Clay,O,R32,7,A0I1,Bor Artnak,R,21.837,504,83,M0HD,Alan Magadan,R,24.862,703,46,1,6-3 4-6 6-4,3,TRAIN
17f5f534dbc07dbbbe628418782d638cf266ec4fd6052e77e1d7337dcf731b23,2026-8375,Mexico City,20260406,Clay,O,R32,8,C0I4,Tibo Colson,R,25.733,496,85,T0I3,Miguel Tobon,R,19.797,462,94,1,1-6 6-3 6-3,3,TRAIN
d4dfae5493a318058c9a1656eee3bc0147c30479112eb341f0e2093b559536ea,2026-8375,Mexico City,20260406,Clay,O,R32,9,H0CD,Alex Hernandez,R,26.787,487,88,P0C1,Karl Poling,L,26.672,560,68,1,7-5 6-4,3,TRAIN
68868adfe1702337fea5263b8d3f8f23b3686a2e912e600445cac7e61e9a3758,2026-8375,Mexico City,20260406,Clay,O,R32,10,M0C2,Dan Martin,R,26.91,376,128,M0NB,Aidan Mayo,R,22.897,689,47,0,3-6 6-3 7-6(2),3,TRAIN
210d9fb60f7928a1704b4246ae5a5cee2c6aba854bce5a6500dfdd962f994d4d,2026-8375,Mexico City,20260406,Clay,O,R32,11,H0KQ,Alejandro Hayen,R,27.825,1298,6,Z09Z,Beibit Zhukayev,R,25.481,339,149,0,6-1 6-4,3,TRAIN
210c6b362570e4a59b0f0752a81547186161aa9c8661c9c9d434868eb5c9ed86,2026-8375,Mexico City,20260406,Clay,O,R32,12,CI14,Jay Clarke,R,27.693,191,311,S0EK,Matias Soto,R,26.943,303,167,0,1-6 6-3 7-5,3,TRAIN
67aec12018f66aa30945722cf626b6b942a620f3ead2e3d85c6965cb18ff5e4a,2026-8375,Mexico City,20260406,Clay,O,R32,13,DF92,Corentin Denolly,L,28.832,490,87,HH06,Marc-Andrea Huesler,L,29.782,283,183,1,1-6 6-2 6-1,3,TRAIN
e59ad6e1cb7949f014ade3494affa8f5fcad93eedcd7737248e2965828b1e95a,2026-8375,Mexico City,20260406,Clay,O,R32,14,KE64,Stefan Kozlov,R,28.175,265,201,P0MG,Raphael Perot,R,24.767,409,116,1,6-3 6-1,3,TRAIN
5a12339102dca44a2492dc14078df966e0191b20850069912ba304e812d80bdc,2026-8375,Mexico City,20260406,Clay,O,R32,15,M0NP,Andres Martin,R,24.747,263,203,N679,Stefano Napolitano,R,30.987,301,168,0,6-4 6-4,3,TRAIN
a76684c8daab7fa19b6ae411206cfb40e2415d9d8c50ee05f5c9a0e88f498f15,2026-8375,Mexico City,20260406,Clay,O,R32,16,A0KH,Rodrigo Alujas,R,23.611,708,45,PG94,Marc Polmans,R,28.928,352,142,0,6-1 6-1,3,TRAIN
4f59a44ad5870aaba30961278b58dcc5190fe5012ea10c862aeab4907f43b1e5,2026-8375,Mexico City,20260406,Clay,O,R16,17,C0I4,Tibo Colson,R,25.733,496,85,M0AW,Nicolas Mejia,R,26.149,155,392,1,7-5 6-3,3,TRAIN
adf9048f03e1113994063f45b181037401af279082c6dee6411a166bfed29764,2026-8375,Mexico City,20260406,Clay,O,R16,18,FA43,Juan Pablo Ficovich,R,29.196,195,298,H0CD,Alex Hernandez,R,26.787,487,88,0,7-5 4-6 6-4,3,TRAIN
211f93a53d5fd780731f4979b4d75cde54445140a30fdf27d2edd3a16767e255,2026-8375,Mexico City,20260406,Clay,O,R16,19,M0NB,Aidan Mayo,R,22.897,689,47,P0AY,Luka Pavlovic,R,26.018,201,290,0,6-1 3-6 7-6(8),3,TRAIN
609ad2d3ab8a22813264157d0139301ca75a1d73a6298c17c5e127e3224e29c3,2026-8375,Mexico City,20260406,Clay,O,R16,20,A0I1,Bor Artnak,R,21.837,504,83,P0J1,Rodrigo Pacheco Mendez,L,20.947,270,196,0,6-4 3-6 7-5,3,TRAIN
a1debc5cbfc7f923099ab22c8b27e8a839201702a916d1946192494394783350,2026-8375,Mexico City,20260406,Clay,O,R16,21,D994,James Duckworth,R,34.207,86,672,KE64,Stefan Kozlov,R,28.175,265,201,1,6-3 6-2,3,TRAIN
cbdb37c01ea125a2aa93cc4be61c64878178c74fc18724e6336f8b8e024c7355,2026-8375,Mexico City,20260406,Clay,O,R16,22,PG94,Marc Polmans,R,28.928,352,142,S0N0,Tristan Schoolkate,R,25.106,116,550,0,7-6(5) 7-5,3,TRAIN
74584a27433c6111f29fae9266215763cc7c37a2402f0f6126e22ec0eeefb211,2026-8375,Mexico City,20260406,Clay,O,R16,23,N679,Stefano Napolitano,R,30.987,301,168,S0EK,Matias Soto,R,26.943,303,167,1,6-1 7-6(8),3,TRAIN
9e9a76778d4e77717fcab2632997007bd5b9af6b9d58f066f8b4ed8f1fe0f827,2026-8375,Mexico City,20260406,Clay,O,R16,24,DF92,Corentin Denolly,L,28.832,490,87,Z09Z,Beibit Zhukayev,R,25.481,339,149,0,7-5 7-6(5),3,TRAIN
420d5cafa7104c1dba90ac6d5b9b42a1cca7cac397facb4d523597f1c8062eb3,2026-8375,Mexico City,20260406,Clay,O,QF,25,D994,James Duckworth,R,34.207,86,672,Z09Z,Beibit Zhukayev,R,25.481,339,149,1,4-6 6-3 6-4,3,TRAIN
486964a0dac5411e13d9daef1aba261397aca46c05194feb2ca7dd867901bf3f,2026-8375,Mexico City,20260406,Clay,O,QF,26,N679,Stefano Napolitano,R,30.987,301,168,S0N0,Tristan Schoolkate,R,25.106,116,550,1,3-6 6-1 6-4,3,TRAIN
3ffb9f34af48a86dc80cfff1a65e92dcee861f684f2f2d671753159edfdf7ff4,2026-8375,Mexico City,20260406,Clay,O,QF,27,P0AY,Luka Pavlovic,R,26.018,201,290,P0J1,Rodrigo Pacheco Mendez,L,20.947,270,196,1,2-6 6-4 7-6(1),3,TRAIN
806ceb475a757584c050164f351e0413ace33562af729372ad8fe633488672c8,2026-8375,Mexico City,20260406,Clay,O,QF,28,C0I4,Tibo Colson,R,25.733,496,85,H0CD,Alex Hernandez,R,26.787,487,88,1,7-6(5) 2-6 7-5,3,TRAIN
368cab6b2a205ed4dd429254eb73295ae8033c92a5acd4101cbea35db9654b85,2026-8375,Mexico City,20260406,Clay,O,SF,29,C0I4,Tibo Colson,R,25.733,496,85,D994,James Duckworth,R,34.207,86,672,0,7-6(7) 6-4,3,TRAIN
1463c6010351d0b57ee03496f6b00fc300e7420fc3985027e50eb85a8fda50a7,2026-8375,Mexico City,20260406,Clay,O,SF,30,N679,Stefano Napolitano,R,30.987,301,168,P0AY,Luka Pavlovic,R,26.018,201,290,1,6-3 6-4,3,TRAIN
ca8e8e4fed80349f4b21fdf97c2744a311abbb82c55cb3333f13ffc2337f18b3,2026-8375,Mexico City,20260406,Clay,O,F,31,D994,James Duckworth,R,34.207,86,672,N679,Stefano Napolitano,R,30.987,301,168,1,6-7(7) 7-6(3) 6-2,3,TRAIN
44d13e90e15ce15638c477f8e9e5cbde1395af3fdfe3119b21457e8bb73f1652,2026-9687,Madrid,20260406,Clay,O,R32,1,AA27,Franco Agamenone,R,32.975,282,184,R0E0,Chris Rodesch,R,24.717,146,434,1,5-7 6-2 6-1,3,TRAIN
d3cb265332334107f77985be9767aa848b1b0def873245e223ef7c1395713b7f,2026-9687,Madrid,20260406,Clay,O,R32,2,P09O,Zsombor Piros,R,26.48,161,378,S0NV,Abdullah Shelbayh,L,22.387,299,170,1,6-1 2-6 6-1,3,TRAIN
b658d1f22ac631f11e699f37f8b5be4d4c26d78fda5ab1cf4e10752fc03b2559,2026-9687,Madrid,20260406,Clay,O,R32,4,BV16,Ugo Blanchet,R,27.25,160,381,RB60,Oriol Roca Batalla,R,32.934,401,119,0,6-1 6-4,3,TRAIN
aece67a977f490a56b3755cf052bc230f415df0b6595ca849c52a846a20a02fe,2026-9687,Madrid,20260406,Clay,O,R32,5,R0FP,Daniel Rincon,L,23.244,277,189,S0TM,Toby Samuel,R,23.581,169,358,0,6-7(3) 6-4 6-1,3,TRAIN
c6e69afdc2ae5b2e747f591f527db5777bc1c51fc3421c4ef52dcf8ab9151533,2026-9687,Madrid,20260406,Clay,O,R32,6,F840,Nerman Fatic,R,31.45,248,222,M0EA,Pol Martin Tiffon,R,26.686,309,163,1,6-7(4) 7-6(6) 6-1,3,TRAIN
486e3cf7195cdf9908bb8412ca02f9d7a91e9bfafc2d57f68a9a553b25387d2d,2026-9687,Madrid,20260406,Clay,O,R32,7,HB48,Calvin Hemery,R,31.187,353,140,M0GB,Alex Martinez,R,25.049,304,166,1,6-2 7-6(3),3,TRAIN
99b044a1adb605c20bbc61157c0e1333211bd62ffcd37e2c14313d15b0afc6aa,2026-9687,Madrid,20260406,Clay,O,R32,8,B0TP,Henry Bernet,R,19.195,497,84,M0HT,Alejandro Moro Canas,R,25.328,233,234,0,6-4 6-1,3,TRAIN
d7bf0f5341c79299125695863a4762f9e14982d8788f06880fa045b065f31dda,2026-9687,Madrid,20260406,Clay,O,R32,9,C0NB,Federico Cina,R,19.02,206,285,R09X,Jurij Rodionov,L,26.891,176,341,0,6-4 6-3,3,TRAIN
cfdfa15163f5e4ccf599decce1f11b208844de8fdafa2e0bced4f74b4b58d767,2026-9687,Madrid,20260406,Clay,O,R32,10,D0LJ,Diego Dedura,L,18.067,258,207,SX50,Roman Safiullin,R,28.663,229,242,0,6-4 7-5,3,TRAIN
547a920e51341301595cec675dd214a05079690ea153a85a677c080b582b9c83,2026-9687,Madrid,20260406,Clay,O,R32,11,KH56,Zdenek Kolar,R,29.489,182,331,S0KT,Stefanos Sakellaridis,R,21.561,210,282,0,7-5 7-6(2),3,TRAIN
1b5593c79cf8307d28f5f1c4a2dfc6e936469a206731d3b126f18620f11a8460,2026-9687,Madrid,20260406,Clay,O,R32,12,B0MM,Edas Butvilas,R,21.703,268,199,S0WT,Joel Schwaerzler,L,20.189,174,342,0,7-6(5) 3-6 6-3,3,TRAIN
3c919aa887a11cc17d62c450c048d3c86888e4305d1ff294f1588ac34098e7fd,2026-9687,Madrid,20260406,Clay,O,R32,13,N0DB,Andrej Nedic,R,21.47,289,178,S0LA,Dominic Stricker,L,23.639,337,150,0,6-3 6-7(1) 6-2,3,TRAIN
4595134a6b15cb360ecbfd4ba950e5a7818c03c637511c5f0b81566f83501848,2026-9687,Madrid,20260406,Clay,O,R32,14,G0IX,Arthur Gea,R,21.257,137,454,PI96,Sergi Perez Contri,L,28.208,542,72,0,6-2 3-6 6-1,3,TRAIN
8ca694b2b1d8b590725d8a471b5b44a452728ed8749674f2eb1825809ee0a0f0,2026-9687,Madrid,20260406,Clay,O,R32,15,L0CX,Pablo Llamas Ruiz,R,23.48,151,414,SN54,Frederico Ferreira Silva,L,31.053,236,231,1,6-4 4-6 7-5,3,TRAIN
8f5c6dd58a8464e670162b4cabaccab4f4ecf911b16ad165914b8fc05b30ed32,2026-9687,Madrid,20260406,Clay,O,R32,16,I0BF,Ivan Ivanov,R,17.432,771,36,S0GZ,Nikolas Sanchez Izquierdo,R,27.061,284,182,0,7-5 6-2,3,TRAIN
7e9895ffe504a7f92e5adff9afb19bcf65a6754955fe09d1a6e6c615d45f77a3,2026-9687,Madrid,20260406,Clay,O,R16,17,J551,Nicolas Jarry,R,30.486,156,391,S0LA,Dominic Stricker,L,23.639,337,150,1,6-2 7-6(5),3,TRAIN
d7f966686c5ee4abbbf6c914ecadfd3169c650ed2a184036bc4874687e62b3e3,2026-9687,Madrid,20260406,Clay,O,R16,18,S0KT,Stefanos Sakellaridis,R,21.561,210,282,S0TM,Toby Samuel,R,23.581,169,358,0,6-2 3-6 7-6(2),3,TRAIN
903bcec1a2e788f16afa4cc1aed83eba97018e46fb0effc9c98bed39426c6cd5,2026-9687,Madrid,20260406,Clay,O,R16,19,AA27,Franco Agamenone,R,32.975,282,184,F840,Nerman Fatic,R,31.45,248,222,0,6-3 4-6 7-6(1),3,TRAIN
b2908b228368c92f9d52330701db94ac3679a2863c2814b5a158e705bfe928ac,2026-9687,Madrid,20260406,Clay,O,R16,20,S0WT,Joel Schwaerzler,L,20.189,174,342,SX50,Roman Safiullin,R,28.663,229,242,1,6-3 6-4,3,TRAIN
b32eb4266aca961be5f9939f7ca95857828ac6d2dc702f6e550015b0d7bf99da,2026-9687,Madrid,20260406,Clay,O,R16,21,L0CX,Pablo Llamas Ruiz,R,23.48,151,414,M0HT,Alejandro Moro Canas,R,25.328,233,234,0,6-4 7-6(5),3,TRAIN
e496c188cea52adc10c4a14ec6b4603c3081e626da6b4d05f6c27d577e30946b,2026-9687,Madrid,20260406,Clay,O,R16,22,HB48,Calvin Hemery,R,31.187,353,140,P09O,Zsombor Piros,R,26.48,161,378,0,6-0 6-2,3,TRAIN
861447766927d66be6e5c0b15e6fb407c8e5e34264167cc55661ccad51699a95,2026-9687,Madrid,20260406,Clay,O,R16,23,PI96,Sergi Perez Contri,L,28.208,542,72,R09X,Jurij Rodionov,L,26.891,176,341,0,7-6(5) 6-7(5) 6-3,3,TRAIN
20354f221cc792d5eb8e2b20766b886f45367185c3aef79d1780916da2bf2633,2026-9687,Madrid,20260406,Clay,O,R16,24,RB60,Oriol Roca Batalla,R,32.934,401,119,S0GZ,Nikolas Sanchez Izquierdo,R,27.061,284,182,0,6-4 6-4,3,TRAIN
49140f50abd5225daf6d10b97a108a871473d4eba9062b6a962ae5d8d59331bb,2026-9687,Madrid,20260406,Clay,O,QF,25,M0HT,Alejandro Moro Canas,R,25.328,233,234,P09O,Zsombor Piros,R,26.48,161,378,0,4-6 6-3 6-4,3,TRAIN
f25c1a6322d7a18c39e1ac49c1bae7c52003d36301fe5da817f048f8a6a1ecc4,2026-9687,Madrid,20260406,Clay,O,QF,26,F840,Nerman Fatic,R,31.45,248,222,J551,Nicolas Jarry,R,30.486,156,391,0,6-1 6-4,3,TRAIN
6b017a5f47d29e8533324bb9f597520daf43b450d4986d914a61d1e894e1d37a,2026-9687,Madrid,20260406,Clay,O,QF,27,S0TM,Toby Samuel,R,23.581,169,358,S0WT,Joel Schwaerzler,L,20.189,174,342,1,7-6(7) 7-6(2),3,TRAIN
cf07e420fb238ac596e848bd8fe87227d16536d7f074668e25abec3cfa1a1bf3,2026-9687,Madrid,20260406,Clay,O,QF,28,R09X,Jurij Rodionov,L,26.891,176,341,S0GZ,Nikolas Sanchez Izquierdo,R,27.061,284,182,1,6-3 6-4,3,TRAIN
71810b7c4ec915486b758543c5d35412c11887144a48dd21447f5964e3881ee4,2026-9687,Madrid,20260406,Clay,O,SF,29,P09O,Zsombor Piros,R,26.48,161,378,S0TM,Toby Samuel,R,23.581,169,358,1,4-6 6-3 6-3,3,TRAIN
3cb9a79dc5cea9f27c97a647c6fed20ff2ae44aabb71cc52863c7eb4aeb1d170,2026-9687,Madrid,20260406,Clay,O,SF,30,J551,Nicolas Jarry,R,30.486,156,391,R09X,Jurij Rodionov,L,26.891,176,341,0,6-7(6) 7-6(4) 7-6(4),3,TRAIN
de884434b6de58646b29aa271908c378851bafa72dcb1ee6ceb1d4d604ba383b,2026-9687,Madrid,20260406,Clay,O,F,31,P09O,Zsombor Piros,R,26.48,161,378,R09X,Jurij Rodionov,L,26.891,176,341,1,7-5 6-2,3,TRAIN
e70926fd8b1e289b242350d2b62e1a6b98d0a547d54b655e34ca725da4850505,2026-692,Tallahassee,20260413,Clay,O,R32,1,D0D4,Stefan Dostanic,R,24.438,270,196,G0BY,Daniil Glinka,L,25.919,177,338,0,6-2 7-6(3),3,TRAIN
5c804b77094a80d9f83a7b2e6a89a207223083b274edcc0ce8466a004ed46dbc,2026-692,Tallahassee,20260413,Clay,O,R32,2,LI10,Christian Langmo,R,29.864,461,95,M0NP,Andres Martin,R,24.767,274,194,0,6-4 7-5,3,TRAIN
457d0ae439af45c0e8dcc478b1cd2ceb64a6f636003e25f85127c9d931c6b57d,2026-692,Tallahassee,20260413,Clay,O,R32,3,KE64,Stefan Kozlov,R,28.194,259,209,RG42,Alex Rybakov,L,29.207,342,148,0,7-6(3) 6-2,3,TRAIN
3e7b18cffcd3591992005660e7b2a4240f2dc2c90d8933a4c90609e6c9ae5f4a,2026-692,Tallahassee,20260413,Clay,O,R32,4,P0EA,Saba Purtseladze,R,24.646,328,153,Z0AK,Tyler Zink,R,25.199,315,161,0,4-6 7-6(6) 6-1,3,TRAIN
049e3b8c74b158f4ec9f587af006e014fb94017871f3240ddc4667ce4f0c10b0,2026-692,Tallahassee,20260413,Clay,O,R32,5,B0PW,Kaylan Bigun,L,19.89,664,52,D0DP,Liam Draxl,R,24.353,157,402,0,3-6 6-2 6-1,3,TRAIN
cd8e9a3bfe51b2fd203ac69ea2c4a450499c2b3135d7b33fb1bc523f9c81976f,2026-692,Tallahassee,20260413,Clay,O,R32,6,GJ16,Federico Agustin Gomez,R,29.377,185,322,MP01,Michael Mmoh,R,28.255,264,205,0,6-2 6-1,3,TRAIN
339515917c911facf12b6ea7fa323df04d1713d290d688e3df23a9e6d6700556,2026-692,Tallahassee,20260413,Clay,O,R32,7,K0DB,Cannon Kingsley,R,24.936,435,104,PG20,Dmitry Popko,R,29.467,591,64,1,6-3 3-6 7-5,3,TRAIN
a30f1cae02236ec2dd2037242bc8a9e404396da3abb062f5926949d52343b7b3,2026-692,Tallahassee,20260413,Clay,O,R32,8,KC29,Nicolas Kicker,R,33.656,346,146,R0A7,Joao Lucas Reis Da Silva,R,26.048,211,275,0,6-2 6-3,3,TRAIN
226f5c2b887c93ba3b4f02562cdaf9f8d898855648bda921aa0a494f5aea2a40,2026-692,Tallahassee,20260413,Clay,O,R32,10,J0B5,Garrett Johns,R,25.32,392,125,S0ZE,Colton Smith,R,23.107,189,308,1,7-6(6) 6-1,3,TRAIN
3420a731370e2674a57b006a56a0f4d3a7e76b5f6fa67c07b788fc1cdd92ee11,2026-692,Tallahassee,20260413,Clay,O,R32,12,B0FI,Pedro Boscardin Dias,R,23.206,229,247,O660,Genaro Alberto Olivieri,R,27.691,198,292,1,4-6 6-4 6-3,3,TRAIN
e2cb799380d26742829ef684d762115a238c33e1881902c908242a45fd93d728,2026-692,Tallahassee,20260413,Clay,O,R32,13,B0OU,Hynek Barton,R,22.021,296,176,K0HN,Bruno Kuzuhara,R,22.031,578,67,1,4-6 6-4 6-3,3,TRAIN
b1f651a6b102e4fe82005efe8c2126fb55b24b47408191e4df65c9cb1bf7ab73,2026-692,Tallahassee,20260413,Clay,O,R32,14,B0NO,Darwin Blanch,L,18.541,246,226,GE33,Daniel Elahi Galan,R,29.818,245,226,1,3-6 6-1 6-4,3,TRAIN
6dab828856d47f58bc5c7e95fe26e3d59e994a3a85e102fcfa509ef5e76a967d,2026-692,Tallahassee,20260413,Clay,O,R32,15,A0CJ,Duje Ajdukovic,R,25.183,287,183,C0AK,Oliver Crawford,R,26.954,222,253,0,6-3 6-4,3,TRAIN
2644bd012d8709c58ff332873816c1a44ec4b850f255cfd3f2482c3c0351d4c8,2026-692,Tallahassee,20260413,Clay,O,R32,16,KC12,Mitchell Krueger,R,32.249,271,195,SG56,Daniel Dutra da Silva,L,37.771,377,130,1,2-6 6-3 6-4,3,TRAIN
ecfe6970ea9e82f790852f556607fedc417a831a3406c57d613dd83f45ecfb61,2026-692,Tallahassee,20260413,Clay,O,R16,17,B0NO,Darwin Blanch,L,18.541,246,226,G0BY,Daniil Glinka,L,25.919,177,338,0,6-3 6-4,3,TRAIN
cbce055da93da21ab062fa8249d67e575396338b76eca98388a1807c696cda24,2026-692,Tallahassee,20260413,Clay,O,R16,18,M0NP,Andres Martin,R,24.767,274,194,T09X,Clement Tabur,R,26.218,196,297,0,6-3 5-7 6-3,3,TRAIN
f9245f3d771af6eb9feb4d3afd4840d6ba3a452da38d968907b7ee5b31dd2c54,2026-692,Tallahassee,20260413,Clay,O,R16,19,C0AK,Oliver Crawford,R,26.954,222,253,K0NP,Jack Kennedy,R,17.856,864,28,0,7-6(4) 4-6 7-5,3,TRAIN
c7c799c5f323f0bf861803e8a58b51ac7bcf1c80d078f47fb7cd0dc3ad97f08d,2026-692,Tallahassee,20260413,Clay,O,R16,20,KC12,Mitchell Krueger,R,32.249,271,195,Z0AK,Tyler Zink,R,25.199,315,161,0,6-1 6-2,3,TRAIN
e3b453cbc782fe287952efa7d4b82155a8628c4f730edd3214c6537368fa2903,2026-692,Tallahassee,20260413,Clay,O,R16,21,D0DP,Liam Draxl,R,24.353,157,402,R0A7,Joao Lucas Reis Da Silva,R,26.048,211,275,0,6-3 7-5,3,TRAIN
827013cfff477e3ae60683aab6b49430bc943af65bd70116f3e561c1f22375c1,2026-692,Tallahassee,20260413,Clay,O,R16,22,B0OU,Hynek Barton,R,22.021,296,176,J0B5,Garrett Johns,R,25.32,392,125,1,6-4 6-4,3,TRAIN
0443f8e0d76e06a777a99ac25ba0ff30dc6dac57d4ab1a968235435632891937,2026-692,Tallahassee,20260413,Clay,O,R16,23,B0FI,Pedro Boscardin Dias,R,23.206,229,247,RG42,Alex Rybakov,L,29.207,342,148,1,2-6 7-5 7-5,3,TRAIN
c9e5ccdc5d88a28eb52580802e735a9fa584c57d9b751e226dd6012404bf8857,2026-692,Tallahassee,20260413,Clay,O,R16,24,K0DB,Cannon Kingsley,R,24.936,435,104,MP01,Michael Mmoh,R,28.255,264,205,0,4-6 7-6(4) 6-4,3,TRAIN
711daa071c22cfb9003068bd1e2df989ed07437d5ce58676e5294d2783fdce9f,2026-692,Tallahassee,20260413,Clay,O,QF,25,G0BY,Daniil Glinka,L,25.919,177,338,K0NP,Jack Kennedy,R,17.856,864,28,0,6-4 6-4,3,TRAIN
e8f5c10f25fbe5299ce6dd881f5ebf2406a724557e3af9915d042378cfa038f9,2026-692,Tallahassee,20260413,Clay,O,QF,26,T09X,Clement Tabur,R,26.218,196,297,Z0AK,Tyler Zink,R,25.199,315,161,1,6-1 6-4,3,TRAIN
eebe50e7e3dd97bd8abd49aa441df695870e03956e61a2154ce3675320deda50,2026-692,Tallahassee,20260413,Clay,O,QF,27,B0OU,Hynek Barton,R,22.021,296,176,MP01,Michael Mmoh,R,28.255,264,205,0,6-3 7-6(5),3,TRAIN
15b7dd6a375949542abcb21596bd40c877626f6bdd8647726a06db0005020a09,2026-692,Tallahassee,20260413,Clay,O,QF,28,B0FI,Pedro Boscardin Dias,R,23.206,229,247,R0A7,Joao Lucas Reis Da Silva,R,26.048,211,275,0,6-4 4-6 6-4,3,TRAIN
651dd1ba23038997f4d12d1bacc6dcad14d2d26c117424e1691a06d00cb0ed70,2026-692,Tallahassee,20260413,Clay,O,SF,29,MP01,Michael Mmoh,R,28.255,264,205,T09X,Clement Tabur,R,26.218,196,297,0,6-4 6-2,3,TRAIN
321fdce0f9dcb0a48ac28e6036322c64c78d9a8d2c439e1d217680f007d8e671,2026-692,Tallahassee,20260413,Clay,O,SF,30,K0NP,Jack Kennedy,R,17.856,864,28,R0A7,Joao Lucas Reis Da Silva,R,26.048,211,275,0,6-2 2-6 6-4,3,TRAIN
94fcb997123736d3e414001b7c1c2e64cfe15ea8d4696ffd78fd0efa340336fe,2026-9479,Santa Cruz,20260413,Clay,O,R32,1,DA31,Hugo Dellien,R,32.824,156,403,Z0CO,Maximo Zeitune,R,20.194,677,50,1,6-4 6-4,3,TRAIN
31f5cf204e36653754e4ea32e578f22b601edeee9c6e0332ec8a6d64ffd6941a,2026-9479,Santa Cruz,20260413,Clay,O,R32,2,D0DK,Santiago De La Fuente,R,24.181,646,54,V0F6,Nicolas Villalon,R,22.141,752,39,0,6-4 7-5,3,TRAIN
c71f80904e04fb3a68c403693cdf442c5cc972c54c1bbe58aa0edfc38ac722cf,2026-9479,Santa Cruz,20260413,Clay,O,R32,3,DC48,Murkel Dellien,R,28.572,289,182,P0IY,Juan Carlos Prado Angelo,R,21.103,197,297,0,6-3 6-3,3,TRAIN
7239e18599c045992bdf492a7ef802112de7f1efce152cc606b09a366ebae308,2026-9479,Santa Cruz,20260413,Clay,O,R32,4,RH59,Santiago Rodriguez Taverna,R,26.743,255,215,V0D4,Eric Vanshelboim,R,24.745,532,76,1,6-7(7) 6-4 6-4,3,TRAIN
9fc57b847538615cb83a308ed78fa4ab40e762f6e4017f8b375dde366d47a435,2026-9479,Santa Cruz,20260413,Clay,O,R32,5,R0BT,Franco Roncadelli,L,26.182,276,193,SL94,Pedro Sakamoto,R,32.789,433,105,0,6-4 1-6 6-3,3,TRAIN
56ffbaa5dc733f60b83c2a146649a9ee26d3a471f96edb7946b55cc24151ecfb,2026-9479,Santa Cruz,20260413,Clay,O,R32,6,CE77,Federico Coria,R,34.094,826,32,R0BC,Lorenzo Joaquin Rodriguez,R,26.538,458,96,1,6-1 4-6 6-3,3,TRAIN
c7f54536a30233f2ad1537f14a3e732a9b575c3cd77ff660f1cbf34bff115a50,2026-9479,Santa Cruz,20260413,Clay,O,R32,7,E0DI,Juan Estevez,R,20.556,416,115,L0GR,Juan Manuel La Serna,L,22.185,363,135,1,3-6 6-3 6-3,3,TRAIN
448f4fe3727e12646437b29668834c4c635ca836b8572e2a631e74584839dcf7,2026-9479,Santa Cruz,20260413,Clay,O,R32,8,CG07,Hernan Casanova,R,32.181,404,119,T0DM,Juan Bautista Torres,R,24.03,324,156,0,6-2 6-3,3,TRAIN
227971b4432a0632039dd67a079028f44285fcea2ad0d786c74f2166397d6c5a,2026-9479,Santa Cruz,20260413,Clay,O,R32,9,B0GR,Gonzalo Bueno,R,22.026,187,319,V821,Gonzalo Villanueva,R,31.247,372,131,1,6-4 5-7 6-4,3,TRAIN
21c72dfac9704e0f3bcbecdbbb3e394f29987e80a278a07c1069f54f1e5dc7c2,2026-9479,Santa Cruz,20260413,Clay,O,R32,10,L0LD,Samuel Alejandro Linde Palacios,R,18.467,773,37,SX91,Thiago Seyboth Wild,R,26.092,251,222,0,6-2 6-1,3,TRAIN
72ba3cb26d08aaf25698a3639bca00eaee51bb25440f743043f599157bfe8fa8,2026-9479,Santa Cruz,20260413,Clay,O,R32,11,A0IK,Luciano Emanuel Ambrogi,R,22.398,384,128,J0AW,Guido Ivan Justo,R,28.32,261,208,0,6-4 3-6 7-5,3,TRAIN
45b22bd8be55a319407ac06dc1afbb2a64ca73435dbb2539b93aa6c71127f5cb,2026-9479,Santa Cruz,20260413,Clay,O,R32,12,A0G7,Valerio Aboian,L,23.83,534,75,C0GK,Thiago Cigarran,R,26.048,831,32,1,6-2 6-0,3,TRAIN
ac9e85bde4ae203a648d60506d0651b78cd03ed20bd3c47c9f1f8bfa3b9a9bad,2026-9479,Santa Cruz,20260413,Clay,O,R32,13,D0IN,Ryan Dickerson,R,28.931,670,51,Z0DA,Carlos Maria Zarate,R,21.038,529,77,1,6-4 6-4,3,TRAIN
e359b8a835b84e6a0f1e0f8c3f7c26f80c54fdf62cac0d65b5be6b5414168972,2026-9479,Santa Cruz,20260413,Clay,O,R32,15,M0WY,Guto Miguel,R,17.125,1183,9,R0BF,Franco Ribero,R,26.593,932,22,1,6-0 6-7(4) 6-3,3,TRAIN
271b34e9fc6755d82698f85ce55ddf765c5bacddccc998fb0b1ab1355897d207,2026-9479,Santa Cruz,20260413,Clay,O,R32,16,KE69,Mariano Kestelboim,R,30.182,624,58,S0EK,Matias Soto,R,26.962,304,167,0,7-5 6-1,3,TRAIN
73568217dca3c297c6127bd1157372467623770e6acae986740855c03fc5ce9e,2026-9479,Santa Cruz,20260413,Clay,O,R16,17,DA31,Hugo Dellien,R,32.824,156,403,E0DI,Juan Estevez,R,20.556,416,115,1,6-4 6-3,3,TRAIN
d8b08ceb1dea2f1e64d58edea694e21b007a0629f376b9c8ef3a553e78cf5b15,2026-9479,Santa Cruz,20260413,Clay,O,R16,18,D0IN,Ryan Dickerson,R,28.931,670,51,P0IY,Juan Carlos Prado Angelo,R,21.103,197,297,0,5-7 7-5 6-4,3,TRAIN
6a00289dd230566ad7d88e29db812111b654173a82b67c6d9c81135a57e568ec,2026-9479,Santa Cruz,20260413,Clay,O,R16,19,B0GR,Gonzalo Bueno,R,22.026,187,319,CE77,Federico Coria,R,34.094,826,32,1,6-4 6-1,3,TRAIN
5221eeccf5a856e1402a21f7fe225c943a914df8e53d1e1f13e0f228ea583b3c,2026-9479,Santa Cruz,20260413,Clay,O,R16,20,RH59,Santiago Rodriguez Taverna,R,26.743,255,215,V0F6,Nicolas Villalon,R,22.141,752,39,1,7-6(5) 3-6 7-6(4),3,TRAIN
5bb3f580d7fec4cc3dc0779c8c5baa3bbe261062c466cbf9915673f82c9ea72c,2026-9479,Santa Cruz,20260413,Clay,O,R16,21,M0WY,Guto Miguel,R,17.125,1183,9,SX91,Thiago Seyboth Wild,R,26.092,251,222,0,6-0 6-3,3,TRAIN
8aa51656c87d2aba5b7517d6659cfdf9c5e9253f9c4a1e31d15ca8b836f1dda8,2026-9479,Santa Cruz,20260413,Clay,O,R16,22,J0AW,Guido Ivan Justo,R,28.32,261,208,S0EK,Matias Soto,R,26.962,304,167,0,6-2 6-3,3,TRAIN
5140dc95861f5058343fc309fc60fb042c82296a9a5053b0d3001aad52a90db6,2026-9479,Santa Cruz,20260413,Clay,O,R16,23,A0G7,Valerio Aboian,L,23.83,534,75,MJ98,Facundo Mena,R,33.555,297,174,1,7-5 6-4,3,TRAIN
03694ec16385735d3a01130618cc0ba5393626e5b2bedea0dc884e74cef71420,2026-9479,Santa Cruz,20260413,Clay,O,R16,24,SL94,Pedro Sakamoto,R,32.789,433,105,T0DM,Juan Bautista Torres,R,24.03,324,156,0,6-7(4) 6-2 6-0,3,TRAIN
3790a505d580838a45794e6736708937cb267b02b81ab96fef6e426e3bfd305c,2026-9479,Santa Cruz,20260413,Clay,O,QF,25,DA31,Hugo Dellien,R,32.824,156,403,RH59,Santiago Rodriguez Taverna,R,26.743,255,215,1,3-6 6-4 6-1,3,TRAIN
3bd55b9871fafda6dae4fb1719d430c750f09449118d36e0c262fd3b9fabbda0,2026-9479,Santa Cruz,20260413,Clay,O,QF,26,P0IY,Juan Carlos Prado Angelo,R,21.103,197,297,T0DM,Juan Bautista Torres,R,24.03,324,156,1,6-4 7-5,3,TRAIN
2b82db8dd3c804c1c9bf6e24948fdef67d47b299a3266b22a6d67e251a7134d3,2026-9479,Santa Cruz,20260413,Clay,O,QF,28,A0G7,Valerio Aboian,L,23.83,534,75,SX91,Thiago Seyboth Wild,R,26.092,251,222,1,6-4 2-6 6-4,3,TRAIN
02de8696e3baea25356dd44dd7577958f33a9666f6bb80d317416b2746a1cd2b,2026-9479,Santa Cruz,20260413,Clay,O,SF,29,A0G7,Valerio Aboian,L,23.83,534,75,DA31,Hugo Dellien,R,32.824,156,403,0,6-1 6-4,3,TRAIN
bf9386df586aa6f0f46b3fba110a62d968c38bc697a1e5ff13339b0c5797c9b1,2026-9479,Santa Cruz,20260413,Clay,O,SF,30,P0IY,Juan Carlos Prado Angelo,R,21.103,197,297,S0EK,Matias Soto,R,26.962,304,167,1,6-2 7-5,3,TRAIN
b775da20563091ab1ef24228eb220598e8fbe9d9702d5defb5dd549f6eef685d,2026-9479,Santa Cruz,20260413,Clay,O,F,31,DA31,Hugo Dellien,R,32.824,156,403,P0IY,Juan Carlos Prado Angelo,R,21.103,197,297,1,6-4 7-5,3,TRAIN
add3b383132639590d3cce6431359e68fa1e5b6fa7cf4279f65d13944fc3adad,2026-9514,Oeiras,20260413,Clay,O,R32,1,B0GG,Mattia Bellucci,L,24.865,78,734,F0BT,Jonas Forejtek,R,25.092,307,165,0,6-3 7-5,3,TRAIN
7c8be38b12de9e666af3bd0bfc243594f52086f30c94bb40107e3baf5900c686,2026-9514,Oeiras,20260413,Clay,O,R32,2,L0CX,Pablo Llamas Ruiz,R,23.499,151,419,P0K4,Tiago Pereira,R,21.812,299,172,1,6-2 6-2,3,TRAIN
ddabfd50128c8c8d01e70f47a46c98e943d435c2b8726291e0630cfd0932ca93,2026-9514,Oeiras,20260413,Clay,O,R32,3,HD68,Billy Harris,R,31.214,148,427,R09X,Jurij Rodionov,L,26.91,164,378,0,6-2 1-6 6-3,3,TRAIN
393c33cc6f076efb0ccbc89cc590804119206ce677f34134041f38ffb1e27394,2026-9514,Oeiras,20260413,Clay,O,R32,5,M0HT,Alejandro Moro Canas,R,25.347,234,239,S0UV,Rei Sakamoto,R,19.803,161,381,0,6-4 6-4,3,TRAIN
eae58db62d36d409a3e6a817bc2f908f72fb717d9537c5a1e0de74ca220911d6,2026-9514,Oeiras,20260413,Clay,O,R32,6,CF01,Marco Cecchinato,R,33.533,186,322,R0EB,Valentin Royer,R,24.873,76,742,0,6-2 1-6 6-4,3,TRAIN
f5cc0d65703def70bb316c3188d79bf88a507d905ac347b872199c69f9cf7b28,2026-9514,Oeiras,20260413,Clay,O,R32,7,EA13,Moez Echargui,R,33.254,146,433,R0E0,Chris Rodesch,R,24.736,145,434,1,6-4 7-6(4),3,TRAIN
282b037986faaaa6560b7b133cdc2d38a42f3fcfdd4cf641881d68f3ddb33b33,2026-9514,Oeiras,20260413,Clay,O,R32,8,E698,Gastao Elias,R,35.384,527,77,S0WT,Joel Schwaerzler,L,20.208,173,348,0,6-3 3-6 6-0,3,TRAIN
23ae733613c1e55f711633a0528314f0bccc27076782a9b0e8acb8e4d96d8956,2026-9514,Oeiras,20260413,Clay,O,R32,9,S0GR,Timofey Skatov,R,25.224,195,300,V0DZ,Luca Van Assche,R,21.922,100,635,0,6-1 6-4,3,TRAIN
20653ec19922eac8e2223754e3864441c5f5ee6eb031daa7a2f5c27fdfa50aaf,2026-9514,Oeiras,20260413,Clay,O,R32,10,C0DF,Francisco Comesana,R,25.517,92,649,SN54,Frederico Ferreira Silva,L,31.072,241,231,0,3-6 6-3 6-2,3,TRAIN
1701392287634487ac020f438b038005730d68a1c3413c37be11def88cea9b17,2026-9514,Oeiras,20260413,Clay,O,R32,11,MK66,Mackenzie McDonald,R,30.992,123,501,T0AP,Chun-Hsin Tseng,R,24.679,159,383,0,6-1 7-6(7),3,TRAIN
219c9783386b277c9b7133ad6186529a7b9255eb56c601a4c1870a1587e191d4,2026-9514,Oeiras,20260413,Clay,O,R32,12,BU70,Remy Bertola,R,27.617,199,292,L987,Dusan Lajovic,R,35.786,134,459,0,6-4 6-4,3,TRAIN
04df3b66883f5a2b7b616fab691dbcb7db2d2537814c5a3dfd22cbc7404f418a,2026-9514,Oeiras,20260413,Clay,O,R32,13,G0IB,Tom Gentzsch,R,22.604,231,244,R0GO,Henrique Rocha,R,22.018,126,496,0,7-6(3) 7-6(4),3,TRAIN
261dbceeeb4ecfd5b3bc46ac380a680ea5bbc4b6c1147e0b6b38d8f4ccd740fa,2026-9514,Oeiras,20260413,Clay,O,R32,14,J551,Nicolas Jarry,R,30.505,155,403,M0K4,Elmer Moller,R,22.762,129,489,1,6-2 3-6 6-0,3,TRAIN
ae8ff7917478ad3c4442b1f46463cb66630fd6646db76e854eaab9eb68ff57c9,2026-9514,Oeiras,20260413,Clay,O,R32,15,D0H9,Guy Den Ouden,R,24.014,181,333,F0F2,Jaime Faria,R,22.686,142,443,0,6-7(1) 6-2 6-4,3,TRAIN
c31b2ea38d5ac79825f768e8a185165976c8f99bff4427ba6892958a60912cf5,2026-9514,Oeiras,20260413,Clay,O,R32,16,H0CX,Max Houkes,L,25.777,257,213,KH56,Zdenek Kolar,R,29.509,182,331,1,6-2 6-3,3,TRAIN
9258df3c1ab857c4c48a14ff0f16b923aacab56e9e3d5549bb14bc776c8cad73,2026-9514,Oeiras,20260413,Clay,O,R16,17,SX50,Roman Safiullin,R,28.682,226,248,V0DZ,Luca Van Assche,R,21.922,100,635,1,7-5 3-6 6-2,3,TRAIN
a34e0b92b0f956857b69bffa9b9861cfdd81c900c3682169e3341285a37327be,2026-9514,Oeiras,20260413,Clay,O,R16,18,R0GO,Henrique Rocha,R,22.018,126,496,S0UV,Rei Sakamoto,R,19.803,161,381,1,7-6(7) 7-6(4),3,TRAIN
9c05334b43504e1c956dedc33d42cad8304c39e59b8932efee123599dc292097,2026-9514,Oeiras,20260413,Clay,O,R16,20,F0BT,Jonas Forejtek,R,25.092,307,165,L0CX,Pablo Llamas Ruiz,R,23.499,151,419,0,7-6(2) 6-7(5) 6-4,3,TRAIN
cda01a64ae9ab3ed5fe63d815ea1267e9322cf569f78a01cb0a3f4644d2ceb0f,2026-9514,Oeiras,20260413,Clay,O,R16,21,R09X,Jurij Rodionov,L,26.91,164,378,R0EB,Valentin Royer,R,24.873,76,742,0,3-6 6-4 7-5,3,TRAIN
f6a6f120b491bed96a7ae95715027165cb34ba1e0af121f0ef1296eef21a732f,2026-9514,Oeiras,20260413,Clay,O,R16,22,H0CX,Max Houkes,L,25.777,257,213,L987,Dusan Lajovic,R,35.786,134,459,1,7-6(1) 6-4,3,TRAIN
07e93d68390c6f18d303814497670232959fc1666ede5cce85d583e2f7b02f02,2026-9514,Oeiras,20260413,Clay,O,R16,23,EA13,Moez Echargui,R,33.254,146,433,SN54,Frederico Ferreira Silva,L,31.072,241,231,0,6-3 6-4,3,TRAIN
fed5f169ac3b1489d52fba2d6d72aaa92870ea2cc0f99d03239678737bf767df,2026-9514,Oeiras,20260413,Clay,O,R16,24,S0WT,Joel Schwaerzler,L,20.208,173,348,T0AP,Chun-Hsin Tseng,R,24.679,159,383,1,6-1 6-4,3,TRAIN
4722bce3c779b93ba4eff1733b3e4b0f4ccb0ef4764957bb470af3d74b8163e5,2026-9514,Oeiras,20260413,Clay,O,QF,25,R0EB,Valentin Royer,R,24.873,76,742,S0WT,Joel Schwaerzler,L,20.208,173,348,1,7-5 3-6 6-3,3,TRAIN
ef74bcfecd69ee796538a6099387b3839ceff59383f0addbe3a417f437377848,2026-9514,Oeiras,20260413,Clay,O,QF,26,L0CX,Pablo Llamas Ruiz,R,23.499,151,419,R0GO,Henrique Rocha,R,22.018,126,496,0,6-0 7-5,3,TRAIN
22438d42d28832f012d7c0d73f9e90235704ebd36fbf4f8d018e45b8e9471a1c,2026-9514,Oeiras,20260413,Clay,O,QF,27,H0CX,Max Houkes,L,25.777,257,213,SN54,Frederico Ferreira Silva,L,31.072,241,231,1,6-4 4-6 7-6(2),3,TRAIN
3d38798992ab37f648194aa3f7f9dfd818d412baa64c5349185d225eded43918,2026-9514,Oeiras,20260413,Clay,O,QF,28,F0F2,Jaime Faria,R,22.686,142,443,SX50,Roman Safiullin,R,28.682,226,248,0,4-6 6-3 7-6(1),3,TRAIN
37b8b1374525bb339f9061e32a006ed51498b4d0959b58cc89983f2c668a9711,2026-9514,Oeiras,20260413,Clay,O,SF,29,H0CX,Max Houkes,L,25.777,257,213,R0EB,Valentin Royer,R,24.873,76,742,0,6-2 6-3,3,TRAIN
563b281125351e5840e58a58bc18a2eec1abb4f98dbd5d96bedac589d3e558fc,2026-9514,Oeiras,20260413,Clay,O,SF,30,R0GO,Henrique Rocha,R,22.018,126,496,SX50,Roman Safiullin,R,28.682,226,248,0,6-4 6-4,3,TRAIN
057752eaffd02365418dad450fc86d6feed8ea585059710b12b172bdbe5e312b,2026-9514,Oeiras,20260413,Clay,O,F,31,R0EB,Valentin Royer,R,24.873,76,742,SX50,Roman Safiullin,R,28.682,226,248,0,6-1 6-2,3,TRAIN
f9be2258528e3cde3a365d1475fa2cc02792e4131df7cbaed3c8b5b4b03defba,2026-2151,Rome,20260420,Clay,O,R32,1,F840,Nerman Fatic,R,31.488,240,234,T0AP,Chun-Hsin Tseng,R,24.698,168,366,1,6-3 6-4,3,TRAIN
e6074eaa78b72d79456a5e4d179146edb8e72ced455b3c43ee8b638029bab01a,2026-2151,Rome,20260420,Clay,O,R32,2,DG80,Enrico Dalla Valle,R,28.082,481,88,S0GZ,Nikolas Sanchez Izquierdo,R,27.099,293,178,0,6-0 6-3,3,TRAIN
6f98be05804777552b95d3518d64916e9647d8a2894d618cea3e08ed02b32706,2026-2151,Rome,20260420,Clay,O,R32,3,SN54,Frederico Ferreira Silva,L,31.091,234,241,V0J1,Jacopo Vasami,L,18.335,555,69,0,4-6 6-3 6-2,3,TRAIN
9ec245a0f073d7fdd6bc2bd0fcd0227268bdf159aec1861d426ca48659958d9c,2026-2151,Rome,20260420,Clay,O,R32,4,M0SE,Maxim Mrva,R,18.716,307,167,VA08,Andrea Vavassori,R,30.96,614,59,0,7-6(4) 6-7(4) 6-3,3,TRAIN
237920127505264f1855ed61f5967449fe206c431ef2c18bc0212b2913e44492,2026-2151,Rome,20260420,Clay,O,R32,5,S0GD,Dalibor Svrcina,R,23.548,127,491,V0GR,Alexander Vasilev,L,18.935,889,25,1,6-1 6-3,3,TRAIN
8e0ea0a40661dea56d41d0deb596d2cc286bd9bd87a4313ea9e6aa145a623628,2026-2151,Rome,20260420,Clay,O,R32,6,B0GY,Alex Barrena,R,23.526,170,362,C0NN,Gianluca Cadenasso,R,21.555,232,243,0,2-6 6-1 6-2,3,TRAIN
8b88ebde27bd1ef74f753bf1fee247e11e323caf8e3d0171adbc0ef62a6714d1,2026-2151,Rome,20260420,Clay,O,R32,7,S0AK,Henri Squire,R,25.561,252,216,S0KT,Stefanos Sakellaridis,R,21.599,214,273,0,7-6(3) 4-6 6-4,3,TRAIN
853e8ec06afc7180e041578d4e8032b56f759a7ffe2851e1c20d9cc9d2759323,2026-2151,Rome,20260420,Clay,O,R32,8,B0TP,Henry Bernet,R,19.233,503,84,P0AY,Luka Pavlovic,R,26.056,220,261,1,6-3 6-4,3,TRAIN
eb98a0cb28ffc991815eae6b94fcb04b5e0ac6fc6fd59f4aa49e4bcfe14491d3,2026-2151,Rome,20260420,Clay,O,R32,9,A09T,Dan Added,R,27.02,216,265,F0DM,Arthur Fery,R,23.773,161,380,0,7-6(6) 4-6 6-4,3,TRAIN
54f354d6e8029bdcfb6688be09aa0661a20b6e140bba0d44669237ce982089bf,2026-2151,Rome,20260420,Clay,O,R32,10,D0H9,Guy Den Ouden,R,24.033,193,304,H996,Pierre-Hugues Herbert,R,35.091,225,250,0,6-3 6-7(3) 6-3,3,TRAIN
8fccd73e4c4a97b2bd111475e42559e88df4f6033677f2a481a985760cd8a1c4,2026-2151,Rome,20260420,Clay,O,R32,11,BU70,Remy Bertola,R,27.636,212,276,J09X,Filip Cristian Jianu,R,24.586,272,194,0,6-4 6-2,3,TRAIN
b2d8b6543e127a35dddbf09e7bc326ece0ee5e7f9e45d7befdd29652f472af48,2026-2151,Rome,20260420,Clay,O,R32,12,C0LK,Carlo Alberto Caniato,R,20.468,373,131,DB63,Laslo Djere,R,30.883,267,197,0,6-4 7-6(4),3,TRAIN
ab4dec71ddbdf56b0e9c39600b26d932024ac9839290d6410a4e3f2972eb669b,2026-2151,Rome,20260420,Clay,O,R32,13,C0B2,Cezar Cretu,R,24.988,376,130,T0FI,Marko Topo,R,22.601,249,220,1,6-2 6-0,3,TRAIN
7e27d1518341780e72e3a3f9127f78a898f3501ba76c2b59913748065d07b201,2026-2151,Rome,20260420,Clay,O,R32,14,B0PE,Federico Bondioli,L,20.928,329,155,G0A0,Andrea Guerrieri,L,27.379,338,149,0,7-6(4) 6-2,3,TRAIN
1d4e3266225dec1a971ccc4ff452d163b05ce0efede1a05c1d12bd8c3ddd4be3,2026-2151,Rome,20260420,Clay,O,R32,15,F0BT,Jonas Forejtek,R,25.112,296,176,M0EA,Pol Martin Tiffon,R,26.724,312,163,0,6-4 0-6 6-4,3,TRAIN
fa96f81018c6ee92b949d81158b25c75784ce885f822a6268c6548727493ac57,2026-2151,Rome,20260420,Clay,O,R32,16,CG33,Kimmer Coppejans,R,32.197,229,245,R0HK,Filippo Romano,R,20.786,380,128,0,6-1 6-0,3,TRAIN
dd14238ddb8806e2a81c88c093b9c15611d2ba0ebf971195f81e185e0a972fb5,2026-2151,Rome,20260420,Clay,O,R16,17,B0TP,Henry Bernet,R,19.233,503,84,S0GD,Dalibor Svrcina,R,23.548,127,491,0,6-4 6-4,3,TRAIN
72781a2d747e2d19b2f1ac5aad58bb8076444c704420011bf2dbc3c8f9630efd,2026-2151,Rome,20260420,Clay,O,R16,18,F0DM,Arthur Fery,R,23.773,161,380,G0A0,Andrea Guerrieri,L,27.379,338,149,0,6-4 6-3,3,TRAIN
292b10ae20d677884a8877ac0fa6f38c38a7357ed4a03d56fc31ea030c44c757,2026-2151,Rome,20260420,Clay,O,R16,19,DB63,Laslo Djere,R,30.883,267,197,VA08,Andrea Vavassori,R,30.96,614,59,0,6-3 6-4,3,TRAIN
ba4071b1b8513090ce19fad098227c3a882548184204f214f3ad4a7f602de24d,2026-2151,Rome,20260420,Clay,O,R16,20,J09X,Filip Cristian Jianu,R,24.586,272,194,R0HK,Filippo Romano,R,20.786,380,128,1,6-3 6-2,3,TRAIN
0a1e98ca49ef76821af7438d09a2d0e76eaa01776790c02f574a0a374627a43c,2026-2151,Rome,20260420,Clay,O,R16,21,F840,Nerman Fatic,R,31.488,240,234,M0EA,Pol Martin Tiffon,R,26.724,312,163,0,6-4 6-2,3,TRAIN
028b5922e2dd67e9db6dbf123a0eeda3c87b5165d5b60edcb2a0ef210f507cf5,2026-2151,Rome,20260420,Clay,O,R16,22,S0GZ,Nikolas Sanchez Izquierdo,R,27.099,293,178,S0KT,Stefanos Sakellaridis,R,21.599,214,273,0,7-6(6) 7-6(3),3,TRAIN
0fa907ead417cff587d8c6f310843bb1f0c08cb024fce1de59063cdab6d7f1b4,2026-2151,Rome,20260420,Clay,O,R16,23,C0B2,Cezar Cretu,R,24.988,376,130,H996,Pierre-Hugues Herbert,R,35.091,225,250,1,6-3 6-2,3,TRAIN
92763620a31e578a01c545ea4e027d1ae1579d606d37807391f25d5e1d99fa13,2026-2151,Rome,20260420,Clay,O,R16,24,C0NN,Gianluca Cadenasso,R,21.555,232,243,V0J1,Jacopo Vasami,L,18.335,555,69,0,6-4 6-2,3,TRAIN
dab8442d056eec754ccd5548f4dbcffd4f8cad6bd60085b230ee1e07e6f334f6,2026-2151,Rome,20260420,Clay,O,QF,25,C0B2,Cezar Cretu,R,24.988,376,130,S0GD,Dalibor Svrcina,R,23.548,127,491,0,6-3 6-1,3,TRAIN
0ba23cd4d5504a8f3077486cb34cefb5898282929a95d0c0b55fcc21c6d26f75,2026-2151,Rome,20260420,Clay,O,QF,26,S0KT,Stefanos Sakellaridis,R,21.599,214,273,V0J1,Jacopo Vasami,L,18.335,555,69,0,6-4 6-3,3,TRAIN
306d93ba356e7de7eea2811d31350b88950f36e6e6ea6712c011776f5908ff3a,2026-2151,Rome,20260420,Clay,O,QF,27,G0A0,Andrea Guerrieri,L,27.379,338,149,J09X,Filip Cristian Jianu,R,24.586,272,194,1,6-1 6-4,3,TRAIN
61090ad6613859ec30501a70444b7bf7b43f776cbde08ea394c368edc6325b99,2026-2151,Rome,20260420,Clay,O,QF,28,M0EA,Pol Martin Tiffon,R,26.724,312,163,VA08,Andrea Vavassori,R,30.96,614,59,1,6-7(4) 6-3 6-3,3,TRAIN
49d4c0059747c83d8153813f28a3fa7e82c15357cf6628335dd33b3efe4b63a8,2026-2151,Rome,20260420,Clay,O,SF,29,S0GD,Dalibor Svrcina,R,23.548,127,491,V0J1,Jacopo Vasami,L,18.335,555,69,1,6-3 7-6(2),3,TRAIN
5563295e6cf9eefc3aa5b9e86adae701bfb4c49ab036ac1875ce3ed635da2d5b,2026-2151,Rome,20260420,Clay,O,SF,30,G0A0,Andrea Guerrieri,L,27.379,338,149,M0EA,Pol Martin Tiffon,R,26.724,312,163,1,6-3 7-5,3,TRAIN
c24aa2957370d30f6b869139226245fa6d8d9f1e35bd663bf84e031b8558ad37,2026-2151,Rome,20260420,Clay,O,F,31,G0A0,Andrea Guerrieri,L,27.379,338,149,S0GD,Dalibor Svrcina,R,23.548,127,491,1,6-4 2-6 6-1,3,TRAIN
dbd0e61cbecd9a337b27a542d069423bfc0a2c4c1435053657a35460f5abc9bc,2026-5067,Savannah,20260420,Clay,O,R32,1,B0NN,Nishesh Basavareddy,R,20.966,177,343,J0FU,Andrew Johnson,R,16.657,909,23,1,6-2 4-6 7-5,3,TRAIN
3010f8700c45782ba04c840289d33cb416b29258a05166777bd45c069404a664,2026-5067,Savannah,20260420,Clay,O,R32,3,S0S5,Braden Shick,R,22.489,412,116,Z0AK,Tyler Zink,R,25.218,298,175,1,6-3 7-5,3,TRAIN
2eed8a072cf88db6376c92f69d2e4a534f009a232d59d926f6106ed7c7713fb9,2026-5067,Savannah,20260420,Clay,O,R32,4,F0HO,Thomas Faurel,R,20.244,417,114,W09G,J.J. Wolf,R,27.329,1030,15,0,6-3 6-4,3,TRAIN
0b5fd97ce46e5f1f2f476cb08322da828ef73cfbd294d49f28f1bd9bae937770,2026-5067,Savannah,20260420,Clay,O,R32,5,B0FI,Pedro Boscardin Dias,R,23.225,222,255,D0DP,Liam Draxl,R,24.372,158,402,0,6-7(12) 6-4 7-6(4),3,TRAIN
d223c7baedcaba7c6a4d28bdb6f8abfea6702875adc7998191fe9bbeda21f26d,2026-5067,Savannah,20260420,Clay,O,R32,6,G0BY,Daniil Glinka,L,25.938,178,342,KE64,Stefan Kozlov,R,28.214,256,213,0,6-2 6-3,3,TRAIN
67841919f625c37864c1f1ef1da13a55a1760b51aa56db64d4119c78f8c6d3e6,2026-5067,Savannah,20260420,Clay,O,R32,7,N552,Kei Nishikori,R,36.307,469,94,S0ZE,Colton Smith,R,23.127,190,308,1,6-2 6-3,3,TRAIN
ca2e98a3f62ec41e68667295af53355a8f27a7f0f2c2eed8091894a29c7dc471,2026-5067,Savannah,20260420,Clay,O,R32,8,B0OU,Hynek Barton,R,22.04,279,189,GE33,Daniel Elahi Galan,R,29.837,264,201,0,2-6 7-5 6-4,3,TRAIN
c69ede1951f0827c0941fd598bc46840614bfb8a7317a8539d0cd84401953840,2026-5067,Savannah,20260420,Clay,O,R32,10,M0NP,Andres Martin,R,24.786,269,196,T09X,Clement Tabur,R,26.237,167,372,0,6-4 3-6 6-3,3,TRAIN
b8a91b565abf8f9ed749ccdeed21e1975132fb79eeb388ce6a7877a88a6f7586,2026-5067,Savannah,20260420,Clay,O,R32,11,AG08,Andy Andrade,R,27.348,217,264,C0AK,Oliver Crawford,R,26.973,224,253,1,6-4 6-4,3,TRAIN
e9854d882f5d237b17ec57f2c054a69a58605e5755b593a971f8c5027394ed78,2026-5067,Savannah,20260420,Clay,O,R32,12,F0F4,Kilian Feldbausch,R,20.616,404,118,RG42,Alex Rybakov,L,29.227,333,152,1,6-4 6-1,3,TRAIN
621a0b8b40c49909c9fc3e623defa3b49dcaa1ff9c143e3b88be371e114fd60a,2026-5067,Savannah,20260420,Clay,O,R32,13,H0A4,Nick Hardt,R,25.58,588,64,P0EA,Saba Purtseladze,R,24.665,330,153,1,6-2 6-0,3,TRAIN
67262fe70bb8f4640b5916a928c2292d26de52723a1d7db74a75f272d7030fae,2026-5067,Savannah,20260420,Clay,O,R32,14,G0GW,Sascha Gueymard Wayenburg,R,22.719,261,203,K0NP,Jack Kennedy,R,17.875,585,65,0,5-7 6-0 6-1,3,TRAIN
abf2fe9ee06400adc98d1b967b3ee8bd705ec9593db1e0ab615efb94976b8b3d,2026-5067,Savannah,20260420,Clay,O,R32,15,A0O1,Michael Antonius,R,16.298,838,31,KC12,Mitchell Krueger,R,32.268,278,189,0,6-7(3) 7-6(4) 6-4,3,TRAIN
07648ad7a279e10bd9ee10b62f163345e9580bfaa1fe0e3e00b5b5d61f1910ab,2026-5067,Savannah,20260420,Clay,O,R32,16,KC29,Nicolas Kicker,R,33.676,344,146,M0NB,Aidan Mayo,R,22.935,621,58,0,7-6(3) 6-1,3,TRAIN
aefd223a90aad7c9ed6f89b432163320d72313ef55430dd4bbb2a6efacfb0dcb,2026-5067,Savannah,20260420,Clay,O,R16,17,B0NN,Nishesh Basavareddy,R,20.966,177,343,R0BT,Franco Roncadelli,L,26.201,273,193,1,6-4 7-6(4),3,TRAIN
67ad8b53af0a9ab7f28bc0ce415118303909e39339aa7f1cd95f4aaf66e81556,2026-5067,Savannah,20260420,Clay,O,R16,18,AG08,Andy Andrade,R,27.348,217,264,M0NB,Aidan Mayo,R,22.935,621,58,1,7-6(5) 6-4,3,TRAIN
4bb628a52a9dbdf992d4c7169e2323e421fd9c3407d7d2eef0905d71c7924c8d,2026-5067,Savannah,20260420,Clay,O,R16,19,D0D4,Stefan Dostanic,R,24.457,268,196,GE33,Daniel Elahi Galan,R,29.837,264,201,0,6-3 4-6 6-3,3,TRAIN
e8a330c117ec099c5c787899f61cc3542dcfbaa46e33ef5ee9a80c97e38393cb,2026-5067,Savannah,20260420,Clay,O,R16,20,KC12,Mitchell Krueger,R,32.268,278,189,S0S5,Braden Shick,R,22.489,412,116,1,6-2 6-7(3) 6-2,3,TRAIN
b1157f46574c460bc8e66be293880332f9e876da651eafb2640991df02857e55,2026-5067,Savannah,20260420,Clay,O,R16,21,D0DP,Liam Draxl,R,24.372,158,402,F0F4,Kilian Feldbausch,R,20.616,404,118,0,6-1 6-0,3,TRAIN
70d8a1c4a17d5b8acdc550589d916ac7e8b948536545a47619332332f6e6f6b2,2026-5067,Savannah,20260420,Clay,O,R16,22,T09X,Clement Tabur,R,26.237,167,372,W09G,J.J. Wolf,R,27.329,1030,15,1,6-4 6-7(2) 6-1,3,TRAIN
bec98ff80207bf161647b11f65a4e81ac9b34f20018bbcae07d7b23baffec4c9,2026-5067,Savannah,20260420,Clay,O,R16,23,H0A4,Nick Hardt,R,25.58,588,64,KE64,Stefan Kozlov,R,28.214,256,213,1,6-2 2-6 6-0,3,TRAIN
59e894e69ce8039e53fc3f0fc1a9d3e1de65b9fdfca1b4485d79fb89077fc739,2026-5067,Savannah,20260420,Clay,O,R16,24,K0NP,Jack Kennedy,R,17.875,585,65,N552,Kei Nishikori,R,36.307,469,94,1,6-3 6-7(3) 6-0,3,TRAIN
606d4c3a0792d2e13b561ceb3fe9170c1ee7f989a20cff05cbe3e2d5308ec223,2026-5067,Savannah,20260420,Clay,O,QF,25,AG08,Andy Andrade,R,27.348,217,264,B0NN,Nishesh Basavareddy,R,20.966,177,343,0,6-3 6-2,3,TRAIN
35aa62048b6ffe35e773e57d15a5c5285e7a4a1e4d2e8520d0f6f1a8058f23bc,2026-5067,Savannah,20260420,Clay,O,QF,26,F0F4,Kilian Feldbausch,R,20.616,404,118,T09X,Clement Tabur,R,26.237,167,372,1,3-6 6-3 7-6(4),3,TRAIN
04c77f6548fa054d63de6a50f1ca12a95b7a0243d4d16ab70453d2b75651d9ed,2026-5067,Savannah,20260420,Clay,O,QF,27,GE33,Daniel Elahi Galan,R,29.837,264,201,KC12,Mitchell Krueger,R,32.268,278,189,1,7-6(3) 7-6(2),3,TRAIN
d98f79bec46dc08a3294f2b83e934b67a762fde5f6d8c6cf17354619bea27adc,2026-5067,Savannah,20260420,Clay,O,QF,28,H0A4,Nick Hardt,R,25.58,588,64,K0NP,Jack Kennedy,R,17.875,585,65,0,7-5 7-5,3,TRAIN
a41133e8149e743ab9d9560070dc8e69fa100132efbc08883a7b6d7d7b41d1e0,2026-5067,Savannah,20260420,Clay,O,SF,29,B0NN,Nishesh Basavareddy,R,20.966,177,343,GE33,Daniel Elahi Galan,R,29.837,264,201,1,7-5 6-4,3,TRAIN
532a4eb13a55b390d33a6c6a299fe41846dfcf76306a79e7264958c5e3f50c6c,2026-5067,Savannah,20260420,Clay,O,SF,30,F0F4,Kilian Feldbausch,R,20.616,404,118,K0NP,Jack Kennedy,R,17.875,585,65,0,7-6(2) 6-3,3,TRAIN
f53bfb316495ededec101cf02589f559d5d7659f9b148a94e182e3354b89134f,2026-5067,Savannah,20260420,Clay,O,F,31,B0NN,Nishesh Basavareddy,R,20.966,177,343,K0NP,Jack Kennedy,R,17.875,585,65,1,6-3 6-0,3,TRAIN
f5ec8a74ac170e6ba5af2a0d892393036a6cbd1aa6975b7d08c59d641f0cb785,2026-7736,Shymkent,20260420,Clay,O,R32,1,PL64,Oleg Prihodko,R,28.545,361,136,S0GR,Timofey Skatov,R,25.243,198,300,0,6-4 6-4,3,TRAIN
cdeb9a6a2d4c1dac0794ddfc375d6775d8df1d49fad12b50e3b44cfa372690f3,2026-7736,Shymkent,20260420,Clay,O,R32,2,O0BR,Daniil Ostapenkov,R,22.951,674,51,P0HY,Samuele Pieri,R,24.14,472,93,1,6-4 5-7 7-6(6),3,TRAIN
dae48a52dd02d114205a344934159e6979bb8bec094c56b2c8d2f9d603caad89,2026-7736,Shymkent,20260420,Clay,O,R32,3,E0AC,Mathys Erhard,R,24.482,409,117,W0BB,Max Wiskandt,R,24.214,685,49,0,6-1 7-6(2),3,TRAIN
8ebad411872345d864ab5e77fe5831fdf3fb2d685b4a85091f58ac8cc133facb,2026-7736,Shymkent,20260420,Clay,O,R32,4,K0CJ,Sandro Kopp,R,25.9,317,162,Z0DF,Damir Zhalgasbay,R,18.16,2246,0,1,6-4 6-1,3,TRAIN
f3b0b16e209c6bc7ba958b5f00af5851a7f0d06f20fac4f8003fabfe2e1bcb05,2026-7736,Shymkent,20260420,Clay,O,R32,5,C0JX,Sean Cuenin,R,22.174,342,147,G0CV,Buvaysar Gadamauri,R,25.777,356,141,0,7-6(6) 7-6(2),3,TRAIN
4850f627393a89a6fab7e3887e62593ce824df1a2d833bac58bdea40a99786d3,2026-7736,Shymkent,20260420,Clay,O,R32,6,B0LQ,Petr Bar Biryukov,L,24.14,343,146,BO10,Gijs Brouwer,L,30.1,1217,8,1,3-6 6-1 6-3,3,TRAIN
be3fcd532621912ad4dea58a9cf2b85683ba377f6c4585618dca727e71836399,2026-7736,Shymkent,20260420,Clay,O,R32,7,G0J9,Svyatoslav Gulin,R,23.376,524,77,R0ED,Max Hans Rehberg,R,22.601,641,55,1,6-4 5-7 6-3,3,TRAIN
e551792b926c51613f827f4b89bfad37fdb6ff286e0fd06a8981e9f4f9fc395f,2026-7736,Shymkent,20260420,Clay,O,R32,8,B0P4,Tomasz Berkieta,R,19.748,479,89,SO20,Jelle Sels,R,30.694,448,99,0,4-6 6-3 6-2,3,TRAIN
cad0e6e69302559105565bb64cc236ff5c83c69aece44981c0166542ba107b1d,2026-7736,Shymkent,20260420,Clay,O,R32,9,B0QC,Gilles Arnaud Bailly,R,20.583,208,284,KI48,Ergi Kirkin,R,27.228,589,64,1,6-3 6-2,3,TRAIN
c2b35670abf01a8ae1480a70c3470098db1530612d21146ca39c624f2c47b960,2026-7736,Shymkent,20260420,Clay,O,R32,10,GE28,Ivan Gakhov,L,29.457,263,202,N0GN,Zangar Nurlanuly,,17.793,1639,3,1,6-3 7-5,3,TRAIN
3f8c536b71a80b9296433431a79b7acaa2caeeafbf9e6460952b2e5d3cc9dff8,2026-7736,Shymkent,20260420,Clay,O,R32,11,K0DP,Oleksii Krutykh,R,26.111,800,35,N0DB,Andrej Nedic,R,21.509,285,182,0,1-6 6-2 6-4,3,TRAIN
b7a32f3c89982017ac9b30fc0ca7c3fe530d3926e723d710fd506cb9bca58c20,2026-7736,Shymkent,20260420,Clay,O,R32,12,G0IW,Antoine Ghibaudo,R,21.232,324,157,P0GQ,Mili Poljicak,R,21.769,314,163,1,6-3 6-4,3,TRAIN
157302f335cdb43ac353ad30d6c5ac2105c41d12abf903fcb3f1ed0584bcaf1f,2026-7736,Shymkent,20260420,Clay,O,R32,13,A829,Radu Albot,R,36.438,450,97,O0E7,Amir Omarkhanov,R,18.423,612,60,1,6-1 6-4,3,TRAIN
2f02873180854c9b5dc65f5d5ed35a47b3eee9b7716e225cdd1dfa4bc55b099e,2026-7736,Shymkent,20260420,Clay,O,R32,14,A0E6,Bekkhan Atlangeriev,R,25.106,997,17,DC76,Viktor Durasovic,R,29.087,428,109,1,6-4 6-7(5) 6-4,3,TRAIN
06ffd7ebef7fb32f50941d7b0d85e96ff8e66884cde9711fdcfe5d3520dea725,2026-7736,Shymkent,20260420,Clay,O,R32,15,B0JP,Dali Blanch,R,23.127,347,144,Y171,Denis Yevseyev,R,32.912,411,117,1,7-6(2) 6-1,3,TRAIN
6d0feb30220c158c6bf366176c3c39539a8b46922e45131b13b2d3b42c6a9c1d,2026-7736,Shymkent,20260420,Clay,O,R32,16,F0A3,Sergey Fomin,R,25.213,359,139,O659,Vladyslav Orlov,R,30.927,530,76,1,6-3 3-6 6-3,3,TRAIN
56bbf412108f5775421d968503389bbe4f5cde3d3c3a638a3041aa4d49b02652,2026-7736,Shymkent,20260420,Clay,O,R16,17,G0J9,Svyatoslav Gulin,R,23.376,524,77,S0GR,Timofey Skatov,R,25.243,198,300,0,6-2 3-6 6-4,3,TRAIN
b49eaf5b86274a68889ea372b93009e26a12673ea836e4f5d7702b014cd6e5f1,2026-7736,Shymkent,20260420,Clay,O,R16,18,B0QC,Gilles Arnaud Bailly,R,20.583,208,284,W0BB,Max Wiskandt,R,24.214,685,49,0,7-5 6-3,3,TRAIN
55431d88f56f9c369de53ef88c9bf5f4f837a79b6bb219136bb8f08b56ab6168,2026-7736,Shymkent,20260420,Clay,O,R16,20,A0E6,Bekkhan Atlangeriev,R,25.106,997,17,N0DB,Andrej Nedic,R,21.509,285,182,0,4-6 6-1 6-0,3,TRAIN
1bd6e977ddbeb908ca50f53ea65c5c3b5e86a15f467fae19909cb78f2fec52ea,2026-7736,Shymkent,20260420,Clay,O,R16,21,F0A3,Sergey Fomin,R,25.213,359,139,K0CJ,Sandro Kopp,R,25.9,317,162,1,6-7(5) 7-6(3) 6-4,3,TRAIN
2a892f72e55116ccaa7dbf5101c5aa07276bbd3445279c094c174fb2745c9569,2026-7736,Shymkent,20260420,Clay,O,R16,22,A829,Radu Albot,R,36.438,450,97,G0IW,Antoine Ghibaudo,R,21.232,324,157,0,6-3 6-3,3,TRAIN
470d3f41a562bf55679b6d38bb506526ad43da942d3dde7300ddd21a68438d52,2026-7736,Shymkent,20260420,Clay,O,R16,23,B0JP,Dali Blanch,R,23.127,347,144,B0LQ,Petr Bar Biryukov,L,24.14,343,146,1,6-7(2) 6-4 6-1,3,TRAIN
105aed4aa98c5538073a431f852f0efb5fc273e0b769ad3815dc0408d0798105,2026-7736,Shymkent,20260420,Clay,O,R16,24,G0CV,Buvaysar Gadamauri,R,25.777,356,141,O0BR,Daniil Ostapenkov,R,22.951,674,51,0,6-2 4-6 6-4,3,TRAIN
794d5097ad5f71eaf65c37419706ffd05e8a6dfeecf1e866da7cb002e5857a40,2026-7736,Shymkent,20260420,Clay,O,QF,25,O0BR,Daniil Ostapenkov,R,22.951,674,51,S0GR,Timofey Skatov,R,25.243,198,300,0,6-7(4) 7-6(5) 6-4,3,TRAIN
262fde9f65d9105115ea2391f86880b81364ae998d3605806aff43cbd150fc99,2026-7736,Shymkent,20260420,Clay,O,QF,26,B0JP,Dali Blanch,R,23.127,347,144,N0DB,Andrej Nedic,R,21.509,285,182,0,6-2 6-2,3,TRAIN
dc5d6b940b677f0b69db5653ee69d67e29cdd3811e47fdab8e815c4f908ee100,2026-7736,Shymkent,20260420,Clay,O,QF,27,G0IW,Antoine Ghibaudo,R,21.232,324,157,SO20,Jelle Sels,R,30.694,448,99,1,6-4 6-3,3,TRAIN
8c85a1238708258c62955a3047ba60d31ed3cb193179111315790d7321d3a96a,2026-7736,Shymkent,20260420,Clay,O,QF,28,F0A3,Sergey Fomin,R,25.213,359,139,W0BB,Max Wiskandt,R,24.214,685,49,1,1-6 6-3 6-3,3,TRAIN
f1e33e2a9c27f69e5f91da477ddea5f7e67679c5f25303e7f5fc16a68068fd31,2026-7736,Shymkent,20260420,Clay,O,SF,29,G0IW,Antoine Ghibaudo,R,21.232,324,157,S0GR,Timofey Skatov,R,25.243,198,300,0,6-2 6-2,3,TRAIN
8e990eb36deddd9ead945a136965582152ff61fa6dd47e7006424659b54ebb6e,2026-7736,Shymkent,20260420,Clay,O,SF,30,F0A3,Sergey Fomin,R,25.213,359,139,N0DB,Andrej Nedic,R,21.509,285,182,1,4-6 6-1 6-4,3,TRAIN
e493987c8dd21e5d7ccad34f4631b6de7b4bc7320797ce3778975a4a17294acf,2026-7736,Shymkent,20260420,Clay,O,F,31,F0A3,Sergey Fomin,R,25.213,359,139,S0GR,Timofey Skatov,R,25.243,198,300,1,6-3 7-5,3,TRAIN
091b6efd03ed887e010169bb543f0724ed076ab2d2f2c5cc49e794f62fc9041d,2026-1797,Ostrava,20260427,Clay,O,R32,1,G0EU,Felix Gill,L,23.904,230,244,S0GD,Dalibor Svrcina,R,23.567,127,491,0,6-7(6) 6-1 6-3,3,TRAIN
b03385f293ae03138ea09db111f4405720b02bc720fc0fc3fc4a05bd0d9c4fbe,2026-1797,Ostrava,20260427,Clay,O,R32,2,F840,Nerman Fatic,R,31.507,240,234,P0HT,Jack Pinnington Jones,R,23.077,135,461,1,6-2 7-5,3,TRAIN
72877ed9a409a2339ae7b76ab0ee552e94a40a49820449726a20cebf0e5256fc,2026-1797,Ostrava,20260427,Clay,O,R32,3,BV24,Raul Brancaccio,R,28.98,251,217,S0TM,Toby Samuel,R,23.639,163,378,1,5-7 6-1 6-4,3,TRAIN
457c47bcdb0a3da0b3f204bc4ed1abd1e29cb7ac5a65348e64f39d576d20735f,2026-1797,Ostrava,20260427,Clay,O,R32,4,BV16,Ugo Blanchet,R,27.307,166,373,S0AK,Henri Squire,R,25.58,252,216,0,6-2 6-4,3,TRAIN
ef19214d93f10486c67cd8df22d3648dbcc6bd41b696a7a2793c21375b57c558,2026-1797,Ostrava,20260427,Clay,O,R32,5,J09X,Filip Cristian Jianu,R,24.605,272,194,KH56,Zdenek Kolar,R,29.547,182,331,0,6-3 2-6 6-3,3,TRAIN
01b809bf4cb3f21a424222a672bd36aa6ac2265d51a049100f8750435e57a70c,2026-1797,Ostrava,20260427,Clay,O,R32,6,P0AY,Luka Pavlovic,R,26.075,220,261,SS25,Vitaliy Sachko,R,28.786,191,307,0,6-4 2-6 6-4,3,TRAIN
fcbde368833f5d5b8f2893092228decc707ac84df8a8e936941a21bdd3b2628f,2026-1797,Ostrava,20260427,Clay,O,R32,7,S0CG,Carlos Sanchez Jover,L,25.766,365,134,SN54,Frederico Ferreira Silva,L,31.11,234,241,0,6-2 6-7(5) 7-6(5),3,TRAIN
72e79a7f5bf185ac9b001316c7d3cfd5e8d0c9722a8fa4f44f47734c073f56e0,2026-1797,Ostrava,20260427,Clay,O,R32,8,B0OU,Hynek Barton,R,22.059,279,189,F0BT,Jonas Forejtek,R,25.131,296,176,0,6-7(4) 6-1 7-6(5),3,TRAIN
ac74876adc237da5bc46a34de9bc5bc364d1d7bd55c1fc97d82bb357dffcafa3,2026-1797,Ostrava,20260427,Clay,O,R32,9,J0B5,Garrett Johns,R,25.358,366,134,J0B6,Jan Jermar,R,26.04,2058,1,1,6-1 6-3,3,TRAIN
6b85a8f9b8e86aabd13e151ac647688fbcc7fb225af134eef930caa0a906b228,2026-1797,Ostrava,20260427,Clay,O,R32,10,M0AC,Rudolf Molleker,R,25.5,431,108,S0LT,Daniel Siniakov,R,23.28,491,87,1,7-6(4) 6-0,3,TRAIN
61f6c14f11b7223eca48a1f3094b656f3a086c902dedbb7f3638d4c012a2b578,2026-1797,Ostrava,20260427,Clay,O,R32,11,M0SE,Maxim Mrva,R,18.735,307,167,S0GZ,Nikolas Sanchez Izquierdo,R,27.118,293,178,0,7-6(3) 6-3,3,TRAIN
9247c27197bcf4107cb3b016cd2ed47c80128063f8f07c2d4ea97e4d22bcc3f8,2026-1797,Ostrava,20260427,Clay,O,R32,12,GB93,Norbert Gombos,R,35.704,340,148,SX91,Thiago Seyboth Wild,R,26.13,241,234,0,6-3 6-7(5) 6-1,3,TRAIN
ce52a765755a3d6a60d904ee910099723e1dbb358fc1a2e47856330018fdc473,2026-1797,Ostrava,20260427,Clay,O,R32,13,H0CX,Max Houkes,L,25.815,233,243,P09O,Zsombor Piros,R,26.538,148,432,0,6-4 6-3,3,TRAIN
e87cda24f7710a1e4ded3ac0f9b85f0a2bf1b3a5a0a270dfe4d619ec06bd46f2,2026-1797,Ostrava,20260427,Clay,O,R32,14,CF01,Marco Cecchinato,R,33.572,188,322,M0E1,Daniel Michalski,R,26.292,287,181,1,6-3 6-2,3,TRAIN
95cc6ce41acb440dc184a346170d96d6dae3870ddcc5565a38255872daed0831,2026-1797,Ostrava,20260427,Clay,O,R32,15,CI14,Jay Clarke,R,27.751,197,301,S0VU,Max Schoenhaus,R,18.738,470,93,1,3-6 6-3 7-5,3,TRAIN
37672de767c590e5f3977715376ca46c5b3420e0e5554700447fac2f555ca487,2026-1797,Ostrava,20260427,Clay,O,R32,16,G0IB,Tom Gentzsch,R,22.642,227,246,L0CF,George Loffhagen,R,25.021,247,223,1,6-3 6-2,3,TRAIN
c83dbc36a104659e2d51d0ace85db0a08c89558a554618976975171220dd4883,2026-1797,Ostrava,20260427,Clay,O,R16,17,G0IB,Tom Gentzsch,R,22.642,227,246,P09O,Zsombor Piros,R,26.538,148,432,1,6-4 6-7(7) 7-5,3,TRAIN
08a943dff82da9e31c70717679310512545a3483d75684314b261faa9a5b4d7c,2026-1797,Ostrava,20260427,Clay,O,R16,18,CF01,Marco Cecchinato,R,33.572,188,322,J0B5,Garrett Johns,R,25.358,366,134,1,6-3 7-6(3),3,TRAIN
256da1d66919745921a9ba6c246f6f1c58c56076bbc297aa1b4257d2d8d48f5d,2026-1797,Ostrava,20260427,Clay,O,R16,19,BV24,Raul Brancaccio,R,28.98,251,217,CI14,Jay Clarke,R,27.751,197,301,1,6-3 6-4,3,TRAIN
bedfd220adb8befec714e58bacbefbae6b35d02bfa0c573656aa7a300fcf4154,2026-1797,Ostrava,20260427,Clay,O,R16,20,M0AC,Rudolf Molleker,R,25.5,431,108,S0AK,Henri Squire,R,25.58,252,216,1,6-4 4-6 6-3,3,TRAIN
c05fbdc113b4407e1c40c27bd693e4ec16a3d0ef788eaf07a73776d49c8231c4,2026-1797,Ostrava,20260427,Clay,O,R16,21,F0BT,Jonas Forejtek,R,25.131,296,176,KH56,Zdenek Kolar,R,29.547,182,331,0,6-4 6-3,3,TRAIN
124fdf8499a25447e6827198ca6512d5e7eaaf8e7b5908c15b6be542b45d2d4c,2026-1797,Ostrava,20260427,Clay,O,R16,22,S0GZ,Nikolas Sanchez Izquierdo,R,27.118,293,178,SS25,Vitaliy Sachko,R,28.786,191,307,1,6-7(7) 7-5 6-4,3,TRAIN
8e9d5154402a15781c7c871bed4ca2354bded8a7c020d186c0e1764efb59d4ae,2026-1797,Ostrava,20260427,Clay,O,R16,23,F840,Nerman Fatic,R,31.507,240,234,SX91,Thiago Seyboth Wild,R,26.13,241,234,1,5-7 7-5 6-4,3,TRAIN
aab7601f29f6619ef97dfeb301ea090d4eb414bc3357421819fb5ef4526f5930,2026-1797,Ostrava,20260427,Clay,O,R16,24,S0GD,Dalibor Svrcina,R,23.567,127,491,SN54,Frederico Ferreira Silva,L,31.11,234,241,1,6-3 6-4,3,TRAIN
9248f2eff335687280c2b0a87c050f035ecd055451fc709ae021df70f64afad8,2026-1797,Ostrava,20260427,Clay,O,QF,25,S0GD,Dalibor Svrcina,R,23.567,127,491,S0GZ,Nikolas Sanchez Izquierdo,R,27.118,293,178,0,6-4 5-7 6-2,3,TRAIN
8e539228e12738782203982392908a612b4b8be62b1c18c871cb2580b2d15650,2026-1797,Ostrava,20260427,Clay,O,QF,26,F840,Nerman Fatic,R,31.507,240,234,KH56,Zdenek Kolar,R,29.547,182,331,0,6-2 6-3,3,TRAIN
b344b300608df791549dc79b4e09ca8d588fece988322c2f67ea2a0d9d75adf6,2026-1797,Ostrava,20260427,Clay,O,QF,27,BV24,Raul Brancaccio,R,28.98,251,217,CF01,Marco Cecchinato,R,33.572,188,322,1,4-6 6-4 6-4,3,TRAIN
c65ff9ab8f788e89174f0ad6fe4cf5ae3da6a23d782460786999dddb63314860,2026-1797,Ostrava,20260427,Clay,O,QF,28,G0IB,Tom Gentzsch,R,22.642,227,246,M0AC,Rudolf Molleker,R,25.5,431,108,1,6-1 4-6 6-3,3,TRAIN
04fdbf785ad6af5e58aed6ead868d7174ee995cac266076de6db09d1074c3905,2026-1797,Ostrava,20260427,Clay,O,SF,29,BV24,Raul Brancaccio,R,28.98,251,217,KH56,Zdenek Kolar,R,29.547,182,331,0,6-3 7-5,3,TRAIN
a9872cbefdfd1f3b40dc929ccf43b9ea5bf7db2edd73ce1c6fab7fc2c195d847,2026-1797,Ostrava,20260427,Clay,O,SF,30,G0IB,Tom Gentzsch,R,22.642,227,246,S0GZ,Nikolas Sanchez Izquierdo,R,27.118,293,178,0,3-6 6-4 6-1,3,TRAIN
72203fe84de8e56e9824134c677cd847cc83d9efaaa8787ebb0f6c79d805eba4,2026-1797,Ostrava,20260427,Clay,O,F,31,KH56,Zdenek Kolar,R,29.547,182,331,S0GZ,Nikolas Sanchez Izquierdo,R,27.118,293,178,0,6-4 7-6(4),3,TRAIN
210c8b97222b09664c196d961949105779db9b11a0697568ecf17e8793207385,2026-2861,Cagliari,20260427,Clay,O,R32,1,B0GG,Mattia Bellucci,L,24.903,78,734,SU87,Lorenzo Sonego,R,30.962,62,850,1,6-4 1-6 7-5,3,TRAIN
ae28b67f7b4f9dc8eaa487a2ca5e2d687f6457a348c2f56416b2b5cef4d41f80,2026-2861,Cagliari,20260427,Clay,O,R32,2,C0C8,Juan Manuel Cerundolo,L,24.446,67,816,C0NB,Federico Cina,R,19.077,206,285,1,6-7(8) 6-4 6-3,3,TRAIN
99d80f4905ba8021be53482d1e2f5e7506374060596d89285eb1cdbfbb1cce20,2026-2861,Cagliari,20260427,Clay,O,R32,3,A0BA,Federico Arnaboldi,R,25.856,442,103,A0FC,Matteo Arnaldi,R,25.175,103,621,0,6-7(3) 6-4 6-2,3,TRAIN
bb5b136b60b82262aeb104ecaf9cb28eb34568295b79af35da48709d61aa2ba7,2026-2861,Cagliari,20260427,Clay,O,R32,4,C0NN,Gianluca Cadenasso,R,21.574,232,243,C0OW,Lorenzo Carboni,R,20.162,459,96,1,6-3 6-1,3,TRAIN
39e8b55730bafadf66198bd3dae9247d644a74f6e9af748542bf58ed1987e14e,2026-2861,Cagliari,20260427,Clay,O,R32,5,K0AZ,Aleksandar Kovacevic,R,27.661,97,636,P0B2,Luca Potenza,R,25.747,451,97,1,6-3 7-6(6),3,TRAIN
20ecad4b48c5d589a92ee107fd2561228a42bca24d339400ad6f491c8d599bed,2026-2861,Cagliari,20260427,Clay,O,R32,7,PH64,Andrea Pellegrino,R,29.095,130,484,S0KT,Stefanos Sakellaridis,R,21.618,214,273,1,2-6 6-4 6-4,3,TRAIN
db27f62e1d748b752ed7eb33174a05db5640f1439c9fd6a5ac0db9f5ad57fc81,2026-2861,Cagliari,20260427,Clay,O,R32,8,HB71,Hubert Hurkacz,R,29.205,63,845,S0K7,Zachary Svajda,R,23.409,88,666,1,6-2 7-6(8),3,TRAIN
97bd6e4bb4f2ee468baf13456f4b61af68002e2108c23af9a2063f0d264e448a,2026-2861,Cagliari,20260427,Clay,O,R32,9,GC88,Marcos Giron,R,32.758,76,750,V832,Aleksandar Vukic,R,30.056,89,663,1,6-4 1-6 6-1,3,TRAIN
e0eeff2f143755c769dcf82571dbc7091c05ea624fc58b46dcf370ac3472de08,2026-2861,Cagliari,20260427,Clay,O,R32,10,BK40,Matteo Berrettini,R,30.04,92,650,K0A3,Patrick Kypson,R,26.497,90,653,1,6-4 6-7(5) 7-6(5),3,TRAIN
73fbd7a9e7eee51a0c692692c663a27763de5f875798bc8ef257b45e2f6b0993,2026-2861,Cagliari,20260427,Clay,O,R32,11,D0C1,Jesper de Jong,R,25.906,109,588,TA12,Stefano Travaglia,R,34.33,141,447,1,6-7(4) 6-3 6-1,3,TRAIN
b840cc64bf8c31edadfa46313a032e07f9c2d227f069a0376f9350a6bcba2d5e,2026-2861,Cagliari,20260427,Clay,O,R32,12,EA13,Moez Echargui,R,33.292,144,441,GD64,Cristian Garin,R,29.908,85,679,0,6-7(5) 6-4 6-2,3,TRAIN
486bb84bcaf82ade54113340bcad5a18428f06a3fd52c9939236e3599ddcb353,2026-2861,Cagliari,20260427,Clay,O,R16,13,HB71,Hubert Hurkacz,R,29.205,63,845,N0AM,Emilio Nava,R,24.4,116,549,1,6-4 6-1,3,TRAIN
baaa1a8994c8ef3052f2edbb2a87218c62b3c5c4fbdae4156268bf9d4250af82,2026-2861,Cagliari,20260427,Clay,O,R16,14,BK40,Matteo Berrettini,R,30.04,92,650,N0BS,Mariano Navone,R,25.161,45,1055,1,7-5 6-3,3,TRAIN
9e306dad4c74f63e828d55f9c16626116659b03a710d434ce06f44914b25df3b,2026-2861,Cagliari,20260427,Clay,O,R16,15,D0C1,Jesper de Jong,R,25.906,109,588,ME82,Adrian Mannarino,L,37.826,46,1025,1,6-3 3-6 6-1,3,TRAIN
5949adce139200c4047daa07164455a0574ebe5baa3a4ff3d4338c65fb35ae5b,2026-2861,Cagliari,20260427,Clay,O,R16,16,BT72,Nuno Borges,R,29.183,49,970,GD64,Cristian Garin,R,29.908,85,679,1,6-4 3-6 7-6(6),3,TRAIN
b44aa5f794a4be670047228957ae477ce75ba5a7fb77fcb2633e5a34d3f82987,2026-2861,Cagliari,20260427,Clay,O,R16,17,B0GG,Mattia Bellucci,L,24.903,78,734,C0NN,Gianluca Cadenasso,R,21.574,232,243,0,7-5 6-1,3,TRAIN
53602eeba131a03fea0d51c8010d1867fa00529401e7cea59637c937df6c31be,2026-2861,Cagliari,20260427,Clay,O,R16,18,GC88,Marcos Giron,R,32.758,76,750,K0AZ,Aleksandar Kovacevic,R,27.661,97,636,1,6-2 3-6 6-4,3,TRAIN
b816e95fb2479fc2c93ec792af12d9c66d4ee45e060b6172d3661c164a3fc212,2026-2861,Cagliari,20260427,Clay,O,R16,19,B0FV,Roman Andres Burruchaga,R,24.257,59,860,PH64,Andrea Pellegrino,R,29.095,130,484,1,6-4 4-6 7-5,3,TRAIN
63e00e6ccb54b63016e7c894b6ee6c7328a2d1f7ef555f13f46b9e5dcf63d9a8,2026-2861,Cagliari,20260427,Clay,O,R16,20,A0FC,Matteo Arnaldi,R,25.175,103,621,C0C8,Juan Manuel Cerundolo,L,24.446,67,816,1,6-2 6-3,3,TRAIN
e2dbb1737fb59dde4cf3a53a51ae50973cb65c6fc87aceb64e60a09a8fce812b,2026-2861,Cagliari,20260427,Clay,O,QF,21,A0FC,Matteo Arnaldi,R,25.175,103,621,BT72,Nuno Borges,R,29.183,49,970,1,6-3 6-7(2) 7-6(3),3,TRAIN
2aceb96e06e479951710689370d6c25dddb4326885a2ce01a55f2b12aa70280a,2026-2861,Cagliari,20260427,Clay,O,QF,22,B0FV,Roman Andres Burruchaga,R,24.257,59,860,GC88,Marcos Giron,R,32.758,76,750,1,6-3 2-6 7-6(1),3,TRAIN
0c28e90265fcd88280a6f25bf9d2b9a184e63f3db075a713724b55f37f9ffebe,2026-2861,Cagliari,20260427,Clay,O,QF,23,BK40,Matteo Berrettini,R,30.04,92,650,HB71,Hubert Hurkacz,R,29.205,63,845,0,4-6 6-3 6-4,3,TRAIN
90335236ea9a9dbc868ce2fe3721a4833490d58e115e07c2e1a7441c3335fcc3,2026-2861,Cagliari,20260427,Clay,O,QF,24,C0NN,Gianluca Cadenasso,R,21.574,232,243,D0C1,Jesper de Jong,R,25.906,109,588,1,6-4 5-7 6-3,3,TRAIN
e5244c8f311785ff6f2467a0981aecc951c758ef6d4430df778f58cba7f2e738,2026-2861,Cagliari,20260427,Clay,O,SF,25,B0FV,Roman Andres Burruchaga,R,24.257,59,860,HB71,Hubert Hurkacz,R,29.205,63,845,0,4-6 7-6(3) 6-3,3,TRAIN
6e60c992552411b158485dc4246d2b86fb2abf3a6fce2f0033160276b7d9b155,2026-2861,Cagliari,20260427,Clay,O,SF,26,A0FC,Matteo Arnaldi,R,25.175,103,621,C0NN,Gianluca Cadenasso,R,21.574,232,243,1,1-6 6-1 6-0,3,TRAIN
cfdee3dc1241f5145351b00cea7497808aeff765929cc2209d24cf7687d7577c,2026-2861,Cagliari,20260427,Clay,O,F,27,A0FC,Matteo Arnaldi,R,25.175,103,621,HB71,Hubert Hurkacz,R,29.205,63,845,1,6-4 6-4,3,TRAIN
fe0801c3b9aeb91e3755de4960cf0fbe1de53bb4fefa2cb34b2c9d2ef36ad2ee,2026-7009,Aix-en-Provence,20260427,Clay,O,R32,1,B0ID,Ignacio Buse,R,22.089,58,864,C0DF,Francisco Comesana,R,25.555,105,610,1,7-6(4) 6-3,3,TRAIN
3b22388843d644836c0bb91f14b56217e6e5ceeea06653217d5b683cceab032c,2026-7009,Aix-en-Provence,20260427,Clay,O,R32,2,MO44,Pedro Martinez,R,29.002,133,471,R0EB,Valentin Royer,R,24.912,72,794,0,6-2 6-3,3,TRAIN
fd51f60d9c87ecb0fba3bbc9fa3bfaae2a671e4ef9edc165e8c75dac09e3387b,2026-7009,Aix-en-Provence,20260427,Clay,O,R32,3,BD06,Roberto Bautista Agut,R,38.034,93,649,G0GW,Sascha Gueymard Wayenburg,R,22.738,261,203,1,7-5 6-2,3,TRAIN
8722013f425b88f4059a76a12e491850c61849950a1511576bb41fdbe4d9a30f,2026-7009,Aix-en-Provence,20260427,Clay,O,R32,4,BU70,Remy Bertola,R,27.655,212,276,CG33,Kimmer Coppejans,R,32.216,229,245,0,6-4 7-5,3,TRAIN
f510a787123cb5225616653d6f5db6c6c976e8839f529ea68b0821e195b85557,2026-7009,Aix-en-Provence,20260427,Clay,O,R32,5,F0HO,Thomas Faurel,R,20.263,417,114,GB88,David Goffin,R,35.387,236,235,1,6-1 6-4,3,TRAIN
594c5aceefaaab6b0056fb39bd87430424172015c33e4ae831e70e73e7cc6aa5,2026-7009,Aix-en-Provence,20260427,Clay,O,R32,6,H996,Pierre-Hugues Herbert,R,35.11,225,250,L987,Dusan Lajovic,R,35.825,140,451,1,7-6(2) 6-3,3,TRAIN
e26557efb2f9180f1b295a6d92d394f41e287c2edabcf5faa48d7e73ac4930fb,2026-7009,Aix-en-Provence,20260427,Clay,O,R32,7,C0BH,Clement Chidekh,R,24.871,179,338,H0BH,Rinky Hijikata,R,25.172,102,632,0,6-3 6-3,3,TRAIN
7c4762cc9fa1da5e0aba121209f2555342a6ae7ea7f0a1468a47ee3588d8667d,2026-7009,Aix-en-Provence,20260427,Clay,O,R32,8,D875,Grigor Dimitrov,R,34.949,137,455,M0EA,Pol Martin Tiffon,R,26.743,312,163,0,6-3 6-4,3,TRAIN
1b26a609497fd2a99a18b23dfcc2d8dcf68c5ac0fae1de85b71d1e3db18ba60e,2026-7009,Aix-en-Provence,20260427,Clay,O,R32,9,A09T,Dan Added,R,27.039,216,265,S0H2,Alexander Shevchenko,R,25.407,82,704,0,6-2 6-2,3,TRAIN
d7311cf12ba8d8ab7a32c3dd64aa9f03b41470298df4e7648740fc1bf5374bc7,2026-7009,Aix-en-Provence,20260427,Clay,O,R32,10,O513,Sebastian Ofner,R,29.958,83,698,W367,Stan Wawrinka,R,41.081,106,608,1,6-3 6-4,3,TRAIN
d0a9e8e5041d52e3e90a8a1975ef460662b0c760605fdee2f8760d0cb4eb3401,2026-7009,Aix-en-Provence,20260427,Clay,O,R32,11,J0EM,Daniel Jade,,17.114,1850,2,L0IL,Martin Landaluce,R,20.298,99,634,0,4-6 6-1 6-3,3,TRAIN
2b1e96e46f746b1187bba1fce2d872160380ce8e58e6098fa3353f549201995f,2026-7009,Aix-en-Provence,20260427,Clay,O,R32,12,MP20,Alexandre Muller,R,29.232,95,641,WB32,Yibing Wu,R,26.535,100,634,0,6-3 6-4,3,TRAIN
c442215e2b2a0c0812c739c6255c08bcec5e3442acc16eaa29b2e028a10e7525,2026-7009,Aix-en-Provence,20260427,Clay,O,R16,13,M0EA,Pol Martin Tiffon,R,26.743,312,163,M0QI,Alex Michelsen,R,21.67,36,1200,1,6-4 3-6 6-3,3,TRAIN
9893c688f6bc79753f55fef5909500246325ed64190a34a292e5ced63fe955f8,2026-7009,Aix-en-Provence,20260427,Clay,O,R16,14,BU13,Zizou Bergs,R,26.899,44,1060,H996,Pierre-Hugues Herbert,R,35.11,225,250,1,6-4 6-3,3,TRAIN
fa90576270f7c20c7dcd167feaeb4d220c9b928ce10401f7c79263524e8964fb,2026-7009,Aix-en-Provence,20260427,Clay,O,R16,15,L0IL,Martin Landaluce,R,20.298,99,634,Q02L,Ethan Quinn,R,22.125,48,977,0,1-6 7-6(5) 7-6(5),3,TRAIN
fb1fe2dc723d9407ca11a34304dc50389765ff7a5158c5788f2ae65729db1c41,2026-7009,Aix-en-Provence,20260427,Clay,O,R16,16,S0H2,Alexander Shevchenko,R,25.407,82,704,WB32,Yibing Wu,R,26.535,100,634,0,7-6(8) 7-5,3,TRAIN
7a98768b81bb668db69d6f1efbb20427d7b9e3ca7a838cd821dbd5ff4e869b97,2026-7009,Aix-en-Provence,20260427,Clay,O,R16,17,H0BH,Rinky Hijikata,R,25.172,102,632,O513,Sebastian Ofner,R,29.958,83,698,1,6-4 2-6 7-6(5),3,TRAIN
e52999dc67a66d15689bacfe1da23e48bad3f3fc6150884a27789cabf7dc3ec1,2026-7009,Aix-en-Provence,20260427,Clay,O,R16,18,BD06,Roberto Bautista Agut,R,38.034,93,649,TE30,Alejandro Tabilo,L,28.901,43,1068,0,4-6 6-2 6-4,3,TRAIN
f6f6678a4b203ebe82e37592f409259fe89a947fe4aea110d73764ee64de8d48,2026-7009,Aix-en-Provence,20260427,Clay,O,R16,19,B0ID,Ignacio Buse,R,22.089,58,864,F0HO,Thomas Faurel,R,20.263,417,114,1,6-4 6-2,3,TRAIN
e08c74a2bbe91d926fb0386305a51f61c2d498ed37b584e5b30697ff8af20be9,2026-7009,Aix-en-Provence,20260427,Clay,O,R16,20,CG33,Kimmer Coppejans,R,32.216,229,245,R0EB,Valentin Royer,R,24.912,72,794,1,6-4 7-6(8),3,TRAIN
e126a2f939db87beb4eed6e6538da9febc9530452ac5f623c144ff2efa424204,2026-7009,Aix-en-Provence,20260427,Clay,O,QF,21,B0ID,Ignacio Buse,R,22.089,58,864,TE30,Alejandro Tabilo,L,28.901,43,1068,0,6-4 6-0,3,TRAIN
67f475cf536a34d759f122dc9dae381ee39b4969c1d54126c06351cde7884823,2026-7009,Aix-en-Provence,20260427,Clay,O,QF,22,BU13,Zizou Bergs,R,26.899,44,1060,H0BH,Rinky Hijikata,R,25.172,102,632,1,5-7 6-2 6-2,3,TRAIN
e94e7d41ae630cdee73e8cfc9fb3e396e37fecd71d6e1f232bf81585da6aeac0,2026-7009,Aix-en-Provence,20260427,Clay,O,QF,23,Q02L,Ethan Quinn,R,22.125,48,977,WB32,Yibing Wu,R,26.535,100,634,1,6-4 5-7 6-4,3,TRAIN
f98f3fd68c1709a25188a3444d1a59f29a5460bdb725d6d039c464ce4c67af53,2026-7009,Aix-en-Provence,20260427,Clay,O,QF,24,CG33,Kimmer Coppejans,R,32.216,229,245,M0EA,Pol Martin Tiffon,R,26.743,312,163,0,7-6(7) 6-4,3,TRAIN
3bcd12a28f961d415a9606bcf9e1960901c12e38983a2b07a3f37519e4741d61,2026-7009,Aix-en-Provence,20260427,Clay,O,SF,25,Q02L,Ethan Quinn,R,22.125,48,977,TE30,Alejandro Tabilo,L,28.901,43,1068,0,6-3 3-6 7-6(2),3,TRAIN
7ed1d30730cc43d3d386a61884e5b6540a74ca5e5c111fe3cedca094e67a2b75,2026-7009,Aix-en-Provence,20260427,Clay,O,SF,26,BU13,Zizou Bergs,R,26.899,44,1060,M0EA,Pol Martin Tiffon,R,26.743,312,163,1,6-3 6-4,3,TRAIN
f403ac78e205fe0d700f90915cacc65343db6b2a3526235cb0e1fb08db37e3f9,2026-7009,Aix-en-Provence,20260427,Clay,O,F,27,BU13,Zizou Bergs,R,26.899,44,1060,TE30,Alejandro Tabilo,L,28.901,43,1068,0,6-4 4-6 6-3,3,TRAIN
09e28aacf945e8bdd05c14b214dd2e7cd8de4ad68d2c0917a78eda4b35afcf60,2026-9192,Shymkent,20260427,Clay,O,R32,1,B0MM,Edas Butvilas,R,21.76,262,203,N0GN,Zangar Nurlanuly,,17.812,1639,3,1,6-0 6-3,3,TRAIN
eb7ef6dc81b8718ef914e4f6ef6546a4c76943ad60ab39e3c6979c82f3f7dbf1,2026-9192,Shymkent,20260427,Clay,O,R32,3,B0JP,Dali Blanch,R,23.146,347,144,KC33,Dimitar Kuzmanov,R,32.747,310,165,0,2-6 6-3 6-1,3,TRAIN
00b6113d66a585b301e24824661c13d32218c016e57cc9e8741d9dfe6246769d,2026-9192,Shymkent,20260427,Clay,O,R32,4,O659,Vladyslav Orlov,R,30.946,530,76,P0GQ,Mili Poljicak,R,21.788,314,163,0,6-2 2-6 6-4,3,TRAIN
8a732b21596efd314a3a3d00af976d2fe8a2bd21b15431218b4390e008d9c7b7,2026-9192,Shymkent,20260427,Clay,O,R32,5,G0IW,Antoine Ghibaudo,R,21.251,324,157,K0DP,Oleksii Krutykh,R,26.13,800,35,1,6-2 7-5,3,TRAIN
3f76b47fde9241d7d750ec3342d00f3a485bfcd12929ced3b5a387b0d1f7ca6e,2026-9192,Shymkent,20260427,Clay,O,R32,6,C0JX,Sean Cuenin,R,22.193,342,147,R0ED,Max Hans Rehberg,R,22.62,641,55,0,7-6(7) 6-2,3,TRAIN
f2c1f154d9412b83e905589d00e3bb6cba785b72fef5b34e415f2db4d3901536,2026-9192,Shymkent,20260427,Clay,O,R32,7,B0LQ,Petr Bar Biryukov,L,24.159,343,146,F965,Sora Fukuda,L,28.564,710,45,1,7-5 7-6(3),3,TRAIN
520922de4845383e3dc9a803a0018625b250697af0d673b676a689839e219435,2026-9192,Shymkent,20260427,Clay,O,R32,8,A829,Radu Albot,R,36.457,450,97,C0MH,Gerard Campana Lee,R,21.569,664,53,0,2-6 6-1 7-5,3,TRAIN
e348019929b6e41f4789f2125dc5d9a2aaecf3c5a7305b9fcbd6b0021386b378,2026-9192,Shymkent,20260427,Clay,O,R32,9,F0A3,Sergey Fomin,R,25.232,359,139,SO20,Jelle Sels,R,30.713,448,99,1,6-3 7-6(5),3,TRAIN
affaef29bd1b05ea73a176427bb2c063b72668ab57e76b86c64a299980e85194,2026-9192,Shymkent,20260427,Clay,O,R32,10,DC76,Viktor Durasovic,R,29.106,428,109,G0CV,Buvaysar Gadamauri,R,25.796,356,141,0,6-3 6-2,3,TRAIN
39a9bb93657ad2422dbfa8764d8402b02255d6837d5b8e382fb5db45ae843b5d,2026-9192,Shymkent,20260427,Clay,O,R32,11,O0E7,Amir Omarkhanov,R,18.442,612,60,Y171,Denis Yevseyev,R,32.931,411,117,0,6-3 6-2,3,TRAIN
65d31b70683d96aef96164f75229ddb028eb67180f8d7ed60825143e8fadc0df,2026-9192,Shymkent,20260427,Clay,O,R32,12,BO10,Gijs Brouwer,L,30.119,1217,8,GE28,Ivan Gakhov,L,29.476,263,202,1,7-6(4) 3-6 6-1,3,TRAIN
0ec3f4e52d62c2fe28777c32ab8da6275ffbc6327a9362417a21cb4fad2fe043,2026-9192,Shymkent,20260427,Clay,O,R32,13,B0GI,Alexander Binda,R,24.594,467,94,PL64,Oleg Prihodko,R,28.564,361,136,1,6-4 7-6(8),3,TRAIN
04f6204aa54488765d652c527a2602f8dde86fed2ce5600725e013e812e26557,2026-9192,Shymkent,20260427,Clay,O,R32,14,B0V0,Nikita Belozertsev,L,17.41,780,36,D0JI,Manas Dhamne,R,18.327,443,102,0,7-5 4-6 7-6(8),3,TRAIN
67d44f2fadde8d368f13359f5d475a83131bf56453f9102a876eed28c316a0c9,2026-9192,Shymkent,20260427,Clay,O,R32,15,B0P4,Tomasz Berkieta,R,19.767,479,89,E0AC,Mathys Erhard,R,24.501,409,117,0,6-3 6-4,3,TRAIN
af00ce0334ef321c7a9f9d398032f93b2d7179ae19fdc7592d4761168b635168,2026-9192,Shymkent,20260427,Clay,O,R32,16,P0HY,Samuele Pieri,R,24.159,472,93,W0BB,Max Wiskandt,R,24.233,685,49,1,6-4 6-1,3,TRAIN
4436731a52ad3ea18547f452b091caa59d9a7576d344804790360725ddc2d20f,2026-9192,Shymkent,20260427,Clay,O,R16,17,E0AC,Mathys Erhard,R,24.501,409,117,N0DB,Andrej Nedic,R,21.528,285,182,0,6-4 2-6 6-2,3,TRAIN
27cb4f18b262cb6d57e88724016d1feeb66e81472d8473c791a91d09793361b3,2026-9192,Shymkent,20260427,Clay,O,R16,18,G0IW,Antoine Ghibaudo,R,21.251,324,157,P0HY,Samuele Pieri,R,24.159,472,93,1,5-7 6-2 6-3,3,TRAIN
30dddacc1427412c7c8e5c04be7e24f96ca488965a8f90fba10b45e1f62684e4,2026-9192,Shymkent,20260427,Clay,O,R16,19,B0GI,Alexander Binda,R,24.594,467,94,B0LQ,Petr Bar Biryukov,L,24.159,343,146,1,6-7(3) 6-0 6-1,3,TRAIN
efca462c8365e241af2674550e0c9f2c5a7b56c6a0fb539859447aba09890e61,2026-9192,Shymkent,20260427,Clay,O,R16,20,BO10,Gijs Brouwer,L,30.119,1217,8,D0JI,Manas Dhamne,R,18.327,443,102,0,6-1 6-1,3,TRAIN
0d8185b4765ada8261701c3d0751029e1ef35dbcfd248c74c8e606716d5af00a,2026-9192,Shymkent,20260427,Clay,O,R16,21,B0MM,Edas Butvilas,R,21.76,262,203,C0MH,Gerard Campana Lee,R,21.569,664,53,1,7-5 6-1,3,TRAIN
8fddcfadbdd474fa51add2fa9f637db9c784f68c367225c819fc80b6c14a901d,2026-9192,Shymkent,20260427,Clay,O,R16,22,G0CV,Buvaysar Gadamauri,R,25.796,356,141,KC33,Dimitar Kuzmanov,R,32.747,310,165,1,6-4 6-2,3,TRAIN
bb74d6b8cff1f25a03e2c545a5d33f2323273cdc02a1a3e4f337594afd376e5f,2026-9192,Shymkent,20260427,Clay,O,R16,23,P0GQ,Mili Poljicak,R,21.788,314,163,Y171,Denis Yevseyev,R,32.931,411,117,1,7-5 6-1,3,TRAIN
4633e5bca18331a3288535870bf769549d16f33411a8cac5ff176830f2312a9e,2026-9192,Shymkent,20260427,Clay,O,R16,24,F0A3,Sergey Fomin,R,25.232,359,139,R0ED,Max Hans Rehberg,R,22.62,641,55,0,6-2 6-0,3,TRAIN
30b32e966e3e583c7aa8f03fc6c1d9a5520486ebb403fbec1d5094dfd2c123bb,2026-9192,Shymkent,20260427,Clay,O,QF,25,B0MM,Edas Butvilas,R,21.76,262,203,R0ED,Max Hans Rehberg,R,22.62,641,55,1,7-5 2-6 6-3,3,TRAIN
2fee3b9e1c3743fd64f5619b8214c1064facc7c7508210e02d665c9db201211a,2026-9192,Shymkent,20260427,Clay,O,QF,26,G0IW,Antoine Ghibaudo,R,21.251,324,157,N0DB,Andrej Nedic,R,21.528,285,182,1,3-6 6-4 6-0,3,TRAIN
a7d6a7a75f7ab31f59f7eda51edb87dcf8ceb46ce6650dedf5f5b2bc92c0c5ab,2026-9192,Shymkent,20260427,Clay,O,QF,27,G0CV,Buvaysar Gadamauri,R,25.796,356,141,P0GQ,Mili Poljicak,R,21.788,314,163,1,6-0 6-1,3,TRAIN
959b8f2d384bc871d78f961a30b2727198af117000523519fcd61dc50c96bda0,2026-9192,Shymkent,20260427,Clay,O,QF,28,B0GI,Alexander Binda,R,24.594,467,94,D0JI,Manas Dhamne,R,18.327,443,102,0,6-4 6-2,3,TRAIN
20f4fe2dd178a2008745d4dd5956d5ea8300b4dfc05b79a2ec4a6273242b0aa9,2026-9192,Shymkent,20260427,Clay,O,SF,29,B0MM,Edas Butvilas,R,21.76,262,203,G0CV,Buvaysar Gadamauri,R,25.796,356,141,0,6-4 3-6 6-3,3,TRAIN
2945cffb2cf0958851284b92339c40a371978b708c4998c9c604934427399511,2026-9192,Shymkent,20260427,Clay,O,SF,30,D0JI,Manas Dhamne,R,18.327,443,102,G0IW,Antoine Ghibaudo,R,21.251,324,157,1,6-4 6-3,3,TRAIN
2d3593f178c9e684cd92dfa870d2be84da688a570ad522c76c8a8b061e79d0e0,2026-9192,Shymkent,20260427,Clay,O,F,31,D0JI,Manas Dhamne,R,18.327,443,102,G0CV,Buvaysar Gadamauri,R,25.796,356,141,0,7-6(6) 6-4,3,TRAIN
d43ce5d508ec3ebc42695836731fd914d51cd9a56096f9b6ca68c3890761b42c,2026-9697,Mauthausen,20260427,Clay,O,R32,1,D0CN,Miguel Damas,R,26.349,271,195,M0IF,Francesco Maestrelli,R,23.348,112,577,1,7-6(2) 6-4,3,TRAIN
524b5a8438ee9778f833d9813a8e0a078a96e2308ead850f7fe892b1f95d9344,2026-9697,Mauthausen,20260427,Clay,O,R32,2,D0DW,Titouan Droguet,R,24.865,113,571,S0GR,Timofey Skatov,R,25.262,198,300,1,6-2 6-1,3,TRAIN
00b098c6e35a542706dcb59c62321cadce718c9cd53bdfa6b4a98258e477f58b,2026-9697,Mauthausen,20260427,Clay,O,R32,3,CH12,Jan Choinski,R,29.878,119,524,S0WT,Joel Schwaerzler,L,20.246,172,358,1,6-4 4-6 6-4,3,TRAIN
6f1c610d8fc5c30776fe7e8ee628a23d0c7f3a2a53a3eb226092d378a99cd78b,2026-9697,Mauthausen,20260427,Clay,O,R32,4,BG23,Nikoloz Basilashvili,R,34.174,120,516,K0CJ,Sandro Kopp,R,25.919,317,162,0,6-3 6-4,3,TRAIN
32b5f58dee53bec80f6ecf04a88a4196a5e4c0523be06cb62e622ca28eb7111e,2026-9697,Mauthausen,20260427,Clay,O,R32,5,F0F2,Jaime Faria,R,22.724,136,459,G0A0,Andrea Guerrieri,L,27.398,338,149,1,6-3 6-7(2) 6-4,3,TRAIN
5bf35e5ca1cabb798dea107852cdaf8d8cbdec12233b11c6c68824062c5c54ba,2026-9697,Mauthausen,20260427,Clay,O,R32,6,D0HM,Matthew William Donald,R,21.465,539,74,M0AW,Nicolas Mejia,R,26.207,152,423,1,6-4 6-1,3,TRAIN
8679eb974e30a29fc885f6ef31f7295a308cf21b983d609a4b855ed008cf824e,2026-9697,Mauthausen,20260427,Clay,O,R32,7,B0GY,Alex Barrena,R,23.546,170,362,B0LW,Mika Brunold,R,21.566,385,127,0,6-3 4-6 6-3,3,TRAIN
e6ae1da8081fe9e5b184e040b72814da02b141a26a16ccf99f16455e1c1de004,2026-9697,Mauthausen,20260427,Clay,O,R32,8,CL82,Daniel Cukierman,R,30.801,1534,4,J476,David Jorda Sanchis,R,31.869,383,127,0,6-4 6-2,3,TRAIN
ce2060cb33db1b9b25f5fc0e2b5ceddb680006e9b4e2d44888894c44c3fd1ee7,2026-9697,Mauthausen,20260427,Clay,O,R32,9,K0FY,Martin Krumich,R,23.335,319,159,T0FI,Marko Topo,R,22.62,249,220,1,7-5 6-7(7) 6-2,3,TRAIN
fb4c559cc14df554f35a239e255f58d79f7ec8032144686e8a461313339d7ba5,2026-9697,Mauthausen,20260427,Clay,O,R32,10,N0CS,Lukas Neumayer,R,23.639,195,303,T0AP,Chun-Hsin Tseng,R,24.717,168,366,1,6-1 7-5,3,TRAIN
3e5d0414b9ca23967b8f136c45b9d83ad56da1c9c4248004175a72c8c461f13b,2026-9697,Mauthausen,20260427,Clay,O,R32,11,C0B2,Cezar Cretu,R,25.008,376,130,SX50,Roman Safiullin,R,28.72,176,343,0,6-2 6-4,3,TRAIN
90210667feb80dc555ca4565dde2226be46c1d3381f91d761f92ac17edbb03af,2026-9697,Mauthausen,20260427,Clay,O,R32,12,G09O,Hugo Gaston,L,25.582,115,555,U0A3,Matthias Ujvary,R,21.81,1076,13,1,6-0 6-1,3,TRAIN
2202fe8f74cbf5d7e8cd74b4dee1b3a0e45212dd20738b19dc44397872cd51d5,2026-9697,Mauthausen,20260427,Clay,O,R32,13,BS86,Tomas Barrios Vera,R,28.378,123,506,S0QZ,Sebastian Sorger,R,20.353,436,106,1,6-1 2-6 6-4,3,TRAIN
d0d1d2570b88db87962cff0afcb5d11b6601d92590cddf07a591cb178d644595,2026-9697,Mauthausen,20260427,Clay,O,R32,14,B0NO,Darwin Blanch,L,18.579,244,231,R09X,Jurij Rodionov,L,26.949,162,379,1,1-6 6-1 7-6(6),3,TRAIN
774562e169734e7f539e051a1c25fd0a92a08d5639b8aa75db3be14a0bec8bf5,2026-9697,Mauthausen,20260427,Clay,O,R32,15,D0LJ,Diego Dedura,L,18.125,304,172,HD68,Billy Harris,R,31.253,153,421,1,6-7(0) 6-2 6-3,3,TRAIN
a55c1a980db5922fe0874702560663aa894488687d98d16294cf947a20279f5b,2026-9697,Mauthausen,20260427,Clay,O,R32,16,DB63,Laslo Djere,R,30.902,267,197,E0DD,Justin Engel,R,18.571,186,323,1,6-3 6-3,3,TRAIN
f4e7757b034bf03d131ce8420e6a90894aa54ddd4ebcfd44412e945c7ab280f4,2026-9697,Mauthausen,20260427,Clay,O,R16,17,B0NO,Darwin Blanch,L,18.579,244,231,G09O,Hugo Gaston,L,25.582,115,555,1,3-6 6-3 6-0,3,TRAIN
a74abb082226f402bccd37837728d6f1636c0d8333c2acc1cd3f9cb1f001a1e2,2026-9697,Mauthausen,20260427,Clay,O,R16,18,CH12,Jan Choinski,R,29.878,119,524,DB63,Laslo Djere,R,30.902,267,197,0,7-6(2) 7-6(6),3,TRAIN
6f22abc0df64e6dc87ddd26ba75396951b65d9b6a4ba372de300556229fee474,2026-9697,Mauthausen,20260427,Clay,O,R16,19,BS86,Tomas Barrios Vera,R,28.378,123,506,N0CS,Lukas Neumayer,R,23.639,195,303,0,7-6(4) 6-4,3,TRAIN
600d2cf74ad90335e9df2a0a8736cd2cc2dfb3bcc06513d5a2bcf356a49489f0,2026-9697,Mauthausen,20260427,Clay,O,R16,20,D0HM,Matthew William Donald,R,21.465,539,74,D0LJ,Diego Dedura,L,18.125,304,172,1,3-6 7-5 6-3,3,TRAIN
5655b1022ea58cb1c520a78656a0950094e761cb804675778e3a570a937f89de,2026-9697,Mauthausen,20260427,Clay,O,R16,21,F0F2,Jaime Faria,R,22.724,136,459,K0FY,Martin Krumich,R,23.335,319,159,1,2-6 6-3 6-4,3,TRAIN
13c4ca3eef80ba0b6b03eb5fb52dae612680abb3ad0506e61c9310451e0805ae,2026-9697,Mauthausen,20260427,Clay,O,R16,22,J476,David Jorda Sanchis,R,31.869,383,127,K0CJ,Sandro Kopp,R,25.919,317,162,1,6-3 6-3,3,TRAIN
52a1df8d62b06239debf44435b39e06581c0f99a0b5dccc1e4612c1f37513a19,2026-9697,Mauthausen,20260427,Clay,O,R16,23,D0DW,Titouan Droguet,R,24.865,113,571,SX50,Roman Safiullin,R,28.72,176,343,0,6-2 4-6 6-4,3,TRAIN
d7a172a75441dbf1a4f7a7b87581666563ae9726cc27b5692c18168908d7d6ac,2026-9697,Mauthausen,20260427,Clay,O,R16,24,B0LW,Mika Brunold,R,21.566,385,127,D0CN,Miguel Damas,R,26.349,271,195,0,6-3 6-1,3,TRAIN
b7ff125424cd4164a66fae38420a884ef2ed9206585b646643e278115df4b0f7,2026-9697,Mauthausen,20260427,Clay,O,QF,25,D0CN,Miguel Damas,R,26.349,271,195,F0F2,Jaime Faria,R,22.724,136,459,0,6-1 6-0,3,TRAIN
090f55dc3e1646d4cbea98ccb538b403a70caf23c9926d9f565fbb948488d177,2026-9697,Mauthausen,20260427,Clay,O,QF,26,B0NO,Darwin Blanch,L,18.579,244,231,D0HM,Matthew William Donald,R,21.465,539,74,1,6-3 6-4,3,TRAIN
28b7f83ce7bd59186a1ed793cc561ab9eb596b07f81a36b0bc4431f327172686,2026-9697,Mauthausen,20260427,Clay,O,QF,27,DB63,Laslo Djere,R,30.902,267,197,N0CS,Lukas Neumayer,R,23.639,195,303,0,7-6(4) 6-3,3,TRAIN
f9e9da4696b3ea6b0b89fce1190ffd8851721747354bc57e20165c8eef089c05,2026-9697,Mauthausen,20260427,Clay,O,QF,28,J476,David Jorda Sanchis,R,31.869,383,127,SX50,Roman Safiullin,R,28.72,176,343,0,6-3 3-6 6-1,3,TRAIN
f8a8805591b46aff0cb9ffead8a83b1567c7445ab1ac47eb8d4fc731caa7da62,2026-9697,Mauthausen,20260427,Clay,O,SF,29,B0NO,Darwin Blanch,L,18.579,244,231,F0F2,Jaime Faria,R,22.724,136,459,0,6-3 6-2,3,TRAIN
ce73a283cf8d28b00a9abf4ad14d715b40e34cff067b3665f88a10606aa58513,2026-9697,Mauthausen,20260427,Clay,O,SF,30,N0CS,Lukas Neumayer,R,23.639,195,303,SX50,Roman Safiullin,R,28.72,176,343,0,6-3 3-6 6-2,3,TRAIN
19c59746cf9fd92e823330ef6cee97ac1b8374f8a2b3196b9ae726978bf6d22e,2026-9697,Mauthausen,20260427,Clay,O,F,31,F0F2,Jaime Faria,R,22.724,136,459,SX50,Roman Safiullin,R,28.72,176,343,0,4-6 6-4 7-6(4),3,TRAIN
48bd5e6d9eaf1d4527fafd22b3a1886d9793e9f9bbd3d4d762f9a5894bed625e,2026-2923,Santos,20260504,Clay,O,R32,1,J0AW,Guido Ivan Justo,R,28.378,262,204,M0OT,Luis Felipe Miguel,R,22.149,1144,10,1,6-4 6-0,3,TRAIN
aeab0b0f1059848aeeac5a8c752743ac8558976c979ea6aea16b4cb38f89b509,2026-2923,Santos,20260504,Clay,O,R32,2,DC48,Murkel Dellien,R,28.63,316,164,F0FL,Bruno Fernandez,R,21.771,623,57,1,7-6(3) 6-3,3,TRAIN
5d0b0cd932129e7f774df8926aaf22f7f9544149787b8bf4dfa5d6f96910d14c,2026-2923,Santos,20260504,Clay,O,R32,3,KC29,Nicolas Kicker,R,33.714,345,147,Z0BY,Nicolas Zanellato,R,24.279,843,30,1,6-0 6-1,3,TRAIN
bc0263dba5f6122ad08bc16ac0f8c2aecf019a7cef6d9483c3cbf55455f69078,2026-2923,Santos,20260504,Clay,O,R32,4,L0GR,Juan Manuel La Serna,L,22.242,367,135,R0LE,Pedro Rodrigues Longobardi,,17.878,,,1,6-1 6-3,3,TRAIN
711ba852a7f74f22c19f44240c4c1177db4169422612273cec76d39e44363035,2026-2923,Santos,20260504,Clay,O,R32,5,P0DF,Matheus Pucinelli De Almeida,R,25.09,407,116,T0CH,Rafael Tosetto,R,26.921,1074,13,1,6-0 6-1,3,TRAIN
c154cd7ea95ff3c4c8b77ba889453fec022653dee5628198c2ca6a30039a7b7f,2026-2923,Santos,20260504,Clay,O,R32,6,CG07,Hernan Casanova,R,32.238,414,112,D0AR,Mateus Alves,R,25.276,545,72,1,6-7(5) 6-1 6-2,3,TRAIN
9f0f3554e875db27322cc7b9d6125cea4f2ea98e57ea2458c33bc5324d4e28ce,2026-2923,Santos,20260504,Clay,O,R32,7,H0A4,Nick Hardt,R,25.618,511,80,T0AF,Fermin Tenti,R,28.887,1006,17,1,6-1 6-2,3,TRAIN
ae280c5195d6f4832efba5f3cad99e3b10344e1cc95f710a3bbd9e9d4be2996c,2026-2923,Santos,20260504,Clay,O,R32,8,LA54,Wilson Leite,R,34.491,842,30,M0WY,Guto Miguel,R,17.183,1032,15,0,6-3 6-1,3,TRAIN
0f1c450098925837f4cf85a1418bbf72042cf84b14a54f88f286e1e5bf9da0ea,2026-2923,Santos,20260504,Clay,O,R32,9,D0DK,Santiago De La Fuente,R,24.238,617,58,R0BT,Franco Roncadelli,L,26.24,274,195,0,7-5 7-5,3,TRAIN
1e3cd5013c125534938cb9c281131b658013182c47da09763f39acfe12b91c90,2026-2923,Santos,20260504,Clay,O,R32,10,MJ98,Facundo Mena,R,33.613,295,179,SG56,Daniel Dutra da Silva,L,37.829,383,126,1,7-5 6-2,3,TRAIN
fb92c63ce0827d26695b0a39591d1f54ec1a2362cb84be76c06e36f0010d1d32,2026-2923,Santos,20260504,Clay,O,R32,11,D0IN,Ryan Dickerson,R,28.988,637,55,V836,Juan Pablo Varillas,R,30.576,299,176,1,7-5 6-3,3,TRAIN
4890c3c8210489c324f6bbc97388a133da328684fbbd4278451a57a7439d5035,2026-2923,Santos,20260504,Clay,O,R32,12,A0G7,Valerio Aboian,L,23.888,493,86,SL94,Pedro Sakamoto,R,32.846,421,111,1,7-6(2) 7-6(7),3,TRAIN
4fb151886bf5bc650415d2529f7c30721c13e5c1d531dc1aaf1bb57179b0e520,2026-2923,Santos,20260504,Clay,O,R32,13,HG90,Conner Huertas del Pino,R,30.371,770,36,MV75,Ignacio Monzon,R,28.326,698,46,1,6-4 7-5,3,TRAIN
c42e8444183c087cc3eacab225d4bd2417359a75669cff5c7a11af8718466d1a,2026-2923,Santos,20260504,Clay,O,R32,14,PC09,Jose Pereira,R,35.269,706,44,R0BC,Lorenzo Joaquin Rodriguez,R,26.595,460,96,0,7-6(3) 6-2,3,TRAIN
c14e94ccca4af0563d4429f704a3d0ec82247055b560423950308bc1eb81f99d,2026-2923,Santos,20260504,Clay,O,R32,15,A0NJ,Gustavo Albieri,R,18.379,1477,4,S0T1,Joao Eduardo Schiessl,L,21.706,443,102,0,6-1 6-1,3,TRAIN
d5d41acd32d2dcad2c844a3281bcd9513fb6ae1a4981b7e12b5728efc068af49,2026-2923,Santos,20260504,Clay,O,R32,16,R09V,Eduardo Ribeiro,R,28.131,404,117,T0I3,Miguel Tobon,R,19.874,500,83,0,7-6(2) 7-6(6),3,TRAIN
2e1afe9a00dadbb1ad550e2af42fc336bf7e7d671dccdb99242d62d3a6a694d9,2026-2923,Santos,20260504,Clay,O,R16,17,J0AW,Guido Ivan Justo,R,28.378,262,204,R0BC,Lorenzo Joaquin Rodriguez,R,26.595,460,96,0,6-2 6-1,3,TRAIN
6a4c206012d9d79f1b63e4b2b2c49e9880992d5c438b74c67bd58ea04b40fa46,2026-2923,Santos,20260504,Clay,O,R16,18,HG90,Conner Huertas del Pino,R,30.371,770,36,R0BT,Franco Roncadelli,L,26.24,274,195,0,7-6(5) 6-2,3,TRAIN
f85f1dba8a534fc91d918aa6f9882bf417a30cc7d2bc2f2850305bede8020273,2026-2923,Santos,20260504,Clay,O,R16,20,MJ98,Facundo Mena,R,33.613,295,179,T0I3,Miguel Tobon,R,19.874,500,83,0,6-2 2-6 6-1,3,TRAIN
7ac3f85261494e1c1216616dab51a5118e7b1b517bd1d4bd5bdba39ca82fc51b,2026-2923,Santos,20260504,Clay,O,R16,21,CG07,Hernan Casanova,R,32.238,414,112,KC29,Nicolas Kicker,R,33.714,345,147,1,6-3 7-5,3,TRAIN
6e31c76512dc8988f449dfd6addcd4611b8c9ca8bca24d07f2cd291f080c6c98,2026-2923,Santos,20260504,Clay,O,R16,22,L0GR,Juan Manuel La Serna,L,22.242,367,135,M0WY,Guto Miguel,R,17.183,1032,15,0,6-4 6-2,3,TRAIN
40081985a53caa7899f921d388d56cd054e6102a7cf2cb4c0e19e5c2606a26ad,2026-2923,Santos,20260504,Clay,O,R16,23,A0G7,Valerio Aboian,L,23.888,493,86,P0DF,Matheus Pucinelli De Almeida,R,25.09,407,116,0,6-3 6-2,3,TRAIN
89df8c022541bde99327a5454c9154d2504e39a91e58da33279a03593ab0194c,2026-2923,Santos,20260504,Clay,O,R16,24,D0IN,Ryan Dickerson,R,28.988,637,55,S0T1,Joao Eduardo Schiessl,L,21.706,443,102,0,6-3 6-2,3,TRAIN
70ac92c1163c1959008b5f5b691d7f193cf4f4a0781871c36892ac1dadba6d60,2026-2923,Santos,20260504,Clay,O,QF,25,R0BT,Franco Roncadelli,L,26.24,274,195,S0T1,Joao Eduardo Schiessl,L,21.706,443,102,1,6-3 6-1,3,TRAIN
92ea17a1331bf6aca727b5ef47f38769f347328efa6ead7ef78510637f19a5fb,2026-2923,Santos,20260504,Clay,O,QF,26,CG07,Hernan Casanova,R,32.238,414,112,DC48,Murkel Dellien,R,28.63,316,164,1,6-2 6-0,3,TRAIN
1fc2100d42e891880056d3805707f729cea9ad59bcdfff0d679fc5f4ace583d4,2026-2923,Santos,20260504,Clay,O,QF,27,P0DF,Matheus Pucinelli De Almeida,R,25.09,407,116,T0I3,Miguel Tobon,R,19.874,500,83,1,6-1 6-3,3,TRAIN
dc180fdeb7117d5bf969c1cfcc4c9fc026439e5bda5b991c6d51f3d14ed999f2,2026-2923,Santos,20260504,Clay,O,QF,28,M0WY,Guto Miguel,R,17.183,1032,15,R0BC,Lorenzo Joaquin Rodriguez,R,26.595,460,96,1,6-4 6-4,3,TRAIN
c5f3d1be832f53b9d85e00c47edab85a26adec0f8c96d8063b5f0e6463578e65,2026-2923,Santos,20260504,Clay,O,SF,29,CG07,Hernan Casanova,R,32.238,414,112,M0WY,Guto Miguel,R,17.183,1032,15,1,6-3 6-4,3,TRAIN
5ff70395adb6e4938129859328f5997e40be04d268f733ef8a996540e0b8db80,2026-2923,Santos,20260504,Clay,O,SF,30,P0DF,Matheus Pucinelli De Almeida,R,25.09,407,116,R0BT,Franco Roncadelli,L,26.24,274,195,0,1-6 6-3 6-4,3,TRAIN
00e81fff526ecd186087c30d2755f31bbee5d752f0c413b629e497190405c843,2026-2923,Santos,20260504,Clay,O,F,31,CG07,Hernan Casanova,R,32.238,414,112,R0BT,Franco Roncadelli,L,26.24,274,195,0,6-3 6-2,3,TRAIN
7a715e3f8207ca06ed5b3758fa6a3fd6b7152444bf4ac357b169f2c8b6c260c3,2026-2961,Brazzaville,20260504,Clay,O,R32,2,B19D,Bienvenue Bolangi,R,24.345,,,ML73,Skander Mansouri,R,30.782,1475,4,0,6-3 6-2,3,TRAIN
0cac49371e7910e03cc483f7162177faef6165094a1e0c3a55c85424a67e68a2,2026-2961,Brazzaville,20260504,Clay,O,R32,3,A0IN,Adrian Arcon,R,24.704,2224,1,B0BU,Florent Bax,R,26.883,254,213,0,6-2 6-3,3,TRAIN
96ee4afb2e8a67385c4d875a3db4008904630127eebc0dd540de7abd6520dfd3,2026-2961,Brazzaville,20260504,Clay,O,R32,4,D0HS,Dinko Dinev,R,22.22,860,28,GG65,Michael Geerts,R,31.294,304,170,0,6-2 6-7(6) 6-2,3,TRAIN
9911cf5602ad502f0091d8e4dde5f7ee13b4236b1ddc20b3b87d166649de3899,2026-2961,Brazzaville,20260504,Clay,O,R32,6,BM09,Lawrence Bataljin,R,29.949,1667,3,E0AC,Mathys Erhard,R,24.52,394,121,0,6-1 6-2,3,TRAIN
28cb43ee6844d55349f87ead217c1b5cdd374c0a49d465f42bd0c1a909d97c86,2026-2961,Brazzaville,20260504,Clay,O,R32,7,B0PU,Reda Bennani,R,19.211,535,74,S0IV,Paulo Andre Saraiva Dos Santos,R,25.862,498,84,1,6-4 1-6 7-6(4),3,TRAIN
4606feaa389bb41fcb1947a620402338f71929de4c4dcac8414e8e9982b94010,2026-2961,Brazzaville,20260504,Clay,O,R32,8,C0PX,Matteo Covato,R,20.999,693,47,MW83,Jody Maginley,R,30.908,1861,1,1,6-3 7-6(3),3,TRAIN
7652ab0596a7ef0566abcd6859f1908ec13453548c40dc39ed088aca67bdca34,2026-2961,Brazzaville,20260504,Clay,O,R32,9,L0CK,Younes Lalami,R,25.043,862,28,P0D4,Brandon Perez,L,26.303,1354,6,1,6-2 6-1,3,TRAIN
27d27ad69ffca504f6fda9ccb97cee015b25339f0edcb41d8524d6178626eac0,2026-2961,Brazzaville,20260504,Clay,O,R32,10,AG64,Parth Aggarwal,R,28.364,1853,2,R0BF,Franco Ribero,R,26.65,881,26,0,6-3 7-6(0),3,TRAIN
d1c79ae019cc64bcd47f00493aac186eedd7c90aad6ae720d5bfb3c812292483,2026-2961,Brazzaville,20260504,Clay,O,R32,12,V0GI,Aditya Vishal Balsekar,R,23.529,1073,13,V0GL,Gray Voelzke,R,23.704,1342,6,1,6-4 6-1,3,TRAIN
f076986bebf75873a7c29f729582db50740b6cacaaf0c5b8d795c0a0a80b28ae,2026-2961,Brazzaville,20260504,Clay,O,R32,13,DF88,Aziz Dougaz,L,29.106,663,51,HB48,Calvin Hemery,R,31.264,315,164,0,7-6(3) 6-3,3,TRAIN
7b493da2ad3cd887c9eed3e21cd877bb588469baaa745c8586cc4d4c1f9341b0,2026-2961,Brazzaville,20260504,Clay,O,R32,14,K0O6,Matt Kleiman,R,24.764,1750,2,S0RI,Karan Singh,R,22.845,411,115,0,6-3 6-2,3,TRAIN
c0ed54aed95775375c353698db45acc93e690a75671dbbdb27fad4523ae9be6e,2026-2961,Brazzaville,20260504,Clay,O,R32,15,M09M,Ivan Marrero Curbelo,R,27.6,478,90,S1EZ,Elijah Sanogo,R,17.843,1108,11,1,6-0 6-4,3,TRAIN
48172e38a30ccba80b49506de8f051e99f3e69cf89f72bed36014b00cc88646d,2026-2961,Brazzaville,20260504,Clay,O,R32,16,B0X2,Dillon Beckles,R,19.795,1392,5,SY71,Digvijaypratap Singh,R,25.919,566,68,0,7-5 6-3,3,TRAIN
a312c23b7ca43c17fe088ece22a53f132d654edeb9b00aa498487e788313a42d,2026-2961,Brazzaville,20260504,Clay,O,R16,17,B0BU,Florent Bax,R,26.883,254,213,L0CK,Younes Lalami,R,25.043,862,28,1,6-2 6-4,3,TRAIN
8da26631928790932ec5d94ca68b8f06eee99b97f7df004bac593080dfe30ffe,2026-2961,Brazzaville,20260504,Clay,O,R16,20,C0GU,Matyas Cerny,R,24.55,696,46,R0BF,Franco Ribero,R,26.65,881,26,0,1-6 7-6(6) 6-4,3,TRAIN
5e5a0fc5d10832968b94430c9b191de0caee6507f002cc78d9917f0d34167bf7,2026-2961,Brazzaville,20260504,Clay,O,R16,21,B0I5,Blaise Bicknell,R,24.435,321,160,V0GI,Aditya Vishal Balsekar,R,23.529,1073,13,1,6-4 6-4,3,TRAIN
12b5db1ce54427e3c2445d364249b9bbc13ffb6754feb1894fe5f174e59a5ae0,2026-2961,Brazzaville,20260504,Clay,O,R16,22,B0PU,Reda Bennani,R,19.211,535,74,HB48,Calvin Hemery,R,31.264,315,164,0,4-6 6-4 6-3,3,TRAIN
39d59007d35109cd37fd1baee9fe96a27bc629ceeb0537ffe5a88bd0a646ff9b,2026-2961,Brazzaville,20260504,Clay,O,R16,23,S0RI,Karan Singh,R,22.845,411,115,SY71,Digvijaypratap Singh,R,25.919,566,68,1,6-3 7-5,3,TRAIN
c18cfd36d7497217cd07f6677341e108a0ae578700792dfba5b8f8ac26bd7c0c,2026-2961,Brazzaville,20260504,Clay,O,R16,24,C0PX,Matteo Covato,R,20.999,693,47,M09M,Ivan Marrero Curbelo,R,27.6,478,90,0,6-1 6-1,3,TRAIN
51302c7c967f56e5c150a4fdc8753aa0023cf0e69b33bfd5e109349b96331281,2026-2961,Brazzaville,20260504,Clay,O,QF,25,B0BU,Florent Bax,R,26.883,254,213,E0AC,Mathys Erhard,R,24.52,394,121,1,6-3 6-4,3,TRAIN
8ea351511de439f1a460647f3bf69c55e48769680ce54a5f6e050ffebd0a9f39,2026-2961,Brazzaville,20260504,Clay,O,QF,26,B0I5,Blaise Bicknell,R,24.435,321,160,HB48,Calvin Hemery,R,31.264,315,164,0,3-6 6-1 6-3,3,TRAIN
04544bf8fe3188bef3b6a7522e7a4b7bb905ef332fd58c41c819a0b72087cc63,2026-2961,Brazzaville,20260504,Clay,O,QF,28,R0BF,Franco Ribero,R,26.65,881,26,V0DQ,Iiro Vasa,R,23.666,1320,6,1,6-4 7-6(5),3,TRAIN
30f548528c9cbed08c046912d324d5991bec5e35065588e065f2fa17bc897359,2026-2961,Brazzaville,20260504,Clay,O,SF,29,B0BU,Florent Bax,R,26.883,254,213,R0BF,Franco Ribero,R,26.65,881,26,1,6-4 6-3,3,TRAIN
980f5ac9d7e19b49975f3dcb1392f12a6b0c0ba5e31a874012778e9303f40f07,2026-2961,Brazzaville,20260504,Clay,O,SF,30,HB48,Calvin Hemery,R,31.264,315,164,M09M,Ivan Marrero Curbelo,R,27.6,478,90,1,6-2 2-6 6-1,3,TRAIN
e8cd60707559f1202e446eb41e5d97e77036e1b351b32dc750e4cb44fd3052c8,2026-2961,Brazzaville,20260504,Clay,O,F,31,B0BU,Florent Bax,R,26.883,254,213,HB48,Calvin Hemery,R,31.264,315,164,0,7-5 3-6 7-6(2),3,TRAIN
3c7c988f6a7fd1bbef14011c936542a8d0e152560438c0ab165a444d3aefccb4,2026-7707,Francavilla al Mare,20260504,Clay,O,R32,1,G0CV,Buvaysar Gadamauri,R,25.815,280,187,P0IY,Juan Carlos Prado Angelo,R,21.161,180,336,0,6-4 6-4,3,TRAIN
c98f63b6f8f7caeb06cab0e86e0edeb7d229f988265421d7e30f74baa549bed6,2026-7707,Francavilla al Mare,20260504,Clay,O,R32,2,S0KT,Stefanos Sakellaridis,R,21.637,200,290,S0TM,Toby Samuel,R,23.658,161,378,1,6-3 2-6 6-4,3,TRAIN
04e73202436c502790ddb41065d136edb032e7752f6d39c116efd2c7a023e537,2026-7707,Francavilla al Mare,20260504,Clay,O,R32,3,G0A0,Andrea Guerrieri,L,27.417,248,227,T0AP,Chun-Hsin Tseng,R,24.736,169,366,0,6-3 6-2,3,TRAIN
ddc5ef833d9e84d24aa99b18c57c5b1edd53103588c1fa53001c41a4a84f8f98,2026-7707,Francavilla al Mare,20260504,Clay,O,R32,4,B0GY,Alex Barrena,R,23.565,189,309,H09N,August Holmgren,R,28.033,167,368,0,6-4 6-2,3,TRAIN
a3a2bd552f27079d679e3346e361aaabb67e7513bf75cca2a41890389e7a640c,2026-7707,Francavilla al Mare,20260504,Clay,O,R32,5,B0TP,Henry Bernet,R,19.272,477,90,D0CG,Facundo Diaz Acosta,L,25.383,179,336,0,5-7 6-3 6-1,3,TRAIN
b15351c2800db7333e5e3dd4588d3e1f9b707a5c027deeedb339914dce57e4b9,2026-7707,Francavilla al Mare,20260504,Clay,O,R32,6,G0EU,Felix Gill,L,23.923,234,244,KH56,Zdenek Kolar,R,29.566,165,371,0,6-4 6-4,3,TRAIN
1f60f3cd938eb62c0fecefcd30ebbc14f23e9408563c851c50d8ba9b90f41616,2026-7707,Francavilla al Mare,20260504,Clay,O,R32,7,SN54,Frederico Ferreira Silva,L,31.129,238,241,W0AH,Harry Wendelken,R,24.375,226,253,1,6-3 6-3,3,TRAIN
3321e1eeb6c6392344c11047251f6d49d04d3f61c4e6055669cef957f6cd24a7,2026-7707,Francavilla al Mare,20260504,Clay,O,R32,8,H0DU,Gustavo Heide,R,24.178,209,278,M0GY,Lilian Marmousez,R,24.331,312,165,1,2-6 6-0 6-0,3,TRAIN
6cb9172f612801624249b5223bea1ee894b13f87afe3212d0fce4d295d47d488,2026-7707,Francavilla al Mare,20260504,Clay,O,R32,9,K0FY,Martin Krumich,R,23.354,308,167,P0I6,Gabriele Piraino,L,22.475,420,111,1,6-4 6-4,3,TRAIN
0f53d79dd84a92624e14fe582a767a7462d8a7a519d39185a257ce6297662586,2026-7707,Francavilla al Mare,20260504,Clay,O,R32,10,E0DD,Justin Engel,R,18.59,185,323,S0GZ,Nikolas Sanchez Izquierdo,R,27.138,244,233,0,6-7(2) 6-2 6-2,3,TRAIN
d2059e0c185d4a35665abfcd4d4673c96e7e9fa566a8b3ed867e1e0654fecfdf,2026-7707,Francavilla al Mare,20260504,Clay,O,R32,11,R0KM,Daniele Rapagnetta,R,19.417,931,22,S0VU,Max Schoenhaus,R,18.757,470,93,0,6-3 6-3,3,TRAIN
b66428c3e294bc0795dfd552b843efec31abefb1da6b1b38e27338daccf55ef7,2026-7707,Francavilla al Mare,20260504,Clay,O,R32,12,A0M2,Yannick Theodor Alexandrescou,R,18.313,1268,7,S0DL,Ryan Seggerman,R,26.743,1042,14,0,6-2 4-6 6-4,3,TRAIN
9c6c5c88d67b5846183169359edef6e68a48e58092b81aac0b40d018fcb905ee,2026-7707,Francavilla al Mare,20260504,Clay,O,R32,13,B0NN,Nishesh Basavareddy,R,21.005,154,393,M0HT,Alejandro Moro Canas,R,25.405,242,234,1,3-6 6-4 6-1,3,TRAIN
7eb99111175c3522c0a2b3441af7a978b2a0fdbe6e4dc91a47bc734106a41a40,2026-7707,Francavilla al Mare,20260504,Clay,O,R32,14,C0BH,Clement Chidekh,R,24.89,181,336,G0DH,Alvaro Guillen Meza,R,23.335,230,250,1,7-5 6-2,3,TRAIN
79cf53de288c0b1f10d41106aa7423833924396da05738595f0438343949bca9,2026-7707,Francavilla al Mare,20260504,Clay,O,R32,15,A0BA,Federico Arnaboldi,R,25.875,446,101,CI14,Jay Clarke,R,27.77,207,282,0,6-1 6-1,3,TRAIN
e343cc1c385b4fec0534882642bf632e94c470cc011737b0bd0ee0307991e278,2026-7707,Francavilla al Mare,20260504,Clay,O,R32,16,D0H9,Guy Den Ouden,R,24.071,195,304,FA43,Juan Pablo Ficovich,R,29.273,203,284,1,4-6 7-6(5) 6-3,3,TRAIN
4e3e7019d5c0420864571df6e03e58ae6f7cfad41a5df78d36102619a1473a49,2026-7707,Francavilla al Mare,20260504,Clay,O,R16,17,SN54,Frederico Ferreira Silva,L,31.129,238,241,T0AP,Chun-Hsin Tseng,R,24.736,169,366,0,6-1 6-2,3,TRAIN
621923db63a029cad6c13c3c9cbbb156649d57f79bf334770be37e229cebdd8c,2026-7707,Francavilla al Mare,20260504,Clay,O,R16,18,B0NN,Nishesh Basavareddy,R,21.005,154,393,CI14,Jay Clarke,R,27.77,207,282,0,6-4 6-2,3,TRAIN
857b9f5946961ea80a9e0bc8ee4ffada457dc20c2d9fe692d13b4976b65a2254,2026-7707,Francavilla al Mare,20260504,Clay,O,R16,19,P0IY,Juan Carlos Prado Angelo,R,21.161,180,336,S0DL,Ryan Seggerman,R,26.743,1042,14,0,6-7(5) 7-5 7-6(5),3,TRAIN
8dfc948627fb4c7433c0dfba8ac027b54f3844908d8bff4126e27099be9d40ab,2026-7707,Francavilla al Mare,20260504,Clay,O,R16,20,D0CG,Facundo Diaz Acosta,L,25.383,179,336,S0GZ,Nikolas Sanchez Izquierdo,R,27.138,244,233,1,6-4 6-4,3,TRAIN
f5e7d7a755667722fb2b700ec909b418b2ce0475e7efc2ab4af3797f0ad26f73,2026-7707,Francavilla al Mare,20260504,Clay,O,R16,21,C0BH,Clement Chidekh,R,24.89,181,336,K0FY,Martin Krumich,R,23.354,308,167,0,6-4 6-2,3,TRAIN
182400efa33e36cc2b964a9f611506a56c69c92835bea3420b48e7f4bc60ee6a,2026-7707,Francavilla al Mare,20260504,Clay,O,R16,22,KH56,Zdenek Kolar,R,29.566,165,371,S0VU,Max Schoenhaus,R,18.757,470,93,0,6-3 7-6(5),3,TRAIN
122d39639bd787d1b031ac93efa9d458937decc61a46d26ecb794a87bbb1cb58,2026-7707,Francavilla al Mare,20260504,Clay,O,R16,23,H0DU,Gustavo Heide,R,24.178,209,278,S0KT,Stefanos Sakellaridis,R,21.637,200,290,1,6-4 7-6(3),3,TRAIN
f551482a4d2218ec2a9d21414f3521755a06a5f1a43732308cf209d27cadbdea,2026-7707,Francavilla al Mare,20260504,Clay,O,R16,24,D0H9,Guy Den Ouden,R,24.071,195,304,H09N,August Holmgren,R,28.033,167,368,0,6-4 6-4,3,TRAIN
1b6fb2a4fd82404c5a912c508be04afabffc07abdfdee2448622cda469746339,2026-7707,Francavilla al Mare,20260504,Clay,O,QF,25,D0CG,Facundo Diaz Acosta,L,25.383,179,336,T0AP,Chun-Hsin Tseng,R,24.736,169,366,1,7-6(2) 6-4,3,TRAIN
0673097aa4c0fad15e754443f1f80513f241f15e24660b2fd30d45d099a2c1f3,2026-7707,Francavilla al Mare,20260504,Clay,O,QF,26,H0DU,Gustavo Heide,R,24.178,209,278,K0FY,Martin Krumich,R,23.354,308,167,1,6-4 6-2,3,TRAIN
592ef6a4356fc2cf1c54f67e382c125bd5f94b3ed36e5b4f80c7dbdfd846502e,2026-7707,Francavilla al Mare,20260504,Clay,O,QF,27,H09N,August Holmgren,R,28.033,167,368,S0VU,Max Schoenhaus,R,18.757,470,93,1,7-5 2-6 6-3,3,TRAIN
a90212fbb57d28dbb32e62d99445a72afac7dc041ff82ee13ab4df94b7f387bc,2026-7707,Francavilla al Mare,20260504,Clay,O,QF,28,CI14,Jay Clarke,R,27.77,207,282,S0DL,Ryan Seggerman,R,26.743,1042,14,0,6-7(8) 6-4 6-4,3,TRAIN
f4397eadfb2a80648d64cdc8d23122cf834b06d4c68181ed7074e28aa74539c7,2026-7707,Francavilla al Mare,20260504,Clay,O,SF,29,D0CG,Facundo Diaz Acosta,L,25.383,179,336,S0DL,Ryan Seggerman,R,26.743,1042,14,1,6-3 6-0,3,TRAIN
a929ad2be13f2f12a9342086de44933870da0fd4944f0aa069344eab0c8d25a9,2026-7707,Francavilla al Mare,20260504,Clay,O,SF,30,H09N,August Holmgren,R,28.033,167,368,H0DU,Gustavo Heide,R,24.178,209,278,0,6-4 1-6 6-1,3,TRAIN
e2aca40e878997923fa93bfc328718beb00b9a5c85a7487edd79a8489bff282f,2026-7707,Francavilla al Mare,20260504,Clay,O,F,31,D0CG,Facundo Diaz Acosta,L,25.383,179,336,H0DU,Gustavo Heide,R,24.178,209,278,1,5-7 6-1 6-2,3,TRAIN
4aa8a94068f81cf511c5e4a4c140aa2bf45b95dd59edf89b1258d85042a68ac8,2026-1541,Tunis,20260511,Clay,O,R32,1,G0BY,Daniil Glinka,L,25.996,178,342,M0XQ,Niels McDonald,R,18.289,998,17,1,6-2 7-5,3,TRAIN
6ba162976951ae25685b98b8b0d26388d9b164f49715a05f94a8145e7fa32ac7,2026-1541,Tunis,20260511,Clay,O,R32,2,A09T,Dan Added,R,27.077,227,253,D0H9,Guy Den Ouden,R,24.09,195,304,0,6-2 6-3,3,TRAIN
8d4071d923795eba86e6296d91f7fd55ffcd1d624e14dd846c08fffcef3de73c,2026-1541,Tunis,20260511,Clay,O,R32,4,H0CX,Max Houkes,L,25.854,236,242,U120,Kaichi Uchida,R,31.715,243,233,1,6-0 6-1,3,TRAIN
9f6677e86e9a8354c364a5d47696a499399de18f4a7f128437973d143c2f3c8a,2026-1541,Tunis,20260511,Clay,O,R32,5,B0TP,Henry Bernet,R,19.291,477,90,S0GD,Dalibor Svrcina,R,23.606,116,547,0,6-1 6-2,3,TRAIN
4c2383010da3e64d12c3abb0215fbe6ffa13c7de1370e9ae9cea25514c8b331f,2026-1541,Tunis,20260511,Clay,O,R32,6,C0NB,Federico Cina,R,19.116,225,255,M0SE,Maxim Mrva,R,18.773,310,166,1,6-3 6-7(0) 7-5,3,TRAIN
86abada51a544f25520f808607dc468406f05d3d1698cd69867a45fcbc98e57e,2026-1541,Tunis,20260511,Clay,O,R32,7,B0JP,Dali Blanch,R,23.184,368,135,Z0CQ,Yi Zhou,R,21.158,220,263,1,6-7(4) 7-5 6-0,3,TRAIN
339d921c6d723bc3cf4962896fff0be43b45d9881708133e43b555f2ad7b5a37,2026-1541,Tunis,20260511,Clay,O,R32,8,CI14,Jay Clarke,R,27.789,207,282,EA13,Moez Echargui,R,33.331,139,447,1,6-0 6-3,3,TRAIN
b3f83e91612aa384295419ec4f5dcc5f06b300b89f8c151ed594dc12ca4d4641,2026-1541,Tunis,20260511,Clay,O,R32,9,AA27,Franco Agamenone,R,33.07,273,195,S0WT,Joel Schwaerzler,L,20.285,172,357,0,6-7(2) 6-3 6-1,3,TRAIN
dd2d23c9e2c01d2313681ec234a9dc4725762c1d532ac7fbe4cfb8bd79a1bf78,2026-1541,Tunis,20260511,Clay,O,R32,10,GJ16,Federico Agustin Gomez,R,29.454,186,322,ML73,Skander Mansouri,R,30.801,1475,4,1,6-4 7-6(5),3,TRAIN
f4d4b45866e29ffc23f6faad69c8229ea7f6d58740901f43ef8f482293e2d390,2026-1541,Tunis,20260511,Clay,O,R32,12,O09A,Aziz Ouakaa,R,26.76,626,57,TA46,Bernard Tomic,R,33.552,194,305,0,6-3 6-2,3,TRAIN
3e6f65a1432bf2f2beb0002766e9a5e365898c57f015c1fa1978e5d1ac9f9db7,2026-1541,Tunis,20260511,Clay,O,R32,13,B0QC,Gilles Arnaud Bailly,R,20.641,208,280,M0G4,Harold Mayot,R,24.263,210,278,1,4-6 6-0 6-1,3,TRAIN
dbca94bf64ace0088b7d13fe0dcc44b04e5e3f55752f0b9068643b0de58a9569,2026-1541,Tunis,20260511,Clay,O,R32,14,B0MM,Edas Butvilas,R,21.799,255,211,CG33,Kimmer Coppejans,R,32.255,217,269,0,6-4 7-6(5),3,TRAIN
ef70f7fbe63c15040ace2a896c830b5b16cda1f94aa6ec2192202a38573a9d97,2026-1541,Tunis,20260511,Clay,O,R32,15,LC12,Laurent Lokoli,R,31.562,435,104,S0O6,Ilia Simakin,R,22.538,245,231,1,6-4 4-6 6-4,3,TRAIN
49b284354f8ba205c9f29ccd644c31d49d414a7eb8d0d4879e99c8033cf89597,2026-1541,Tunis,20260511,Clay,O,R16,16,B0EJ,Tristan Boyer,R,25.054,256,210,S0GD,Dalibor Svrcina,R,23.606,116,547,1,1-6 6-4 7-5,3,TRAIN
4354fe3da023afc0be0442300bf7c08be23fe74596f31d719655141d0ac14396,2026-1541,Tunis,20260511,Clay,O,R16,17,C0NB,Federico Cina,R,19.116,225,255,S0WT,Joel Schwaerzler,L,20.285,172,357,1,6-4 6-1,3,TRAIN
c54cc348be4bf7d6a0b76bf1b9186273b47695b66c5af18284513f6ccbd3d1a4,2026-1541,Tunis,20260511,Clay,O,R16,18,B0QC,Gilles Arnaud Bailly,R,20.641,208,280,G0BY,Daniil Glinka,L,25.996,178,342,1,6-3 6-2,3,TRAIN
b755ea2c666795764eedb8b82506a57d802e551a76f6ca5a51049ec3e37c126c,2026-1541,Tunis,20260511,Clay,O,R16,19,GJ16,Federico Agustin Gomez,R,29.454,186,322,LC12,Laurent Lokoli,R,31.562,435,104,0,6-2 6-2,3,TRAIN
88df70df7044747bfa1e14876dbc16878f2603f31705047b162578b19f92d40e,2026-1541,Tunis,20260511,Clay,O,R16,20,CG33,Kimmer Coppejans,R,32.255,217,269,TA46,Bernard Tomic,R,33.552,194,305,1,6-1 7-5,3,TRAIN
8995ded76c0d7bee885dad85fb066c69e054f123331ada35ae9f56b7e7ffb5c7,2026-1541,Tunis,20260511,Clay,O,R16,21,B0JP,Dali Blanch,R,23.184,368,135,D0H9,Guy Den Ouden,R,24.09,195,304,1,6-4 6-4,3,TRAIN
8a6c77e26d7a8c91ec848d602f0d566d97abdb66200abb2d3e6656e9d1b1136a,2026-1541,Tunis,20260511,Clay,O,R16,22,CI14,Jay Clarke,R,27.789,207,282,M0EA,Pol Martin Tiffon,R,26.782,237,241,1,7-5 6-1,3,TRAIN
3b0754b8605ecf7420095d936949893508672496805272d16f91a42a4103d5c5,2026-1541,Tunis,20260511,Clay,O,R16,23,H0CX,Max Houkes,L,25.854,236,242,M0NL,Inaki Montes-De La Torre,R,23.603,369,134,0,6-0 6-2,3,TRAIN
9c91ed94627ebe47b0b4f385ede5033cf5683703acc1faa48203ce25c4c67968,2026-1541,Tunis,20260511,Clay,O,QF,24,B0JP,Dali Blanch,R,23.184,368,135,CI14,Jay Clarke,R,27.789,207,282,1,6-0 3-6 6-1,3,TRAIN
eba40ec29ca3778070a870216d5615e4c26c06285bd77457686cecbf2361a388,2026-1541,Tunis,20260511,Clay,O,QF,25,B0QC,Gilles Arnaud Bailly,R,20.641,208,280,CG33,Kimmer Coppejans,R,32.255,217,269,0,6-4 6-3,3,TRAIN
005fed8b207f91048edc365025aa087a069a68eda06304c91893bae8efbcb421,2026-1541,Tunis,20260511,Clay,O,QF,26,C0NB,Federico Cina,R,19.116,225,255,M0NL,Inaki Montes-De La Torre,R,23.603,369,134,0,6-2 6-2,3,TRAIN
872d496fb2623af3ff7c01f8d274954799591f7ceac8ca13fa03957fa11a43a5,2026-1541,Tunis,20260511,Clay,O,SF,28,B0JP,Dali Blanch,R,23.184,368,135,CG33,Kimmer Coppejans,R,32.255,217,269,1,6-1 5-7 7-6(3),3,TRAIN
c8a49dc6a709cec9f525a41d7a1d86884ebe9150091dc42aec0d2f8766fa9738,2026-1541,Tunis,20260511,Clay,O,SF,29,B0EJ,Tristan Boyer,R,25.054,256,210,M0NL,Inaki Montes-De La Torre,R,23.603,369,134,1,6-3 4-6 7-5,3,TRAIN
c897748a5341e7dfa56b7c37c678aef49f038e9708208e6ba412fca7775ef0cf,2026-1541,Tunis,20260511,Clay,O,F,30,B0EJ,Tristan Boyer,R,25.054,256,210,B0JP,Dali Blanch,R,23.184,368,135,1,6-1 6-0,3,TRAIN
a8cbb9966aa9b0ce31215367c99d7f264ef60295f315713dfca8e9cb5e56b648,2026-2823,Valencia,20260511,Clay,O,R32,1,AE14,Daniel Altmaier,R,27.661,63,860,S0AK,Henri Squire,R,25.618,257,210,1,6-3 6-3,3,TRAIN
911f2679ab2d42738c374e2f20851c7c63e0345185af6897fd9b8e684f443edb,2026-2823,Valencia,20260511,Clay,O,R32,2,B0U4,Nicolai Budkov Kjaer,R,19.691,124,519,KI95,Miomir Kecmanovic,R,26.694,70,795,0,6-4 6-4,3,TRAIN
fd0927863390e60afb164c5f350540539921714087b334b233d110d35a340e99,2026-2823,Valencia,20260511,Clay,O,R32,3,BD06,Roberto Bautista Agut,R,38.073,98,629,MO44,Pedro Martinez,R,29.04,135,461,1,6-3 6-1,3,TRAIN
7fa0c7edd61ed6b4e39f3c4fa24bed0e9cadccbc1e6386977afc970bbd54a80b,2026-2823,Valencia,20260511,Clay,O,R32,4,BK40,Matteo Berrettini,R,30.078,100,625,DA81,Taro Daniel,R,33.284,334,151,1,6-4 6-2,3,TRAIN
00b651f734210149777dd51cbbc6d6502f113f81785d44c7a02453fe7d8772fe,2026-2823,Valencia,20260511,Clay,O,R32,5,D923,Damir Dzumhur,R,33.974,92,654,S0XE,Alejo Sanchez Quilez,R,20.876,483,89,1,6-1 6-7(3) 6-4,3,TRAIN
f243779f221cc685e0a6f151815f7f9a9b9b2b12f6cf04539981e7229506ae08,2026-2823,Valencia,20260511,Clay,O,R32,6,K0AZ,Aleksandar Kovacevic,R,27.699,95,639,M0N7,Daniel Merida,R,21.621,85,696,1,6-3 5-7 6-2,3,TRAIN
983376d1d0e396e32629457a3563a723a52b932c00d3f577544f4b1f84738f15,2026-2823,Valencia,20260511,Clay,O,R32,7,B0BI,Sebastian Baez,R,25.366,64,840,CF59,Roberto Carballes Baena,R,33.133,199,292,1,6-4 6-2,3,TRAIN
27aac97bc96c20316b327347b428d5b5baf19c1602bcc87c47aaf9b4842fa17b,2026-2823,Valencia,20260511,Clay,O,R32,8,A09U,Nicolas Alvarez Varona,R,24.98,467,94,SL28,Jan-Lennard Struff,R,36.044,82,709,1,6-1 5-7 6-2,3,TRAIN
7cab003a22de0a71ef2ee85a37914851ad688392d1de90e2f1b5d5e333d1cecd,2026-2823,Valencia,20260511,Clay,O,R32,9,C0DF,Francisco Comesana,R,25.593,113,570,CD85,Pablo Carreno Busta,R,34.831,90,663,0,6-4 6-3,3,TRAIN
c1a8335010ab709381dc4ffe66bbeca13a824b47808d0f12be05c4b21879cdea,2026-2823,Valencia,20260511,Clay,O,R32,10,L987,Dusan Lajovic,R,35.863,147,421,O483,Christopher O'Connell,R,31.937,150,413,1,6-4 6-3,3,TRAIN
4e8dd269daed611a5dcab740c1ab2cb3fa3b29796dd1cc0f5e74e8ac182cf904,2026-2823,Valencia,20260511,Clay,O,R32,11,P0IY,Juan Carlos Prado Angelo,R,21.18,180,336,R0FS,Leandro Riedi,R,24.285,128,506,0,6-7(5) 6-1 6-3,3,TRAIN
8b011a17bb9c02457177c1e4fafc0c8e95cfe3bd13b1d7f309211ccf5fa89b3f,2026-2823,Valencia,20260511,Clay,O,R32,12,V0DP,Adolfo Daniel Vallejo,R,22.034,83,703,Z419,Bernabe Zapata Miralles,R,29.325,830,31,1,6-1 6-1,3,TRAIN
32b6a5cfdf59110b950f3eeccd8bc5b7acfaf3657559ea95d11e26c12ac6f368,2026-2823,Valencia,20260511,Clay,O,R16,13,K0AZ,Aleksandar Kovacevic,R,27.699,95,639,TE30,Alejandro Tabilo,L,28.939,35,1243,0,6-3 6-1,3,TRAIN
5b880e0cf65aa26b7d77448351ad7a4b4d004a23e44c5c6700d3d1ea6e06da40,2026-2823,Valencia,20260511,Clay,O,R16,14,D923,Damir Dzumhur,R,33.974,92,654,MU94,Jaume Munar,R,29.016,38,1155,0,6-2 7-6(4),3,TRAIN
bee2d8aa42f3e1de9d2e0db98630e85641a2ff618158273399add6b43fc8e624,2026-2823,Valencia,20260511,Clay,O,R16,15,BD06,Roberto Bautista Agut,R,38.073,98,629,BU13,Zizou Bergs,R,26.938,39,1140,0,6-7(5) 6-3 6-3,3,TRAIN
1d8f95cc73d2eb3a7a1078a25556d0e940b8e32daf11076b3dee0b86212871b4,2026-2823,Valencia,20260511,Clay,O,R16,16,BK40,Matteo Berrettini,R,30.078,100,625,U182,Camilo Ugo Carabelli,R,26.899,60,865,0,7-6(2) 6-4,3,TRAIN
1da20d3afad0c20c57c7a211ddeab68356ec0a05a4d511ba977991c8ebae8f88,2026-2823,Valencia,20260511,Clay,O,R16,17,AE14,Daniel Altmaier,R,27.661,63,860,L987,Dusan Lajovic,R,35.863,147,421,0,3-6 7-5 7-6(5),3,TRAIN
378cb8948b0f53bc090f7cc02caaba0b095244c06b04d3002c07d7c7537a6ace,2026-2823,Valencia,20260511,Clay,O,R16,18,B0BI,Sebastian Baez,R,25.366,64,840,CD85,Pablo Carreno Busta,R,34.831,90,663,0,5-7 7-5 7-5,3,TRAIN
491f8649dcd075d1134d4e7bc46579ad2d10da8e513fb043edb6979f6deb33d5,2026-2823,Valencia,20260511,Clay,O,R16,19,KI95,Miomir Kecmanovic,R,26.694,70,795,R0FS,Leandro Riedi,R,24.285,128,506,1,6-3 6-2,3,TRAIN
138c27d389e5beb37c263415c9dddff2771a94a4b5b77c3a86ad119f905c120c,2026-2823,Valencia,20260511,Clay,O,R16,20,A09U,Nicolas Alvarez Varona,R,24.98,467,94,V0DP,Adolfo Daniel Vallejo,R,22.034,83,703,0,7-6(3) 6-0,3,TRAIN
804b9643cefac1d71e403630144f4c56884442be5bc44e2289f90af07501033d,2026-2823,Valencia,20260511,Clay,O,QF,21,L987,Dusan Lajovic,R,35.863,147,421,TE30,Alejandro Tabilo,L,28.939,35,1243,0,4-6 7-5 6-4,3,TRAIN
8086077efd635082d4cc0e00cf154aab8f17cd5b7d3394e1d2c594899e5c4c2e,2026-2823,Valencia,20260511,Clay,O,QF,23,BU13,Zizou Bergs,R,26.938,39,1140,V0DP,Adolfo Daniel Vallejo,R,22.034,83,703,0,6-4 6-3,3,TRAIN
0730631dfd5a109714b65084a4ebd1c2d8037659074aadf5837270035ec10102,2026-2823,Valencia,20260511,Clay,O,QF,24,KI95,Miomir Kecmanovic,R,26.694,70,795,U182,Camilo Ugo Carabelli,R,26.899,60,865,1,6-1 6-1,3,TRAIN
a016e0893e81b24f0dfcf173edacfde9ead4300770a81ca04a9f5445f70fad8a,2026-2823,Valencia,20260511,Clay,O,SF,25,KI95,Miomir Kecmanovic,R,26.694,70,795,TE30,Alejandro Tabilo,L,28.939,35,1243,1,7-6(0) 6-3,3,TRAIN
8edac7842abf3aa5a37423cf3c3375a214cda4a15b970a91beb3bad6002e438f,2026-2823,Valencia,20260511,Clay,O,SF,26,MU94,Jaume Munar,R,29.016,38,1155,V0DP,Adolfo Daniel Vallejo,R,22.034,83,703,0,4-6 7-6(3) 6-4,3,TRAIN
1724ed0dd833124f344c7663db8195b7a7debd241e3e9d23795ff635ca7a8317,2026-2823,Valencia,20260511,Clay,O,F,27,KI95,Miomir Kecmanovic,R,26.694,70,795,V0DP,Adolfo Daniel Vallejo,R,22.034,83,703,1,6-2 3-6 6-2,3,TRAIN
728d2de22fb643f088345cca6fe53d9a41cfa6d1a904192d2f04085e78c4f6d3,2026-2981,Cordoba,20260511,Clay,O,R32,1,L0GR,Juan Manuel La Serna,L,22.261,367,135,Z0CO,Maximo Zeitune,R,20.271,640,54,1,6-3 6-4,3,TRAIN
c0e2a783c4112c3835e3988a4bd94573455d6e897346a2a66590670b5a2d3846,2026-2981,Cordoba,20260511,Clay,O,R32,2,A0G7,Valerio Aboian,L,23.907,493,86,Z0DA,Carlos Maria Zarate,R,21.114,528,77,1,6-4 6-1,3,TRAIN
93509ed5479e7c80d70f177c62861213fb3480366421de24471495d62a6afce2,2026-2981,Cordoba,20260511,Clay,O,R32,3,C0O4,Fernando Cavallo,R,20.408,879,26,R09V,Eduardo Ribeiro,R,28.151,404,117,0,6-3 7-6(1),3,TRAIN
7ba427cc62c4e0c4f36378359a0aa6ca3750bafeeb193db5747fb75ec5070b73,2026-2981,Cordoba,20260511,Clay,O,R32,5,CC66,Andrea Collarini,L,34.275,267,202,E0DI,Juan Estevez,R,20.632,398,120,1,7-5 6-4,3,TRAIN
ca503c5dd63082e89e569735ded03d49434a39004a3bd6b51ef938fca5409d00,2026-2981,Cordoba,20260511,Clay,O,R32,6,D0DK,Santiago De La Fuente,R,24.257,617,58,DC48,Murkel Dellien,R,28.649,316,164,0,6-1 6-3,3,TRAIN
b3e81864085e42a85a87a11f694318c4313acd5c94a8b6cf079cd2d1856e91a5,2026-2981,Cordoba,20260511,Clay,O,R32,7,KC29,Nicolas Kicker,R,33.733,345,147,MV75,Ignacio Monzon,R,28.345,698,46,1,6-2 6-2,3,TRAIN
fc84560bf8d9c234597f06385d5277f7624fe9fe427010ba87d31b465093e6ff,2026-2981,Cordoba,20260511,Clay,O,R32,8,A0IK,Luciano Emanuel Ambrogi,R,22.475,381,127,O376,Renzo Olivo,R,34.155,808,33,1,6-4 6-2,3,TRAIN
2a3362024c1afa74c58cfa44fb6729b0674f8ad62eb6ccd2b099545af5d0e2de,2026-2981,Cordoba,20260511,Clay,O,R32,10,D0IN,Ryan Dickerson,R,29.008,637,55,G0ON,Juan Ignacio Gallego,,19.203,1601,3,1,7-6(4) 6-0,3,TRAIN
8b93876d5e209933e19b1154d73acb225b502188774e7cba5063ba9331e7918e,2026-2981,Cordoba,20260511,Clay,O,R32,11,R0BT,Franco Roncadelli,L,26.259,274,195,SL94,Pedro Sakamoto,R,32.865,421,111,1,7-6(5) 6-4,3,TRAIN
abdc66b5d1e675fb51d6ee064ecf557c9f33cf726a9059cf4cd715e8de7ff295,2026-2981,Cordoba,20260511,Clay,O,R32,13,F0FL,Bruno Fernandez,R,21.791,623,57,T0DM,Juan Bautista Torres,R,24.107,324,159,0,7-5 6-4,3,TRAIN
0152a1f2de1b5075c90ee2fbf587e8625919f9d54cb063b5f74ac4571876ddd6,2026-2981,Cordoba,20260511,Clay,O,R32,14,G0L1,Segundo Goity Zapico,,20.745,1315,6,T0I3,Miguel Tobon,R,19.893,500,83,0,6-0 6-3,3,TRAIN
18ae8baaf0a8780dc178ba7c2d13f83617b4258ade5fa62cb7091df8fedad9f4,2026-2981,Cordoba,20260511,Clay,O,R32,15,C0GK,Thiago Cigarran,R,26.125,792,35,V821,Gonzalo Villanueva,R,31.324,375,131,0,6-2 7-6(4),3,TRAIN
3e38062e1eee4387ac8944b1872b9704cc183fbb6b928cab622ee1efd84a524c,2026-2981,Cordoba,20260511,Clay,O,R16,17,A0IK,Luciano Emanuel Ambrogi,R,22.475,381,127,J0AW,Guido Ivan Justo,R,28.397,262,204,0,6-4 6-1,3,TRAIN
18d6b911f7c6a79819abe22645f1fde76958d04ef26e7c6eff207135e6ce904d,2026-2981,Cordoba,20260511,Clay,O,R16,18,DC48,Murkel Dellien,R,28.649,316,164,R09V,Eduardo Ribeiro,R,28.151,404,117,0,6-4 6-4,3,TRAIN
740723e75e0a61884c0a0d0516becb57361692a1639d619e60417a86762b6937,2026-2981,Cordoba,20260511,Clay,O,R16,19,CC66,Andrea Collarini,L,34.275,267,202,T0I3,Miguel Tobon,R,19.893,500,83,0,4-6 7-6(5) 6-3,3,TRAIN
91039dc78d381b5e4705d8c7d734ba4e8bc382ae5de7cc2a43771ae424e7107f,2026-2981,Cordoba,20260511,Clay,O,R16,20,P0DF,Matheus Pucinelli De Almeida,R,25.109,407,116,R0BT,Franco Roncadelli,L,26.259,274,195,0,6-0 7-6(2),3,TRAIN
6fe8ad46d9f10008818b8dd84da74ade86ca35303cbc95ce831040a511bbcbaa,2026-2981,Cordoba,20260511,Clay,O,R16,21,L0LD,Samuel Alejandro Linde Palacios,R,18.543,732,41,T0DM,Juan Bautista Torres,R,24.107,324,159,0,6-0 6-2,3,TRAIN
e65e145d5defadba95a6f58b8782ca1cf2ce4fe1631904f45e36bf826534e44e,2026-2981,Cordoba,20260511,Clay,O,R16,22,D0IN,Ryan Dickerson,R,29.008,637,55,KC29,Nicolas Kicker,R,33.733,345,147,0,6-0 6-1,3,TRAIN
625e82a0c26712afac19c3d2e5ff2f348ec2771e5ce53932d8e05fd8e79e178f,2026-2981,Cordoba,20260511,Clay,O,R16,23,L0GR,Juan Manuel La Serna,L,22.261,367,135,V821,Gonzalo Villanueva,R,31.324,375,131,1,6-3 6-4,3,TRAIN
fca1fe6722da96ff9cf077d367da366f3ace49788211a95f127c7850dc55f61a,2026-2981,Cordoba,20260511,Clay,O,R16,24,A0G7,Valerio Aboian,L,23.907,493,86,H0C9,Arklon Huertas Del Pino Cordova,R,31.819,812,33,1,6-4 6-3,3,TRAIN
4722ddb7603718a8545b09f6712a8116b93b9626a01f23327f860454adc0a85a,2026-2981,Cordoba,20260511,Clay,O,QF,25,J0AW,Guido Ivan Justo,R,28.397,262,204,R09V,Eduardo Ribeiro,R,28.151,404,117,1,7-6(9) 7-5,3,TRAIN
de112bfedcaafaf0defbf3bd3c8ee893547fa463ea58cac39817ff2d57dbf814,2026-2981,Cordoba,20260511,Clay,O,QF,26,KC29,Nicolas Kicker,R,33.733,345,147,R0BT,Franco Roncadelli,L,26.259,274,195,0,2-6 7-6(3) 7-5,3,TRAIN
c1d2d78a9022f595e4daaa702929da0ffbf05615f1a5cba786a42e8f141cfa7f,2026-2981,Cordoba,20260511,Clay,O,QF,27,T0DM,Juan Bautista Torres,R,24.107,324,159,T0I3,Miguel Tobon,R,19.893,500,83,1,6-7(4) 6-4 6-1,3,TRAIN
e3ac526e315f58b84e13374038085cd6da48a18b9f2fa0281fa97fb669d486a6,2026-2981,Cordoba,20260511,Clay,O,QF,28,A0G7,Valerio Aboian,L,23.907,493,86,L0GR,Juan Manuel La Serna,L,22.261,367,135,0,4-6 6-1 6-0,3,TRAIN
263a6f99afea9b08c593d2041d0c83e186d5d0eb03f62fec04cbb72aed874183,2026-2981,Cordoba,20260511,Clay,O,SF,29,J0AW,Guido Ivan Justo,R,28.397,262,204,R0BT,Franco Roncadelli,L,26.259,274,195,0,6-1 6-4,3,TRAIN
a20a7863dee03277d8b94f4e4d9c1d00dcd69e99d50d204aa12d72c8c298292d,2026-2981,Cordoba,20260511,Clay,O,SF,30,L0GR,Juan Manuel La Serna,L,22.261,367,135,T0DM,Juan Bautista Torres,R,24.107,324,159,1,6-4 6-2,3,TRAIN
6c61f8235a752ca10c054390cf909cda6880365b1b27a84a242c1c9436b8fd72,2026-2981,Cordoba,20260511,Clay,O,F,31,L0GR,Juan Manuel La Serna,L,22.261,367,135,R0BT,Franco Roncadelli,L,26.259,274,195,1,7-5 2-6 6-3,3,TRAIN
ff885c9976a76a20b5a60df2510cdd1d93ff08a69b3b271c0a8442192b92bd52,2026-3824,Bordeaux,20260511,Clay,O,R32,1,B0FV,Roman Andres Burruchaga,R,24.296,56,885,D0DB,Pierre Delage,R,25.298,740,39,1,6-3 4-6 6-4,3,TRAIN
e291dc22ddbdbae073ba7f61cfe12e1af09bd2672f096a87f7fba4e93103b975,2026-3824,Bordeaux,20260511,Clay,O,R32,2,M0GZ,Giovanni Mpetshi Perricard,R,22.842,61,865,V0AM,Otto Virtanen,R,24.887,127,512,1,2-6 7-5 6-4,3,TRAIN
8273a8131d80c74cdd150dd7452836b1eab9b2c2c0d42d94b25278afd7a5746d,2026-3824,Bordeaux,20260511,Clay,O,R32,3,BU54,Geoffrey Blancaneaux,R,27.756,362,138,C0JP,Raphael Collignon,R,24.323,68,802,0,6-2 6-1,3,TRAIN
7039194ac9667b0c6a96749ed8d8e83beb984b14eb8deaca79cd556f9cdf38dc,2026-3824,Bordeaux,20260511,Clay,O,R32,4,C0C8,Juan Manuel Cerundolo,L,24.485,75,759,V0DZ,Luca Van Assche,R,21.999,97,636,1,7-6(2) 6-4,3,TRAIN
3f009a53514f676785b48f0674aec539077fc397ed772b860f693152d534416e,2026-3824,Bordeaux,20260511,Clay,O,R32,5,D0DT,Martin Damm,L,22.612,115,547,D875,Grigor Dimitrov,R,34.987,170,365,1,7-6(3) 7-6(7),3,TRAIN
4ade5b4c3fcd5911899e05e279571c3c66a61e7ca3e1e984fa01526ca4cdabd6,2026-3824,Bordeaux,20260511,Clay,O,R32,6,MP20,Alexandre Muller,R,29.27,104,601,S0UV,Rei Sakamoto,R,19.88,156,392,0,6-4 3-6 6-3,3,TRAIN
1771c34ce813a700d65f6b0d9d694cf4f78f3d0bcb86c84556b564acc4b983b3,2026-3824,Bordeaux,20260511,Clay,O,R32,7,B0CD,Jenson Brooksby,R,25.539,62,862,MV14,Alex Molcan,L,28.441,112,571,0,6-2 7-5,3,TRAIN
1de3ee51585458e6efb886bf7a3a86d1078417bd965ed1442b50af42391aab93,2026-3824,Bordeaux,20260511,Clay,O,R32,8,BM95,Benjamin Bonzi,R,29.919,101,616,K0O4,Moise Kouame,R,17.18,311,165,1,2-6 6-4 6-0,3,TRAIN
412565f184aa3bb671625516876797737575e0ceb9762f1499c2ca870b8e2363,2026-3824,Bordeaux,20260511,Clay,O,R32,9,D0DW,Titouan Droguet,R,24.903,107,594,F0BY,Jacob Fearnley,R,24.821,123,523,1,6-2 6-7(2) 6-2,3,TRAIN
12db16cdce14472556b87caf018e820547009fe51556741da56100e4d656018a,2026-3824,Bordeaux,20260511,Clay,O,R32,10,HB64,Quentin Halys,R,29.539,93,653,SY67,Sho Shimabukuro,R,28.78,106,596,1,6-4 6-2,3,TRAIN
a6de4dd6df75c13e9b18f1f87548678e70587596c46dbbcb2ce62953e1b40201,2026-3824,Bordeaux,20260511,Clay,O,R32,11,G09O,Hugo Gaston,L,25.621,118,535,S0H2,Alexander Shevchenko,R,25.446,84,698,0,6-1 3-6 6-1,3,TRAIN
3122ffcd6240aef896d03406ee7b9f97a25b1fe85474654f6dbbc5f20874cea4,2026-3824,Bordeaux,20260511,Clay,O,R32,12,H0BH,Rinky Hijikata,R,25.21,96,637,V832,Aleksandar Vukic,R,30.094,99,626,0,6-1 6-7(3) 6-3,3,TRAIN
7096cd86f8667c6ff7e449cde6b10ffe639133bb5406b071aba7f9f2a6fb9306,2026-3824,Bordeaux,20260511,Clay,O,R16,13,D0DT,Martin Damm,L,22.612,115,547,RC91,Arthur Rinderknech,R,30.801,24,1736,1,6-4 7-6(13),3,TRAIN
c86aa8463c83c5c352c0b37001b9766fa4fbcb9e9996ef9bfeadc7dbfe6a19f4,2026-3824,Bordeaux,20260511,Clay,O,R16,14,BM95,Benjamin Bonzi,R,29.919,101,616,GJ37,Tallon Griekspoor,R,29.856,31,1360,0,6-4 6-3,3,TRAIN
bd8e9517157ae1d17ae50555bd4c20269a27935baf1731f97df4e4152cad21cf,2026-3824,Bordeaux,20260511,Clay,O,R16,15,A0GC,Terence Atmane,L,24.334,51,958,D0DW,Titouan Droguet,R,24.903,107,594,0,6-7(13) 6-1 6-4,3,TRAIN
4bb0e9bbc83b6b166a8a76073ae476447a4135476acc05e5d019272018c55573,2026-3824,Bordeaux,20260511,Clay,O,R16,17,B0FV,Roman Andres Burruchaga,R,24.296,56,885,C0C8,Juan Manuel Cerundolo,L,24.485,75,759,0,6-4 6-4,3,TRAIN
58c25a546e56185d8a1053a46107db89717e8cae97f8107344a3d571e99c2dc7,2026-3824,Bordeaux,20260511,Clay,O,R16,18,M0GZ,Giovanni Mpetshi Perricard,R,22.842,61,865,V832,Aleksandar Vukic,R,30.094,99,626,1,6-0 6-3,3,TRAIN
3807127319ec710d8a515015229e413b7a7929c0d8d15f57186087f1b21ba534,2026-3824,Bordeaux,20260511,Clay,O,R16,20,MV14,Alex Molcan,L,28.441,112,571,S0UV,Rei Sakamoto,R,19.88,156,392,1,6-4 6-0,3,TRAIN
c95bb9fb4fcaf367e06d7132b6695b4f8e0590faea9a0a4d5837d3fd614a9017,2026-3824,Bordeaux,20260511,Clay,O,QF,21,GJ37,Tallon Griekspoor,R,29.856,31,1360,MV14,Alex Molcan,L,28.441,112,571,1,6-2 6-4,3,TRAIN
6910aff5615fd6cc72343859470ae20abcdd21afe49e3359e321fbb8540567d2,2026-3824,Bordeaux,20260511,Clay,O,QF,22,HB64,Quentin Halys,R,29.539,93,653,M0GZ,Giovanni Mpetshi Perricard,R,22.842,61,865,1,6-3 7-6(3),3,TRAIN
68bb53359773f8a65b500e2ee0a9bb7dc3b83b517c60f5a97b85eb05228fac1f,2026-3824,Bordeaux,20260511,Clay,O,QF,23,C0JP,Raphael Collignon,R,24.323,68,802,D0DW,Titouan Droguet,R,24.903,107,594,1,6-2 7-6(6),3,TRAIN
692b080c4a04c5cd2a5d811773d907f86cf9b6927fc2ef7e4b191a5f7cc48cc4,2026-3824,Bordeaux,20260511,Clay,O,QF,24,C0C8,Juan Manuel Cerundolo,L,24.485,75,759,D0DT,Martin Damm,L,22.612,115,547,1,6-2 6-2,3,TRAIN
baad08a8d641321c6868f0804fa2c77da84b2d245c516459d506416775f46162,2026-3824,Bordeaux,20260511,Clay,O,SF,25,C0JP,Raphael Collignon,R,24.323,68,802,GJ37,Tallon Griekspoor,R,29.856,31,1360,1,7-5 6-1,3,TRAIN
3925660e9dbd6c444ca9e426063156e1757fa487a53bc3931f5c54f89e5d9d73,2026-3824,Bordeaux,20260511,Clay,O,SF,26,C0C8,Juan Manuel Cerundolo,L,24.485,75,759,HB64,Quentin Halys,R,29.539,93,653,1,6-2 6-4,3,TRAIN
83373d1bbc69f147ad08f2f3f5fc88a6b6cea787e17cbaa8236b22334f6c7b14,2026-3824,Bordeaux,20260511,Clay,O,F,27,C0C8,Juan Manuel Cerundolo,L,24.485,75,759,C0JP,Raphael Collignon,R,24.323,68,802,1,5-7 6-1 7-6(4),3,TRAIN
effd50e789427b318779ec2a8868eb1263176ea6490fe805d8edd9b2a460a8f5,2026-9475,Oeiras 2,20260511,Clay,O,R32,1,B0OV,Petr Brunclik,L,19.817,348,145,HD68,Billy Harris,R,31.291,148,421,1,7-5 5-7 6-3,3,TRAIN
2bfd91ac954e3ba211d75d05e1f8e551f3e3caf878dd51bf27e3805297b22544,2026-9475,Oeiras 2,20260511,Clay,O,R32,2,D0DP,Liam Draxl,R,24.43,171,364,N0AM,Emilio Nava,R,24.438,114,554,0,7-6(3) 6-3,3,TRAIN
9b747abdeb18c6b5aae3a52704eaa4fbf04e40ed3d59895f946b82803540c869,2026-9475,Oeiras 2,20260511,Clay,O,R32,3,R0GO,Henrique Rocha,R,22.094,120,529,SX50,Roman Safiullin,R,28.758,143,433,0,5-7 7-6(5) 6-2,3,TRAIN
04f644d892f58743d1bc1e214132fca61980d9cd7cf4fddf852a41390d54ef39,2026-9475,Oeiras 2,20260511,Clay,O,R32,4,BS86,Tomas Barrios Vera,R,28.416,133,464,Z0BZ,Michael Zheng,R,22.286,149,414,1,6-4 6-4,3,TRAIN
2399a87ae755348e742db4453a370397abebb8cab27121da4585eb6fb0825363,2026-9475,Oeiras 2,20260511,Clay,O,R32,5,B0NO,Darwin Blanch,L,18.617,228,252,P0HT,Jack Pinnington Jones,R,23.116,136,461,0,6-3 6-7(4) 7-5,3,TRAIN
c3bb4394307739398b198d356d2be02c5fb758447f7c8742b228485ccdbe2425,2026-9475,Oeiras 2,20260511,Clay,O,R32,6,R09X,Jurij Rodionov,L,26.987,160,379,S0ZE,Colton Smith,R,23.184,190,308,0,6-3 6-3,3,TRAIN
0323d20d9575ce482755c9187df3104920f0a232c17412ffa60e9f4158b9ee86,2026-9475,Oeiras 2,20260511,Clay,O,R32,7,GD64,Cristian Garin,R,29.947,103,602,M0OH,Lautaro Midon,R,22.116,216,269,0,6-3 5-7 6-4,3,TRAIN
9485d966520d273484053e126bfa3f6b30b87a124477433e57b952752241d8de,2026-9475,Oeiras 2,20260511,Clay,O,R32,8,F0F2,Jaime Faria,R,22.762,119,529,T0CN,Tiago Torres,L,23.841,575,67,1,6-3 6-4,3,TRAIN
3da99eed9f3d1893d90cb87cc430541ee6121fe9f09ee41255a8dbbac9cbdc1f,2026-9475,Oeiras 2,20260511,Clay,O,R32,9,B0NN,Nishesh Basavareddy,R,21.024,154,393,O660,Genaro Alberto Olivieri,R,27.767,214,270,1,6-1 1-6 6-3,3,TRAIN
ae3c33a2f98f42d242818cbcf8db3f2bce7f41774cb6088e8f885225b5612855,2026-9475,Oeiras 2,20260511,Clay,O,R32,10,DB63,Laslo Djere,R,30.94,279,187,H0DU,Gustavo Heide,R,24.197,209,278,1,6-2 6-2,3,TRAIN
47f4d3e11a4ca739066bad590178f4e23aaa533e8b56ed30aa1a1fdb70581493,2026-9475,Oeiras 2,20260511,Clay,O,R32,11,HG94,Benjamin Hassan,R,31.264,338,150,M0AW,Nicolas Mejia,R,26.245,174,354,1,6-4 6-3,3,TRAIN
0464336f2ab3aad0c799cf8dac2f87b7ddf8c1294a7a8b00f46ac51b0faa640c,2026-9475,Oeiras 2,20260511,Clay,O,R32,13,G0FW,Vilius Gaubas,R,21.363,121,527,SN54,Frederico Ferreira Silva,L,31.149,238,241,1,6-3 2-6 6-1,3,TRAIN
ce6467ec91d8e483f00533664bf09d58ec0cc42b8ad33231262202f4211fa7cf,2026-9475,Oeiras 2,20260511,Clay,O,R32,14,D0CG,Facundo Diaz Acosta,L,25.402,179,336,DA31,Hugo Dellien,R,32.901,132,468,0,6-2 7-6(6),3,TRAIN
d902c6e1f6535d35c12a14ead4c9e6d94d2aff39655ddea1cc29c9f1e853abb9,2026-9475,Oeiras 2,20260511,Clay,O,R32,15,KH56,Zdenek Kolar,R,29.585,165,371,Z371,Zhizhen Zhang,R,29.566,239,240,1,6-3 6-4,3,TRAIN
c769b572dc1defbf79899a19e6afa117dae16edb7468c82774ef2795d32bf194,2026-9475,Oeiras 2,20260511,Clay,O,R32,16,J476,David Jorda Sanchis,R,31.907,349,145,V993,Eero Vasa,R,29.27,438,103,0,7-5 6-4,3,TRAIN
0068a37fdcdae38845523dc3131e0e4630d6dfaee0241e3ba7493b79c3ed518f,2026-9475,Oeiras 2,20260511,Clay,O,R16,17,N0AM,Emilio Nava,R,24.438,114,554,P0K4,Tiago Pereira,R,21.889,303,171,1,6-3 6-3,3,TRAIN
d008ab61ba940422258a2bd189ec936a2acb800e6bd53208463f71551a63ac48,2026-9475,Oeiras 2,20260511,Clay,O,R16,18,F0F2,Jaime Faria,R,22.762,119,529,V993,Eero Vasa,R,29.27,438,103,1,6-3 6-1,3,TRAIN
abd93591088c4dace020872a6db6e49a3529df7e6fdbe6f283db11e4b94177e5,2026-9475,Oeiras 2,20260511,Clay,O,R16,19,B0OV,Petr Brunclik,L,19.817,348,145,G0FW,Vilius Gaubas,R,21.363,121,527,1,3-6 6-4 6-3,3,TRAIN
ffc70f336c8b0fb0c6ea9ce6ee0250ece0a06dc12636120fa48f1f2295bfb824,2026-9475,Oeiras 2,20260511,Clay,O,R16,20,B0NN,Nishesh Basavareddy,R,21.024,154,393,BS86,Tomas Barrios Vera,R,28.416,133,464,0,6-1 6-4,3,TRAIN
ab7a08e0efa4c87c63a4c952f1c986d2cf1d36bbb75a472ba14fabe9c066637b,2026-9475,Oeiras 2,20260511,Clay,O,R16,21,P0HT,Jack Pinnington Jones,R,23.116,136,461,S0ZE,Colton Smith,R,23.184,190,308,0,6-4 6-1,3,TRAIN
fc7069beb422f4257179572dc53477073945ae69b77c51570259c858eee8b73c,2026-9475,Oeiras 2,20260511,Clay,O,R16,22,DB63,Laslo Djere,R,30.94,279,187,SX50,Roman Safiullin,R,28.758,143,433,1,6-4 7-5,3,TRAIN
8eb62f4aeaa2bf1636e647f189787930f0632a2fc6d9a091b5cac6311ca8c98b,2026-9475,Oeiras 2,20260511,Clay,O,R16,23,HG94,Benjamin Hassan,R,31.264,338,150,M0OH,Lautaro Midon,R,22.116,216,269,1,6-4 2-6 6-3,3,TRAIN
e233f06ba7031abf15dde9cefd3e4594cfe6287c5c6fb816f7b1dc108c2a52e2,2026-9475,Oeiras 2,20260511,Clay,O,R16,24,DA31,Hugo Dellien,R,32.901,132,468,KH56,Zdenek Kolar,R,29.585,165,371,1,6-4 4-6 7-6(4),3,TRAIN
df580f45bb1c70421cb8c7670e310e782e320b77c98cffafc4a1f11ce6abe1cb,2026-9475,Oeiras 2,20260511,Clay,O,QF,25,BS86,Tomas Barrios Vera,R,28.416,133,464,N0AM,Emilio Nava,R,24.438,114,554,0,2-6 6-4 7-6(9),3,TRAIN
14acb4ff86f98ed123d7342bb2f2f56294452170260f900cbd5a382f885da61d,2026-9475,Oeiras 2,20260511,Clay,O,QF,27,DB63,Laslo Djere,R,30.94,279,187,S0ZE,Colton Smith,R,23.184,190,308,1,6-4 6-4,3,TRAIN
10ac337109dc3226e3e8760f04f70947686c5d0ab5dce84f76f337fbf5244449,2026-9475,Oeiras 2,20260511,Clay,O,QF,28,B0OV,Petr Brunclik,L,19.817,348,145,F0F2,Jaime Faria,R,22.762,119,529,0,1-6 7-6(3) 6-2,3,TRAIN
b9a2cb38a5013f84c191a763cb1c3346957a4f5752d4ece82b46660014f8169d,2026-9475,Oeiras 2,20260511,Clay,O,SF,29,F0F2,Jaime Faria,R,22.762,119,529,N0AM,Emilio Nava,R,24.438,114,554,0,6-2 6-7(7) 7-6(5),3,TRAIN
0a2057dc308b2043c8e7f4f8eb99d684f1369023dcc3d2d104558580294b51c3,2026-9475,Oeiras 2,20260511,Clay,O,F,31,DB63,Laslo Djere,R,30.94,279,187,N0AM,Emilio Nava,R,24.438,114,554,1,6-3 6-4,3,TRAIN
1656eb860b4460db81260ec82a3b60d70d6babcbd820680506b3632db3a1e59f,2026-9500,Zagreb,20260511,Clay,O,R32,1,CF01,Marco Cecchinato,R,33.61,182,329,W0AH,Harry Wendelken,R,24.394,226,253,1,7-5 6-4,3,TRAIN
8b27bd95a767b65a7323b541e66df2745e68baa494cb3a8da0d8546d0a2ae2e8,2026-9500,Zagreb,20260511,Clay,O,R32,2,M0HU,Shintaro Mochizuki,R,22.94,130,480,N0CS,Lukas Neumayer,R,23.677,191,307,0,6-2 6-2,3,TRAIN
8f707307e4ae3e807a92167db18b66b0cce439cdb998505334e851bc4f757fa3,2026-9500,Zagreb,20260511,Clay,O,R32,3,P0AY,Luka Pavlovic,R,26.114,221,261,R0A7,Joao Lucas Reis Da Silva,R,26.125,202,285,0,6-4 6-1,3,TRAIN
698525accf3fd3d71d96eb318e948b0a0573a16204068c2df864564f3ccb1759,2026-9500,Zagreb,20260511,Clay,O,R32,4,F0DM,Arthur Fery,R,23.83,157,383,SS25,Vitaliy Sachko,R,28.824,193,305,1,7-5 6-3,3,TRAIN
20a4a18347ca4ca76a568aa274fa39592f824515f2f94eebf1d0d176118453f8,2026-9500,Zagreb,20260511,Clay,O,R32,6,CH12,Jan Choinski,R,29.916,122,526,FA43,Juan Pablo Ficovich,R,29.292,203,284,1,2-6 6-4 6-4,3,TRAIN
17758ceaeacf9fd79b6fe940e7fd1282d6c8f7e672c6ad6900efedc696dbb39c,2026-9500,Zagreb,20260511,Clay,O,R32,7,F0BT,Jonas Forejtek,R,25.169,285,184,P09O,Zsombor Piros,R,26.576,163,373,0,4-6 6-1 6-0,3,TRAIN
d90b947ae7514ce8a0600a1f8905a039b89ecc72af036e9cbd3d81abffa61b74,2026-9500,Zagreb,20260511,Clay,O,R32,8,D0D4,Stefan Dostanic,R,24.515,265,202,R0E0,Chris Rodesch,R,24.813,166,369,0,5-7 6-4 6-2,3,TRAIN
984990f2839c05bfa75f199c8b44062aaa17d5504ee402be81fd83d61da567f6,2026-9500,Zagreb,20260511,Clay,O,R32,10,D0LJ,Diego Dedura,L,18.163,283,185,I0BV,Emanuel Ivanisevic,,18.579,1496,4,1,6-1 6-3,3,TRAIN
489a4d5ca04f54e88626767f4accddc8fb27e89450042ac6947f29d6e2dda139,2026-9500,Zagreb,20260511,Clay,O,R32,11,GE33,Daniel Elahi Galan,R,29.895,270,200,SX91,Thiago Seyboth Wild,R,26.168,247,229,1,6-4 6-3,3,TRAIN
e1e23ed5108bf7f07dd97e8ed6bba6c4bf6aa4418853f09ce6cda2df9b119720,2026-9500,Zagreb,20260511,Clay,O,R32,12,P0GQ,Mili Poljicak,R,21.826,301,172,S0LA,Dominic Stricker,L,23.734,309,166,0,7-6(5) 6-7(2) 7-5,3,TRAIN
bc2d18e13e4572566db64b202af636f8bbf47e56ebe657bb7edee91c42c56817,2026-9500,Zagreb,20260511,Clay,O,R32,13,F840,Nerman Fatic,R,31.546,235,242,M0K4,Elmer Moller,R,22.839,153,404,0,6-3 6-7(5) 6-1,3,TRAIN
73927fb9c785d4ce09b95fd091e7212bade4218677dc03e92e456e7d9b2c8d29,2026-9500,Zagreb,20260511,Clay,O,R32,14,AG08,Andy Andrade,R,27.406,215,270,MJ08,Thiago Monteiro,L,31.945,292,181,1,4-6 6-4 6-4,3,TRAIN
6d7344b592ad0e0a6975258f99cabcd4f3021dc6c2e07d4333ffa3383d5c27e3,2026-9500,Zagreb,20260511,Clay,O,R32,15,D0L3,Matej Dodig,R,20.81,201,285,H09N,August Holmgren,R,28.052,167,368,0,7-6(8) 3-6 6-3,3,TRAIN
cf42b6f9ab1cb328b2808a0599d931653b986dd2f185b6207df0f40b74c6efec,2026-9500,Zagreb,20260511,Clay,O,R32,16,E0DD,Justin Engel,R,18.609,185,323,M0N1,Luka Mikrut,R,22.067,198,295,0,6-4 3-6 6-2,3,TRAIN
75af099d740e00d73601581afe23c70e4e77c728c2a47f79c4fcd9b8b307e707,2026-9500,Zagreb,20260511,Clay,O,R16,17,CH12,Jan Choinski,R,29.916,122,526,GE33,Daniel Elahi Galan,R,29.895,270,200,1,2-6 7-6(2) 6-4,3,TRAIN
0c8dcc39bc27568f54edbea03cbd55af5f77bc2011b3b91c63a3604e8e39c11c,2026-9500,Zagreb,20260511,Clay,O,R16,18,M0K4,Elmer Moller,R,22.839,153,404,R0A7,Joao Lucas Reis Da Silva,R,26.125,202,285,1,7-5 6-2,3,TRAIN
188d93743a6c22039b11fa48969fa43cbc3c567f409b2c102537adffb22c6116,2026-9500,Zagreb,20260511,Clay,O,R16,19,F0DM,Arthur Fery,R,23.83,157,383,S0LA,Dominic Stricker,L,23.734,309,166,1,6-1 6-4,3,TRAIN
c1d39751af286d9529e20ad65efe88671badaf1456b8ca5162eab1f51946afef,2026-9500,Zagreb,20260511,Clay,O,R16,20,P09O,Zsombor Piros,R,26.576,163,373,S0UM,Josip Simundza,L,21.388,758,38,1,6-4 6-4,3,TRAIN
8fc4a4ddcc9896e65df58cc4a9057bdf0fbcd52bc536aeab3056012ad6fd0842,2026-9500,Zagreb,20260511,Clay,O,R16,21,M0N1,Luka Mikrut,R,22.067,198,295,R0E0,Chris Rodesch,R,24.813,166,369,0,6-1 6-2,3,TRAIN
202c96ecec1fb2d1fa0aa87ccac9538d7ef6405595ed01493a969e74def7a8b1,2026-9500,Zagreb,20260511,Clay,O,R16,22,A0M2,Yannick Theodor Alexandrescou,R,18.333,1268,7,H09N,August Holmgren,R,28.052,167,368,1,6-7(3) 6-3 6-3,3,TRAIN
7964dff2776abbfaacf4fa9b72a4c48199531d6bf71df3bd06d7658bd79f2186,2026-9500,Zagreb,20260511,Clay,O,R16,23,AG08,Andy Andrade,R,27.406,215,270,CF01,Marco Cecchinato,R,33.61,182,329,1,6-4 6-4,3,TRAIN
ce06030bb87c6abb996d06dd15235ee253f74e8d2bc18ddbb8f5d549a3ec9f27,2026-9500,Zagreb,20260511,Clay,O,R16,24,D0LJ,Diego Dedura,L,18.163,283,185,N0CS,Lukas Neumayer,R,23.677,191,307,0,6-4 6-4,3,TRAIN
f0bf087f673c42e505943a42fc3184e117be4436d0df4e2e265fb0deca743113,2026-9500,Zagreb,20260511,Clay,O,QF,25,AG08,Andy Andrade,R,27.406,215,270,M0K4,Elmer Moller,R,22.839,153,404,0,7-5 6-2,3,TRAIN
5ce8bd0e8e0146e623f521f1653245a0695063c175570037126a789054e46f11,2026-9500,Zagreb,20260511,Clay,O,QF,26,CH12,Jan Choinski,R,29.916,122,526,R0E0,Chris Rodesch,R,24.813,166,369,1,6-7(0) 6-3 7-5,3,TRAIN
890c8c0b7bb8e26bed98257dce6ede982a83b0c44c688f9197a89bbad82d420d,2026-9500,Zagreb,20260511,Clay,O,QF,27,A0M2,Yannick Theodor Alexandrescou,R,18.333,1268,7,F0DM,Arthur Fery,R,23.83,157,383,0,3-6 7-5 6-3,3,TRAIN
905c750af822cee2f58639efac1bebc5a5870d060a3b604239d6792d97d588fd,2026-9500,Zagreb,20260511,Clay,O,QF,28,N0CS,Lukas Neumayer,R,23.677,191,307,P09O,Zsombor Piros,R,26.576,163,373,0,4-6 6-4 6-3,3,TRAIN
9099753d070248de28accc220f25994734776c71fea108dc3ec86175ca4adad2,2026-9500,Zagreb,20260511,Clay,O,SF,29,CH12,Jan Choinski,R,29.916,122,526,F0DM,Arthur Fery,R,23.83,157,383,1,5-7 7-6(4) 6-2,3,TRAIN
e5a8f630a7a9415d8fbb2bd95e2a2dfc3cf1dfa6fb92ea2163160ee2fe887a38,2026-9500,Zagreb,20260511,Clay,O,SF,30,M0K4,Elmer Moller,R,22.839,153,404,P09O,Zsombor Piros,R,26.576,163,373,0,6-2 3-6 6-4,3,TRAIN
836dc35b694bb0b46fc7a1285d34969957c560c7c224f93050c2d1285a185661,2026-9500,Zagreb,20260511,Clay,O,F,31,CH12,Jan Choinski,R,29.916,122,526,P09O,Zsombor Piros,R,26.576,163,373,1,7-6(5) 7-6(2),3,TRAIN
fc028e7372ae16a6670209052dcdaccefde8720ab2aed56420b94e9a18dfcc8f,2026-3095,Cervia,20260518,Clay,O,R32,1,D0JI,Manas Dhamne,R,18.385,386,125,KC12,Mitchell Krueger,R,32.345,335,153,1,3-6 6-4 7-6(8),3,TRAIN
32b0e038412965fe475d324549b9114c6b8d49119ff77a1f1e01b49b3fc4807b,2026-3095,Cervia,20260518,Clay,O,R32,2,C0B2,Cezar Cretu,R,25.065,368,136,G0CV,Buvaysar Gadamauri,R,25.854,278,187,0,6-4 6-4,3,TRAIN
2ca2151777daf702aa01bc6d55c52135be4634c9171b6f8969355e3a8cb47807,2026-3095,Cervia,20260518,Clay,O,R32,3,A0EA,Max Alcala Gurri,R,23.682,354,142,K0CJ,Sandro Kopp,R,25.977,332,154,1,6-1 7-6(6),3,TRAIN
ce082eb50e853557bcde3d7aba09d04fa60a082722d6a1a2131ea11249f5f5cc,2026-3095,Cervia,20260518,Clay,O,R32,4,B0C0,Adrian Boitan,R,26.853,343,149,RH59,Santiago Rodriguez Taverna,R,26.839,359,141,1,6-4 7-5,3,TRAIN
606e41755d485db5c1feba86ef08bc6ea91fe3d44e0c77183bb4019f3b8dbee6,2026-3095,Cervia,20260518,Clay,O,R32,5,G0A0,Andrea Guerrieri,L,27.455,251,215,PL64,Oleg Prihodko,R,28.621,390,123,1,6-7(5) 6-3 6-2,3,TRAIN
94bc48d83246eb9ac6a5db83edbf0eeaf374ec5a4182937693228c1c556d1055,2026-3095,Cervia,20260518,Clay,O,R32,6,J0AW,Guido Ivan Justo,R,28.416,248,217,O639,Giovanni Oradini,L,28.674,607,60,1,6-4 6-4,3,TRAIN
850cc2376e5104a5788b778298336fabc4855591815cad22aa6ed8db82c40f4b,2026-3095,Cervia,20260518,Clay,O,R32,7,D0D4,Stefan Dostanic,R,24.534,264,202,F0A4,Francesco Forti,R,26.812,412,113,1,2-6 7-6(3) 6-4,3,TRAIN
30c649447f23528e4def56a280dc27694f53585366829b5fe6065431cd8a3c7a,2026-3095,Cervia,20260518,Clay,O,R32,8,R0JW,Michele Ribecai,R,23.283,280,186,X01C,Ioannis Xilas,R,25.016,357,141,1,6-4 6-1,3,TRAIN
15a6372e93cdb61f1e938ea2ca145953fb4e0bd17360ac37a0de8ec9607921da,2026-3095,Cervia,20260518,Clay,O,R32,9,A0BA,Federico Arnaboldi,R,25.914,476,92,C0LK,Carlo Alberto Caniato,R,20.545,371,134,0,6-2 6-4,3,TRAIN
dffda21ef04594e6c0cadd7146fb0cfb4c163c32dadbe12f7f6ef56111eb269d,2026-3095,Cervia,20260518,Clay,O,R32,10,C0OW,Lorenzo Carboni,R,20.219,481,91,I0BF,Ivan Ivanov,R,17.547,592,63,1,7-5 6-1,3,TRAIN
95c637a7b73892107c0508aa2669d6f1f81ea07ef59ec225c157bbd7cfc3a465,2026-3095,Cervia,20260518,Clay,O,R32,11,C0BB,Tommaso Compagnucci,R,26.533,391,123,TC01,Li Tu,R,29.974,348,145,1,7-5 6-4,3,TRAIN
26668c2a728922c1b6c19cc9d99cd7c900ed4da9845e3b57660a197fb2376394,2026-3095,Cervia,20260518,Clay,O,R32,12,DG80,Enrico Dalla Valle,R,28.159,492,87,R0HK,Filippo Romano,R,20.862,365,137,1,6-4 6-3,3,TRAIN
31f33c988273915d807109ea38d2fd648cbebef13111399b3aea227b048b28f4,2026-3095,Cervia,20260518,Clay,O,R32,13,I09N,Federico Iannaccone,R,27.146,601,62,M0R4,Juan Cruz Martin Manzano,L,21.421,507,80,0,6-4 2-6 6-4,3,TRAIN
c986b56c56fa3e4ee4764a29b5f64cee345fde5e96d8c6b1e4db2cd668f1ecab,2026-3095,Cervia,20260518,Clay,O,R32,14,B0PE,Federico Bondioli,L,21.005,329,157,N0CJ,Petr Nesterov,R,23.198,440,103,0,6-2 6-4,3,TRAIN
3fb94d8d0181dc1281a6c8ec54f8089023a9b68caac665372db79b92294d817e,2026-3095,Cervia,20260518,Clay,O,R32,15,P0I6,Gabriele Piraino,L,22.513,419,111,R0B6,Lorenzo Rottoli,R,24.241,909,24,1,6-4 6-3,3,TRAIN
6e6bc030f6afdbacf8d5ecb4b6b855c21751f7f35fc0ed1c3224493591ea858b,2026-3095,Cervia,20260518,Clay,O,R32,16,K0O4,Moise Kouame,R,17.199,315,165,V0J1,Jacopo Vasami,L,18.412,467,95,0,6-3 7-6(3),3,TRAIN
290a923b8a0bab53f1b1ca1bbbaa8f01b9329f7b328aa4fef6b5bf03ff9c3188,2026-3095,Cervia,20260518,Clay,O,R16,17,C0BB,Tommaso Compagnucci,R,26.533,391,123,J0AW,Guido Ivan Justo,R,28.416,248,217,1,6-2 6-4,3,TRAIN
ff33265f297d57015404d3d97e06f17eba5536fc903aa1fd5559bcbb79d8619e,2026-3095,Cervia,20260518,Clay,O,R16,18,A0EA,Max Alcala Gurri,R,23.682,354,142,D0D4,Stefan Dostanic,R,24.534,264,202,1,6-2 6-1,3,TRAIN
681a1bd14357f8ac134a651186fd6a6afe9b28e0e64d1cd64c1ac981f6826aa8,2026-3095,Cervia,20260518,Clay,O,R16,19,B0C0,Adrian Boitan,R,26.853,343,149,G0CV,Buvaysar Gadamauri,R,25.854,278,187,0,6-4 6-4,3,TRAIN
4e5cc04014194f42566d7e576af449006c99fbec0908d0e0c5dee1ef424d0bd9,2026-3095,Cervia,20260518,Clay,O,R16,20,M0R4,Juan Cruz Martin Manzano,L,21.421,507,80,R0JW,Michele Ribecai,R,23.283,280,186,1,5-7 6-3 6-4,3,TRAIN
b9deb1b09fcca049ec3984e032575a86e169219795a08fd81e2d8854d1a62941,2026-3095,Cervia,20260518,Clay,O,R16,21,DG80,Enrico Dalla Valle,R,28.159,492,87,V0J1,Jacopo Vasami,L,18.412,467,95,1,6-2 6-7(4) 7-6(8),3,TRAIN
69f4b9f77103da6a864b2d4111a2f5b2295b3620c09a8e41c20e46d1e2f1624b,2026-3095,Cervia,20260518,Clay,O,R16,22,D0JI,Manas Dhamne,R,18.385,386,125,N0CJ,Petr Nesterov,R,23.198,440,103,0,6-0 3-6 6-4,3,TRAIN
5479519c7e17b9bf8a660e97771fb02d63dad564f75a97dd6cd05ff4a68cdd79,2026-3095,Cervia,20260518,Clay,O,R16,23,C0LK,Carlo Alberto Caniato,R,20.545,371,134,C0OW,Lorenzo Carboni,R,20.219,481,91,1,7-6(5) 2-6 6-4,3,TRAIN
c3ac5d12f0fa3170a7dc6d700abc968be852a0f28e70fd3ce19f6e446e3f6f7c,2026-3095,Cervia,20260518,Clay,O,R16,24,G0A0,Andrea Guerrieri,L,27.455,251,215,P0I6,Gabriele Piraino,L,22.513,419,111,1,6-1 6-4,3,TRAIN
5ea9a2107f8d59789b6c61f37a76d88ae7e86b631c278edfd71424bf503820c4,2026-3095,Cervia,20260518,Clay,O,QF,25,C0LK,Carlo Alberto Caniato,R,20.545,371,134,G0A0,Andrea Guerrieri,L,27.455,251,215,0,7-6(3) 7-5,3,TRAIN
b7af0bc4958201b281e3aef3cbd49fa9c78f2cf17bc756191aa4112447abe0dd,2026-3095,Cervia,20260518,Clay,O,QF,26,G0CV,Buvaysar Gadamauri,R,25.854,278,187,N0CJ,Petr Nesterov,R,23.198,440,103,1,6-4 6-4,3,TRAIN
190b5010122dede2a41b96ca3f0558a3e778b1280fc742b2bf0e1a70f4f60885,2026-3095,Cervia,20260518,Clay,O,QF,27,A0EA,Max Alcala Gurri,R,23.682,354,142,M0R4,Juan Cruz Martin Manzano,L,21.421,507,80,1,6-0 5-7 6-2,3,TRAIN
0d6b51c55c02401b05f89d532989c48052960cb4539fa2c28c816aaa828ff711,2026-3095,Cervia,20260518,Clay,O,QF,28,C0BB,Tommaso Compagnucci,R,26.533,391,123,DG80,Enrico Dalla Valle,R,28.159,492,87,1,7-6(5) 6-4,3,TRAIN
a54b2981542c3b67db5c26e5e7b36c33891f5e35b04acc9c955cd1f3b7865283,2026-3095,Cervia,20260518,Clay,O,SF,29,A0EA,Max Alcala Gurri,R,23.682,354,142,G0A0,Andrea Guerrieri,L,27.455,251,215,1,7-5 7-5,3,TRAIN
3f17e87fa239a130bce72802b11f2789bf6e58fadcf0e0056dabd7c75c1e907f,2026-3095,Cervia,20260518,Clay,O,SF,30,C0BB,Tommaso Compagnucci,R,26.533,391,123,G0CV,Buvaysar Gadamauri,R,25.854,278,187,0,3-6 6-4 7-6(12),3,TRAIN
8aac327c9b46ae0fae41de90f0750cab2cf0adaad7b18da75f35ef8f44be372a,2026-3095,Cervia,20260518,Clay,O,F,31,A0EA,Max Alcala Gurri,R,23.682,354,142,G0CV,Buvaysar Gadamauri,R,25.854,278,187,1,2-6 6-1 6-1,3,TRAIN
6966f5a11d6e5a6b0f344b114613c483adfbcc371ae88168068c714cf828bc2c,2026-3105,Istanbul,20260518,Clay,O,R32,1,A0M2,Yannick Theodor Alexandrescou,R,18.352,947,21,M0EA,Pol Martin Tiffon,R,26.801,230,251,0,6-2 6-3,3,TRAIN
57f6b06196454f2678c1a6d498cddc9bfa633b9b308503e053c0c18644ed31b4,2026-3105,Istanbul,20260518,Clay,O,R32,2,S0CG,Carlos Sanchez Jover,L,25.823,395,122,S0GZ,Nikolas Sanchez Izquierdo,R,27.176,238,238,0,6-3 6-4,3,TRAIN
54ad5c6de16ab682366393799afbb06ff1ac40bc766b505044bedc512e3d3f0c,2026-3105,Istanbul,20260518,Clay,O,R32,3,AA27,Franco Agamenone,R,33.09,268,199,D0IO,Tuncay Duran,R,21.958,635,54,1,6-3 6-2,3,TRAIN
84001377e334e8c0164cf7c422e216c795ff014066a2dd4fa293d46ab79ba0dc,2026-3105,Istanbul,20260518,Clay,O,R32,4,J476,David Jorda Sanchis,R,31.926,358,141,M0NP,Andres Martin,R,24.862,275,188,1,2-6 7-5 6-3,3,TRAIN
1b8e74278f3f35e5222e41f92e78eb838d6f9268ed1c54097cebaae972e18ee3,2026-3105,Istanbul,20260518,Clay,O,R32,5,F0BT,Jonas Forejtek,R,25.188,285,184,M0SE,Maxim Mrva,R,18.793,322,160,0,4-6 6-4 6-2,3,TRAIN
1e8fd8dce520be472122ef38ef4c17855785ed9478f9c100842725bd6e5618fa,2026-3105,Istanbul,20260518,Clay,O,R32,6,M0E1,Daniel Michalski,R,26.349,288,181,S0MN,Marat Sharipov,R,23.606,366,138,1,6-3 6-4,3,TRAIN
f3b48d798e185daed0e4f06d35d0e485846cdfc34ca8a1b7f62d5c0a0d0428fa,2026-3105,Istanbul,20260518,Clay,O,R32,7,F0A3,Sergey Fomin,R,25.29,289,181,N0DB,Andrej Nedic,R,21.585,274,188,0,6-4 6-2,3,TRAIN
5aa2e6dbe2b397c99be231da45c4638a5a0054e7bb13703686a70a94d22af242,2026-3105,Istanbul,20260518,Clay,O,R32,8,HG94,Benjamin Hassan,R,31.283,351,143,J09X,Filip Cristian Jianu,R,24.663,267,200,1,6-4 6-2,3,TRAIN
3f2b76c8409e7a4fbd42f2b664b3b2f7720863dc67ce5d62ee640e70fc529728,2026-3105,Istanbul,20260518,Clay,O,R32,9,B0OU,Hynek Barton,R,22.116,303,173,SG56,Daniel Dutra da Silva,L,37.867,383,126,1,3-6 6-2 6-2,3,TRAIN
fe7e78cef5fb8c994b5bf54f356903d31559faee174ed1c9f6e6e59975ce6a88,2026-3105,Istanbul,20260518,Clay,O,R32,10,A09Q,Mert Alkaya,R,25.925,323,159,K0BJ,Georgii Kravchenko,R,25.804,552,71,1,6-3 6-1,3,TRAIN
ca6e8a7b5090642c89744d45f974c7c61d4d02f268a8db12bc2bb617232eca4c,2026-3105,Istanbul,20260518,Clay,O,R32,11,A09P,Alafia Ayeni,R,26.771,458,98,TD49,Mert Naci Turker,,27.754,874,27,1,3-6 6-4 7-6(2),3,TRAIN
852d9ad95f0fa54c10f48c16f368242e7010f1f1c7ecdc863b186ecea21beb04,2026-3105,Istanbul,20260518,Clay,O,R32,12,KC33,Dimitar Kuzmanov,R,32.805,324,159,R0FP,Daniel Rincon,L,23.359,306,170,1,6-2 6-0,3,TRAIN
00f255cf88a6b700199b3120ba86ac85b643df57fe6eda4b5e88161bd0975724,2026-3105,Istanbul,20260518,Clay,O,R32,14,MJ08,Thiago Monteiro,L,31.964,281,185,S0XE,Alejo Sanchez Quilez,R,20.895,483,90,1,6-4 6-1,3,TRAIN
52e94f88af8cf5be2b193e922aed7a90f45c4f80009de4add4bc36e92de98d87,2026-3105,Istanbul,20260518,Clay,O,R32,15,P0GQ,Mili Poljicak,R,21.845,325,158,PJ74,Lucas Poullain,R,30.45,367,137,1,7-6(2) 6-1,3,TRAIN
3ee965a000b2bdff1c44942bc3162fb931cffe775648c2cd8425e4c73b2803c9,2026-3105,Istanbul,20260518,Clay,O,R32,16,S0IV,Paulo Andre Saraiva Dos Santos,R,25.9,501,84,Y171,Denis Yevseyev,R,32.988,435,105,0,3-6 6-3 7-6(5),3,TRAIN
04c26e314d1a2c3298f1fa73afade301cc8fbd347dd2c7fc1db07f8ab6719295,2026-3105,Istanbul,20260518,Clay,O,R16,17,J476,David Jorda Sanchis,R,31.926,358,141,Y171,Denis Yevseyev,R,32.988,435,105,1,7-5 6-2,3,TRAIN
302080ed8bc4910202c6b696d5a67911719d26dfc9adf9c5f6b4ae79b9e6ae32,2026-3105,Istanbul,20260518,Clay,O,R16,18,M0EA,Pol Martin Tiffon,R,26.801,230,251,MJ08,Thiago Monteiro,L,31.964,281,185,0,6-2 3-6 7-6(5),3,TRAIN
957819f51df3597644c282a5860090fc7183a605f151ebf4319b6cddcf195ed0,2026-3105,Istanbul,20260518,Clay,O,R16,19,KC33,Dimitar Kuzmanov,R,32.805,324,159,S0GZ,Nikolas Sanchez Izquierdo,R,27.176,238,238,0,6-0 6-7(4) 6-1,3,TRAIN
3861724b6d69e0bffd3d219dd4010e9d800770e4826e5e5d2da53f227aa5137e,2026-3105,Istanbul,20260518,Clay,O,R16,20,A09Q,Mert Alkaya,R,25.925,323,159,N0DB,Andrej Nedic,R,21.585,274,188,0,6-1 6-4,3,TRAIN
9605b9d3083642a6eb46cd4569d60c3a576b64d28cf70a28dd8731464ed1f2f1,2026-3105,Istanbul,20260518,Clay,O,R16,21,B0OU,Hynek Barton,R,22.116,303,173,M0FA,Anton Matusevich,R,24.966,428,107,1,6-3 7-5,3,TRAIN
edbd77855acbec59a2d8a3e87bd2f93347e7868cccac558a2a5f03802fdad5b7,2026-3105,Istanbul,20260518,Clay,O,R16,22,HG94,Benjamin Hassan,R,31.283,351,143,M0E1,Daniel Michalski,R,26.349,288,181,0,6-3 5-7 7-5,3,TRAIN
840f166abe9db77aa3dbec4ce572102f7bd2a2a2a55e626721553de54d3e165c,2026-3105,Istanbul,20260518,Clay,O,R16,23,M0SE,Maxim Mrva,R,18.793,322,160,P0GQ,Mili Poljicak,R,21.845,325,158,0,6-3 2-6 6-3,3,TRAIN
0deca61bce0be874dfeca6884274839e831a45ddfb2d4746bad2e67035198859,2026-3105,Istanbul,20260518,Clay,O,R16,24,A09P,Alafia Ayeni,R,26.771,458,98,AA27,Franco Agamenone,R,33.09,268,199,0,6-3 7-5,3,TRAIN
285045ce1c8b4d1469fa592f70711ff400fc58863f782a6090a3ca64967cd1c2,2026-3105,Istanbul,20260518,Clay,O,QF,25,J476,David Jorda Sanchis,R,31.926,358,141,S0GZ,Nikolas Sanchez Izquierdo,R,27.176,238,238,1,6-2 6-4,3,TRAIN
3e96a1544c496698e8cef41ec0b3720f0014059a504748d2e1165a996ddc4be5,2026-3105,Istanbul,20260518,Clay,O,QF,26,N0DB,Andrej Nedic,R,21.585,274,188,P0GQ,Mili Poljicak,R,21.845,325,158,1,6-1 6-2,3,TRAIN
9bb65030d6d8a38b67c3b94249f3971f0572f5128911e342bc0e7f83f5cb057b,2026-3105,Istanbul,20260518,Clay,O,QF,27,AA27,Franco Agamenone,R,33.09,268,199,MJ08,Thiago Monteiro,L,31.964,281,185,1,6-2 6-3,3,TRAIN
389b102996569d550cfb941cc3ce74b06d57248d7f5df238c4ba6818e6427991,2026-3105,Istanbul,20260518,Clay,O,QF,28,B0OU,Hynek Barton,R,22.116,303,173,M0E1,Daniel Michalski,R,26.349,288,181,1,6-3 6-4,3,TRAIN
0f32e1c08ac37aad99de7a984aaa801f3b4b535b452c8aa8a8b499a42f70afdd,2026-3105,Istanbul,20260518,Clay,O,SF,29,AA27,Franco Agamenone,R,33.09,268,199,N0DB,Andrej Nedic,R,21.585,274,188,0,6-4 6-2,3,TRAIN
4e320ab5961aa4205a70dd611bc8798b1304e128ab4f9d0903d49f88a11fd562,2026-3105,Istanbul,20260518,Clay,O,SF,30,B0OU,Hynek Barton,R,22.116,303,173,J476,David Jorda Sanchis,R,31.926,358,141,0,6-3 6-7(4) 6-1,3,TRAIN
e9c0f4772e2ab27f98d3241263d6f29dee852ebb38c9d332fc2ec16d52b09416,2026-3105,Istanbul,20260518,Clay,O,F,31,J476,David Jorda Sanchis,R,31.926,358,141,N0DB,Andrej Nedic,R,21.585,274,188,1,6-4 6-4,3,TRAIN
8caace61dafa03106221bc34e6a7dc48dde3bde7f75b434f9bcd03c7fae4470b,2026-2993,Moldova,20260525,Clay,O,R32,1,GF95,Hugo Grenier,R,30.171,221,259,N0BG,Luca Nardi,R,22.801,163,366,0,6-4 6-3,3,TRAIN
c09d0c8eb67c7a41d8e22bf8a9954a2c156365454d242b0ca4ecf6894ce6b10a,2026-2993,Moldova,20260525,Clay,O,R32,2,P0EA,Saba Purtseladze,R,24.761,665,52,Y218,Elias Ymer,R,30.122,191,308,0,7-6(4) 6-2,3,TRAIN
4583446b32cee60ca6fce0e2978e542532853837f2e3c83e992728724987d805,2026-2993,Moldova,20260525,Clay,O,R32,3,GJ16,Federico Agustin Gomez,R,29.492,179,328,S0KT,Stefanos Sakellaridis,R,21.695,197,294,0,6-3 7-5,3,TRAIN
9b867614049dbe1e02051319470376ac1dd82cce66a2e41f6aac7ada9e9cc6e2,2026-2993,Moldova,20260525,Clay,O,R32,4,GA79,Lorenzo Giustino,R,34.705,209,273,T0FI,Marko Topo,R,22.697,295,180,1,6-4 5-7 6-2,3,TRAIN
58a2f6a566088a0fc21fbc706c9aa3f91c98bad9f2d7e080db5721a80f3b4a96,2026-2993,Moldova,20260525,Clay,O,R32,5,KH56,Zdenek Kolar,R,29.624,162,372,S0R5,Ilya Snitari,R,24.181,966,20,1,6-4 6-3,3,TRAIN
4834156fa55e2a291f6bc25c551cfdabfba26c5d67b7a2cd923a4add16e59369,2026-2993,Moldova,20260525,Clay,O,R32,6,G0BY,Daniil Glinka,L,26.034,175,340,L0C6,Stefan Latinovic,R,26.505,1385,5,1,6-3 6-3,3,TRAIN
02e90620363eeb82efdda854266f5dbb4bb651ffceb73a6a9435ce979233f078,2026-2993,Moldova,20260525,Clay,O,R32,7,DB63,Laslo Djere,R,30.979,213,266,S0GR,Timofey Skatov,R,25.339,189,314,0,6-4 6-3,3,TRAIN
855243cf53c7057ec68d03c69618a3d33ae10d10f40e0257b25f60e9433518a6,2026-2993,Moldova,20260525,Clay,O,R32,8,AA27,Franco Agamenone,R,33.109,258,211,J09X,Filip Cristian Jianu,R,24.682,252,219,1,2-6 6-2 6-3,3,TRAIN
16c80de74745d7e6e0686159bb4cdc58e4d806e8e045fc59e1f5fd50526ae379,2026-2993,Moldova,20260525,Clay,O,R32,10,GE33,Daniel Elahi Galan,R,29.933,259,210,M0GB,Alex Martinez,R,25.183,323,161,0,3-6 6-3 7-6(1),3,TRAIN
f338d7b96588c1008145b1f8357d6e278495d0b4781ca091b0185ee04186a160,2026-2993,Moldova,20260525,Clay,O,R32,11,F0A3,Sergey Fomin,R,25.309,294,181,N897,Sumit Nagal,R,28.772,282,190,0,6-4 6-2,3,TRAIN
2df80c69ccb7b426dbf7822815633e5bdff71bdd690359591142a83d2c460ac3,2026-2993,Moldova,20260525,Clay,O,R32,12,N0DB,Andrej Nedic,R,21.604,245,230,O660,Genaro Alberto Olivieri,R,27.806,226,253,0,6-4 4-6 7-5,3,TRAIN
ddfe5fdd8590043fb518df4725708a0147604e3fd3718ec0ed8a55fb42d49561,2026-2993,Moldova,20260525,Clay,O,R32,13,CG33,Kimmer Coppejans,R,32.293,206,273,M0IF,Francesco Maestrelli,R,23.425,128,490,1,6-7(4) 6-2 6-4,3,TRAIN
d7e7afbe7e4edab758fed137e3905401aabf760dbf031c34dcc3bedc483a0ec0,2026-2993,Moldova,20260525,Clay,O,R32,14,K09F,Pavel Kotov,R,27.515,255,215,O0A2,Gauthier Onclin,R,25.24,182,325,1,6-1 3-6 6-4,3,TRAIN
34bdf315b767b64b3167ff2868fe44c148cc3b13e1fd81cd80115800a4bb9ef2,2026-2993,Moldova,20260525,Clay,O,R32,15,BI23,Liam Broady,L,32.386,219,260,SG56,Daniel Dutra da Silva,L,37.886,416,115,1,6-3 6-0,3,TRAIN
f371195dad3a3384d3ba0b0082fe3116b6c1898a32f4bdabbab045875ca35d82,2026-2993,Moldova,20260525,Clay,O,R32,16,C0B2,Cezar Cretu,R,25.084,370,136,WB08,Yosuke Watanuki,R,28.118,271,198,1,6-1 6-4,3,TRAIN
5f2cf22d0efa05acedb35ea765e523c5a357e1d5ed5db73cabff3ec7132ebc4f,2026-2993,Moldova,20260525,Clay,O,R16,17,GA79,Lorenzo Giustino,R,34.705,209,273,N0BG,Luca Nardi,R,22.801,163,366,0,6-7(2) 6-4 6-4,3,TRAIN
0a4a9f4ddf2195ce6bbe79294a549a9e966552a7f0174f7f51fbfcd0f4624bf9,2026-2993,Moldova,20260525,Clay,O,R16,18,O660,Genaro Alberto Olivieri,R,27.806,226,253,Y218,Elias Ymer,R,30.122,191,308,1,6-2 7-6(5),3,TRAIN
0076b552aae271d548526f02c5bfb6952fa38c93ae6d71f5de8bad6534bab280,2026-2993,Moldova,20260525,Clay,O,R16,19,KH56,Zdenek Kolar,R,29.624,162,372,N897,Sumit Nagal,R,28.772,282,190,0,6-4 7-6(4),3,TRAIN
a06f7f4ce80a0b1fd1560fc15a6b290d1dc74d5444cb3236e4a686ec6268e336,2026-2993,Moldova,20260525,Clay,O,R16,21,BI23,Liam Broady,L,32.386,219,260,G0BY,Daniil Glinka,L,26.034,175,340,1,6-2 4-6 6-3,3,TRAIN
a435e7ffcda5544a845a3288e924f649e8e237f01a319737275aa6d243e32e37,2026-2993,Moldova,20260525,Clay,O,R16,22,A829,Radu Albot,R,36.534,479,95,S0GR,Timofey Skatov,R,25.339,189,314,1,1-6 6-1 6-4,3,TRAIN
f63ff3a8e506c41867b7b2c1942c2416ac1a2e8c8f8d8cf12c0f80ccd3dbe5e4,2026-2993,Moldova,20260525,Clay,O,R16,23,AA27,Franco Agamenone,R,33.109,258,211,CG33,Kimmer Coppejans,R,32.293,206,273,1,6-2 6-3,3,TRAIN
d5f5b34c6076a7ea8f4978b79b5f689480a697c06cac3887bc86d874d9726f8a,2026-2993,Moldova,20260525,Clay,O,R16,24,C0B2,Cezar Cretu,R,25.084,370,136,K09F,Pavel Kotov,R,27.515,255,215,1,1-6 6-1 6-2,3,TRAIN
80b32ea202491c1b7bb122186e49ba8ca345a32c493eadaf58476a2a17cf7f4b,2026-2993,Moldova,20260525,Clay,O,QF,25,A829,Radu Albot,R,36.534,479,95,AA27,Franco Agamenone,R,33.109,258,211,1,7-5 7-6(2),3,TRAIN
a4374de23f0052157b8a615ff3891ec523997d70805deaa8fbdcbc389c1ff675,2026-2993,Moldova,20260525,Clay,O,QF,26,BI23,Liam Broady,L,32.386,219,260,C0B2,Cezar Cretu,R,25.084,370,136,0,6-3 6-0,3,TRAIN
c38094e629e2c3d2e8ee3189bd2a6005a63a1dbed8c7913c9f0b2fb0e8792dd1,2026-2993,Moldova,20260525,Clay,O,QF,27,N897,Sumit Nagal,R,28.772,282,190,S0KT,Stefanos Sakellaridis,R,21.695,197,294,0,6-1 6-4,3,TRAIN
692c689ec7b0b1c5d01d301f314fc06ce7f17810bd74c39e53bc7de379943d72,2026-2993,Moldova,20260525,Clay,O,QF,28,N0BG,Luca Nardi,R,22.801,163,366,O660,Genaro Alberto Olivieri,R,27.806,226,253,0,6-0 3-6 7-6(4),3,TRAIN
50f02ad083ac9f193d6fa49c48e1a3b8279fc9718b8a2f697d1c419b50b7117d,2026-2993,Moldova,20260525,Clay,O,SF,29,A829,Radu Albot,R,36.534,479,95,C0B2,Cezar Cretu,R,25.084,370,136,0,6-2 4-6 6-2,3,TRAIN
a8de69c0ea77aa21254d7ad29746330b5e981d6fc3a80fddce896577d3b5b204,2026-2993,Moldova,20260525,Clay,O,SF,30,O660,Genaro Alberto Olivieri,R,27.806,226,253,S0KT,Stefanos Sakellaridis,R,21.695,197,294,0,6-3 6-4,3,TRAIN
02378d4829958c686a7377a24d6d9a4ca416a9859b0eb5f7cc1ebdcb69c95367,2026-2993,Moldova,20260525,Clay,O,F,31,C0B2,Cezar Cretu,R,25.084,370,136,S0KT,Stefanos Sakellaridis,R,21.695,197,294,0,6-7(1) 6-3 6-3,3,TRAIN
71c8b5a6d0056093fa8c91eb03649fc074f6914d9e50aa49f451ffcb7b5262fd,2026-3097,Kosice,20260525,Clay,O,R32,1,J0AW,Guido Ivan Justo,R,28.435,253,217,M0GY,Lilian Marmousez,R,24.389,298,179,0,4-6 7-5 7-6(3),3,TRAIN
0257c75ded8df1d0468c703fe5baf42a0b2067c93ffca13617f15435fa4b84c5,2026-3097,Kosice,20260525,Clay,O,R32,2,K0FY,Martin Krumich,R,23.411,296,180,S0LA,Dominic Stricker,L,23.773,331,154,1,7-6(3) 6-4,3,TRAIN
026c07e2df18a87535760ec05754c6737d2ed6722249236ce7eb652b595c1a7a,2026-3097,Kosice,20260525,Clay,O,R32,3,DA81,Taro Daniel,R,33.322,328,157,PL64,Oleg Prihodko,R,28.641,399,123,1,7-5 6-2,3,TRAIN
e9b0f324f3ec4dc77b3944330622e8ea779fcb3ea5af729201640220db1a3ec4,2026-3097,Kosice,20260525,Clay,O,R32,4,P0GN,Tom Paris,R,23.726,372,135,P0HP,Lukas Pokorny,R,24.235,605,61,0,0-6 6-1 6-3,3,TRAIN
ee712c77886becfa1b289c9ff981be468ed769553d70e1fd7af47ada419335d4,2026-3097,Kosice,20260525,Clay,O,R32,5,B0P4,Tomasz Berkieta,R,19.844,504,85,K0CJ,Sandro Kopp,R,25.996,332,154,0,7-5 7-6(3),3,TRAIN
aa7568f99859f92d725172cf66a906259cc0654cf3731eb2f42eb83b9ea16d79,2026-3097,Kosice,20260525,Clay,O,R32,6,B0QC,Gilles Arnaud Bailly,R,20.679,204,277,F0F4,Kilian Feldbausch,R,20.712,366,137,0,6-2 6-2,3,TRAIN
e26af6b4a494db8258934263a1d5fb9071ffd8301187d79c1ffabd7dbe4ff148,2026-3097,Kosice,20260525,Clay,O,R32,7,D0D4,Stefan Dostanic,R,24.553,261,206,SL94,Pedro Sakamoto,R,32.903,503,86,1,6-3 6-2,3,TRAIN
6b60bc79d2ad9e580539dd13628755c124c3f51e858f1bcfbd0a1611e1da0a00,2026-3097,Kosice,20260525,Clay,O,R32,8,B0JP,Dali Blanch,R,23.222,301,179,C0LK,Carlo Alberto Caniato,R,20.564,359,141,1,6-2 7-6(5),3,TRAIN
5c40567053efd648c2ba2ab253cf5ef0912682ead6f27d32ae0947801a270ca2,2026-3097,Kosice,20260525,Clay,O,R32,9,B0PE,Federico Bondioli,L,21.024,327,158,B0QQ,Karim Bennani,,18.724,523,79,1,6-1 6-4,3,TRAIN
28b087837723447e12ba2e713fbff8a37115144ca0a3f3226a7bba1941327f80,2026-3097,Kosice,20260525,Clay,O,R32,10,E0AC,Mathys Erhard,R,24.578,400,123,I0BF,Ivan Ivanov,R,17.566,669,51,1,6-7(5) 6-3 6-3,3,TRAIN
165bffedb7018cdd9b2af3ebdd119f5e43e7a81907b99d7fea06edb2d9cabd0d,2026-3097,Kosice,20260525,Clay,O,R32,11,F0DP,Peter Fajta,R,24.005,567,69,S0IV,Paulo Andre Saraiva Dos Santos,R,25.919,500,87,1,6-3 7-5,3,TRAIN
ade913768043f1e3cf42d9427f116695ba86b1e6ef90db82706af29ac0622fed,2026-3097,Kosice,20260525,Clay,O,R32,12,KC04,Jozef Kovalik,R,33.552,801,35,MF35,Andrej Martin,R,36.676,444,103,0,7-5 6-2,3,TRAIN
27912b32e9b433b4bdf44b3a9f57c7f064d4d36369883b02287e98faa5e969c3,2026-3097,Kosice,20260525,Clay,O,R32,13,CI14,Jay Clarke,R,27.828,251,221,K0HG,Milos Karol,R,23.447,433,108,0,4-6 6-4 6-2,3,TRAIN
bfd11d3c0025df6029ad65192dead99fac2ff99d96f6858e2811a8b48dcdc999,2026-3097,Kosice,20260525,Clay,O,R32,14,K0HC,Maks Kasnikowski,R,22.886,315,167,R0BT,Franco Roncadelli,L,26.297,225,254,0,6-7(5) 6-2 6-3,3,TRAIN
96eb6e9141282026efbc19156781596768099e29eebbfd366633cb7358b261e5,2026-3097,Kosice,20260525,Clay,O,R32,15,B0OU,Hynek Barton,R,22.136,275,195,S0NV,Abdullah Shelbayh,L,22.522,311,172,1,6-4 6-1,3,TRAIN
66f8c2a5cc1bb16feb12998062412c526787effc2fab2ae36844f5d2d9f90d01,2026-3097,Kosice,20260525,Clay,O,R32,16,GB93,Norbert Gombos,R,35.781,371,135,K0L1,Michal Krajci,R,21.358,684,49,1,6-2 6-4,3,TRAIN
ff94847e27dd9d5b0577ff60c6fd30c5ccd8adef8d21cc7525944f0b6fa4e9f9,2026-3097,Kosice,20260525,Clay,O,R16,18,K0HG,Milos Karol,R,23.447,433,108,MF35,Andrej Martin,R,36.676,444,103,0,3-6 6-2 7-6(3),3,TRAIN
2f7fba142158c2270284bb52a5468f95070f08c0051dd22c5cb05e32d104d22f,2026-3097,Kosice,20260525,Clay,O,R16,19,K0FY,Martin Krumich,R,23.411,296,180,P0HP,Lukas Pokorny,R,24.235,605,61,1,5-7 6-2 6-4,3,TRAIN
39bc62ce5093ee4935f3cbb6613161a94b583e56aa746ba00e34909592d30a6c,2026-3097,Kosice,20260525,Clay,O,R16,20,DA81,Taro Daniel,R,33.322,328,157,M0GY,Lilian Marmousez,R,24.389,298,179,1,6-3 6-1,3,TRAIN
2d02f8eacfd963aadee4af1944bafbf72e5d417a2daad577275ec9f443958486,2026-3097,Kosice,20260525,Clay,O,R16,21,F0DP,Peter Fajta,R,24.005,567,69,R0BT,Franco Roncadelli,L,26.297,225,254,1,7-5 6-2,3,TRAIN
9d2a1b813f30c12588948e50a29a858aa7f93f0e70dec14fd2fb977fa70fabee,2026-3097,Kosice,20260525,Clay,O,R16,22,B0JP,Dali Blanch,R,23.222,301,179,K0CJ,Sandro Kopp,R,25.996,332,154,1,6-3 6-2,3,TRAIN
636c4a0d9c6a5f2b6ff508c34f35117aa32099da8a7a9ce30617fec08a956133,2026-3097,Kosice,20260525,Clay,O,R16,23,B0OU,Hynek Barton,R,22.136,275,195,GB93,Norbert Gombos,R,35.781,371,135,1,6-3 6-2,3,TRAIN
8bec7abe00b620678fffb5c695e764d4a63d0f0382d5b4ffd649fbfc8f568fc9,2026-3097,Kosice,20260525,Clay,O,R16,24,B0PE,Federico Bondioli,L,21.024,327,158,F0F4,Kilian Feldbausch,R,20.712,366,137,0,6-7(3) 6-2 6-1,3,TRAIN
bc97e533d3d9939eb3ddeb141422609b72467efd8fb5edd476c79d219207e0bd,2026-3097,Kosice,20260525,Clay,O,QF,25,B0JP,Dali Blanch,R,23.222,301,179,F0DP,Peter Fajta,R,24.005,567,69,1,6-2 6-3,3,TRAIN
4be65f1bfd11cbd3825efea9b105281c6c89ae6f443eb7a957f6759234d443e7,2026-3097,Kosice,20260525,Clay,O,QF,26,B0OU,Hynek Barton,R,22.136,275,195,F0F4,Kilian Feldbausch,R,20.712,366,137,0,3-6 6-4 6-2,3,TRAIN
83b43a1136019a2237a7877209dbc4066431f3223d7e560caaba2f4f3ee6d278,2026-3097,Kosice,20260525,Clay,O,QF,27,K0FY,Martin Krumich,R,23.411,296,180,MF35,Andrej Martin,R,36.676,444,103,1,6-3 6-4,3,TRAIN
7a132685e98ddd5b903828fd3218873122626cd26abd132a84e08c5a53d8ae62,2026-3097,Kosice,20260525,Clay,O,QF,28,DA81,Taro Daniel,R,33.322,328,157,E0AC,Mathys Erhard,R,24.578,400,123,0,7-6(5) 7-5,3,TRAIN
a608dde320353587d2ef2ac19d0cfbbe46c76371dc369794f0bf1f6835fbe821,2026-3097,Kosice,20260525,Clay,O,SF,29,B0JP,Dali Blanch,R,23.222,301,179,F0F4,Kilian Feldbausch,R,20.712,366,137,0,7-6(1) 6-4,3,TRAIN
df0094cfcc62c011347f1e261a5b40511d525c316d39a5a36a0a7e3eb9839fe8,2026-3097,Kosice,20260525,Clay,O,SF,30,E0AC,Mathys Erhard,R,24.578,400,123,K0FY,Martin Krumich,R,23.411,296,180,0,6-3 2-6 6-4,3,TRAIN
6cf994492ce3eb86058150ec7edacc3331e1cd6acee2532ceb69a4ea44f43eb7,2026-3097,Kosice,20260525,Clay,O,F,31,F0F4,Kilian Feldbausch,R,20.712,366,137,K0FY,Martin Krumich,R,23.411,296,180,1,6-0 4-6 6-4,3,TRAIN
45ae5e283746676fbbff25d6afe7c0ac8b61b94f3a39b2592dfda6bcd59779df,2026-7015,Vicenza,20260525,Clay,O,R32,1,B0EJ,Tristan Boyer,R,25.092,199,287,D0CN,Miguel Damas,R,26.426,267,203,1,6-7(7) 6-3 6-4,3,TRAIN
440e65fc4af98a38bf37dcbb49916b8ef4eb83dec29363ca8656791525e10438,2026-7015,Vicenza,20260525,Clay,O,R32,2,D0JI,Manas Dhamne,R,18.404,394,124,SN54,Frederico Ferreira Silva,L,31.187,237,245,1,4-6 7-5 6-3,3,TRAIN
001738728477e50abd74168a7193c60087be31a2872e7a0174efecc27802fe39,2026-7015,Vicenza,20260525,Clay,O,R32,3,N0CS,Lukas Neumayer,R,23.715,187,319,TC01,Li Tu,R,29.993,350,145,1,7-6(6) 6-4,3,TRAIN
8b259192382387fa61d70ca48818e475aeeca6287e9dbde4b2d9ffa4d9ffb18a,2026-7015,Vicenza,20260525,Clay,O,R32,4,BV24,Raul Brancaccio,R,29.057,239,242,D0LJ,Diego Dedura,L,18.201,287,187,0,6-0 5-7 6-2,3,TRAIN
52f8885e4fbd023b25c0a185a068a68ca2dfadbc2b2d887b7043e5c8347bdbae,2026-7015,Vicenza,20260525,Clay,O,R32,5,M0HT,Alejandro Moro Canas,R,25.462,242,234,TA12,Stefano Travaglia,R,34.407,138,443,0,6-3 6-3,3,TRAIN
b715394e71ee619dd975ddf3526ab9bd70b8d9c025bda50352b2347421157b30,2026-7015,Vicenza,20260525,Clay,O,R32,6,BU70,Remy Bertola,R,27.732,208,273,EA13,Moez Echargui,R,33.369,139,441,1,6-2 3-6 6-3,3,TRAIN
4a4d369b3a4387954fc1f0a152283a050f23e98aa0ee59168f33f64c521101d5,2026-7015,Vicenza,20260525,Clay,O,R32,7,B0GR,Gonzalo Bueno,R,22.141,183,325,C0BB,Tommaso Compagnucci,R,26.552,364,138,0,7-6(2) 6-3,3,TRAIN
c5a2883f8472e44570de4608811602dd0d057c66f560c65884f012dfdd672c89,2026-7015,Vicenza,20260525,Clay,O,R32,8,K0EP,Jerome Kym,R,23.28,192,307,P0HY,Samuele Pieri,R,24.235,472,98,0,6-1 7-6(3),3,TRAIN
81902babe1f8ff41526b2fc66e93e4a18c1e3b3afc61f1f892e67640a6a9a9b4,2026-7015,Vicenza,20260525,Clay,O,R32,9,C0HV,Luca Castagnola,R,23.945,795,36,S0AK,Henri Squire,R,25.656,249,223,0,6-3 6-2,3,TRAIN
de08c23a29ff7b49ca14f6630706e943585924f1545904b1a1af40ca4e02fbcf,2026-7015,Vicenza,20260525,Clay,O,R32,10,DG80,Enrico Dalla Valle,R,28.178,456,101,S0WT,Joel Schwaerzler,L,20.323,170,351,0,6-3 3-6 6-3,3,TRAIN
2c7557ebd6592050be2c710fba0c185d9f7444939dcd87cc054f556e87ee4e4d,2026-7015,Vicenza,20260525,Clay,O,R32,11,CF01,Marco Cecchinato,R,33.648,178,329,H09F,Yu Hsiou Hsu,R,27.146,207,273,0,6-4 7-6(3),3,TRAIN
b332d259c1da383aa41279337882f3a2ff0791e79dbcff78a7569aea044c617e,2026-7015,Vicenza,20260525,Clay,O,R32,12,B0FI,Pedro Boscardin Dias,R,23.321,233,249,T0AP,Chun-Hsin Tseng,R,24.794,181,326,0,6-1 6-4,3,TRAIN
f602b1af3e570349d51bb04180c3e71a49ed3ed5e099365ce10e39ad8f55e643,2026-7015,Vicenza,20260525,Clay,O,R32,13,B0LW,Mika Brunold,R,21.643,387,125,G0I3,Massimo Giunta,R,21.875,506,85,1,7-6(10) 7-6(4),3,TRAIN
bf5c90f69e92f0a6c8670f9b4f6eb5739cda8fc181cc6bbc0da6f8fbd1f508c7,2026-7015,Vicenza,20260525,Clay,O,R32,14,F0BP,Pietro Fellin,R,24.81,502,86,M0EA,Pol Martin Tiffon,R,26.82,222,257,0,6-4 6-4,3,TRAIN
d670c5bc1056a3ebb72a930ddc2f5e0f24d9c49ff7ffe6e959a555166862f113,2026-7015,Vicenza,20260525,Clay,O,R32,15,M0OH,Lautaro Midon,R,22.155,212,268,R0A7,Joao Lucas Reis Da Silva,R,26.163,198,291,1,7-6(4) 6-1,3,TRAIN
d7a49b8be3f892f6bdc90b791b0d323b768de037ec1470a079f25c2ac3184e35,2026-7015,Vicenza,20260525,Clay,O,R32,16,T0FK,Giorgio Tabacco,R,22.801,815,34,V0J1,Jacopo Vasami,L,18.431,465,99,0,6-1 7-6(4),3,TRAIN
985ef197bf55885622620f9c33493ea3043d7fde731a2935b222c53806e9d513,2026-7015,Vicenza,20260525,Clay,O,R16,17,S0AK,Henri Squire,R,25.656,249,223,TA12,Stefano Travaglia,R,34.407,138,443,0,6-4 6-2,3,TRAIN
09e2a8f16bde3c478cf5262d03146eed05123d13050f4f62526886394256ea82,2026-7015,Vicenza,20260525,Clay,O,R16,18,BU70,Remy Bertola,R,27.732,208,273,D0JI,Manas Dhamne,R,18.404,394,124,1,6-3 6-4,3,TRAIN
1d179bca9e94df8e9526a02a8b134d5c09e7f36a5e321ed915568dd7a408437e,2026-7015,Vicenza,20260525,Clay,O,R16,19,D0LJ,Diego Dedura,L,18.201,287,187,P0HY,Samuele Pieri,R,24.235,472,98,1,6-2 6-3,3,TRAIN
93da0615ac64820b8e0ad182f3d297d4eec53f38978553885aa3f7b32dad5f59,2026-7015,Vicenza,20260525,Clay,O,R16,20,B0EJ,Tristan Boyer,R,25.092,199,287,N0CS,Lukas Neumayer,R,23.715,187,319,0,6-2 6-3,3,TRAIN
4b8e285d2ad86ca34e28a30849e7b6b7aac9c511b1b993825293669a2c066c99,2026-7015,Vicenza,20260525,Clay,O,R16,21,M0EA,Pol Martin Tiffon,R,26.82,222,257,S0WT,Joel Schwaerzler,L,20.323,170,351,1,6-1 2-6 7-6(2),3,TRAIN
6e0a120032babfccadf1873ef41e53afd670ee4b9f03abf0320c2a697473c57b,2026-7015,Vicenza,20260525,Clay,O,R16,22,M0OH,Lautaro Midon,R,22.155,212,268,T0AP,Chun-Hsin Tseng,R,24.794,181,326,0,7-5 6-3,3,TRAIN
32b567199b547129430183e73e6dec8b3ccdf84966e729cbc939560631f0e059,2026-7015,Vicenza,20260525,Clay,O,R16,23,B0LW,Mika Brunold,R,21.643,387,125,H09F,Yu Hsiou Hsu,R,27.146,207,273,0,6-2 3-6 6-2,3,TRAIN
d3c70995666ad14b2c41204ed6c8b2cddddb99192d1e61ec44512255ddbfd239,2026-7015,Vicenza,20260525,Clay,O,R16,24,C0BB,Tommaso Compagnucci,R,26.552,364,138,V0J1,Jacopo Vasami,L,18.431,465,99,0,2-6 6-4 6-2,3,TRAIN
6727c7b5ec49b6099a4d6270391ea4a14ac6f84f44dee4bb66ce5cd5a97ee575,2026-7015,Vicenza,20260525,Clay,O,QF,25,BU70,Remy Bertola,R,27.732,208,273,N0CS,Lukas Neumayer,R,23.715,187,319,0,6-4 7-6(3),3,TRAIN
653ba82dd12efd63339ba03017525729d69d9c7b4fbe8e6172bed8066ae1aa5c,2026-7015,Vicenza,20260525,Clay,O,QF,26,D0LJ,Diego Dedura,L,18.201,287,187,TA12,Stefano Travaglia,R,34.407,138,443,0,6-2 6-3,3,TRAIN
b0f43739d2bcdf0da2b6543a83b41bb2a4d1ab278160665e4759363bd4b368e7,2026-7015,Vicenza,20260525,Clay,O,QF,27,M0EA,Pol Martin Tiffon,R,26.82,222,257,T0AP,Chun-Hsin Tseng,R,24.794,181,326,0,2-6 6-2 7-6(5),3,TRAIN
61b11da3a4e46db47c5e284aab2f489dbb723e60d1ca0944295d2269486aa857,2026-7015,Vicenza,20260525,Clay,O,QF,28,H09F,Yu Hsiou Hsu,R,27.146,207,273,V0J1,Jacopo Vasami,L,18.431,465,99,0,6-2 6-3,3,TRAIN
82a745f6232eee8dab9f90b0d4cd4e025a28d63882b622062f1ab0d1bebd542c,2026-7015,Vicenza,20260525,Clay,O,SF,29,N0CS,Lukas Neumayer,R,23.715,187,319,T0AP,Chun-Hsin Tseng,R,24.794,181,326,1,5-7 6-2 7-6(4),3,TRAIN
5627800fbee1582c3d0960d4ad6e53213dce31d6f3a669f3ba5c49512b3f8783,2026-7015,Vicenza,20260525,Clay,O,SF,30,TA12,Stefano Travaglia,R,34.407,138,443,V0J1,Jacopo Vasami,L,18.431,465,99,0,7-5 7-6(5),3,TRAIN
2fc0bb5ae36b71343ac2ba13915b928162e265569392cf4e661463824606e72a,2026-7015,Vicenza,20260525,Clay,O,F,31,N0CS,Lukas Neumayer,R,23.715,187,319,V0J1,Jacopo Vasami,L,18.431,465,99,1,6-2 6-2,3,TRAIN
6c146cbdc85477587e9173932989a95f3089cd574cff4c359e26785d72636357,2026-460,Heilbronn,20260601,Clay,O,R32,1,MO44,Pedro Martinez,R,29.098,140,431,SN54,Frederico Ferreira Silva,L,31.206,237,245,1,6-2 7-5,3,TRAIN
362dc63d9a2bd4aebd4b92be870c67c7a603593b24ca8465d63bc49a032023fd,2026-460,Heilbronn,20260601,Clay,O,R32,2,D0L3,Matej Dodig,R,20.868,201,283,S0WT,Joel Schwaerzler,L,20.342,170,351,1,6-4 2-6 6-4,3,TRAIN
658e1fa11b0750d538cb0b898e71730509e03da6ce6502dcaa1a4b3c80f83cf2,2026-460,Heilbronn,20260601,Clay,O,R32,3,D0H9,Guy Den Ouden,R,24.148,211,268,K09F,Pavel Kotov,R,27.535,255,215,1,6-2 6-1,3,TRAIN
51d0296e09b9c86e1ffaa83b154c0224c02cb17eacc69bffd3bc199c05e59df2,2026-460,Heilbronn,20260601,Clay,O,R32,4,H0CX,Max Houkes,L,25.911,236,245,N0AM,Emilio Nava,R,24.496,94,631,0,6-4 7-6(3),3,TRAIN
9010bcabc9c1f84f1defc64a522122fd56942e00bfd4021f3924d44207db0bac,2026-460,Heilbronn,20260601,Clay,O,R32,5,GA79,Lorenzo Giustino,R,34.724,209,273,T0FI,Marko Topo,R,22.716,295,180,0,2-6 6-2 6-4,3,TRAIN
480e0e2057a5f80e86c441ee04ae6de5ceef682bb19034acc981c14b2fbd6e1e,2026-460,Heilbronn,20260601,Clay,O,R32,6,S0NV,Abdullah Shelbayh,L,22.541,311,172,TA29,Marco Trungelliti,R,36.331,81,731,0,6-3 6-4,3,TRAIN
134fea259619ff1b83b2d42ab7db679fa465c0cf69ed1e74c4286bce5ba7c0e4,2026-460,Heilbronn,20260601,Clay,O,R32,7,CH12,Jan Choinski,R,29.974,101,599,G0IB,Tom Gentzsch,R,22.738,228,253,1,6-4 6-4,3,TRAIN
8ff95ec5be45dba1986df91d307ec90dc3f1d76b0751a2d22f80f3a3016f229e,2026-460,Heilbronn,20260601,Clay,O,R32,8,DA31,Hugo Dellien,R,32.958,144,421,S0VU,Max Schoenhaus,R,18.834,385,126,0,6-3 7-5,3,TRAIN
c538c10b7241777c45a18967f97972a28c1f203038cded8d2cfce19d1d089429,2026-460,Heilbronn,20260601,Clay,O,R32,9,B0GY,Alex Barrena,R,23.641,190,309,R0A7,Joao Lucas Reis Da Silva,R,26.182,198,291,0,6-3 3-6 6-3,3,TRAIN
ae0272765f19962bb10969a98bd2ca676dc88eb3efaeece5188fad64948d2ca7,2026-460,Heilbronn,20260601,Clay,O,R32,10,M0EY,Alex Marti Pujolras,R,27.305,473,97,M0N1,Luka Mikrut,R,22.125,195,301,0,7-6(5) 7-5,3,TRAIN
fe044887a1fa7433f11a2c93c9414df7f5298e28908fa543ac1afbe61de29931,2026-460,Heilbronn,20260601,Clay,O,R32,11,M0HT,Alejandro Moro Canas,R,25.481,242,234,P0O9,Mika Petkovic,R,19.422,547,74,1,6-1 6-3,3,TRAIN
e0079924b1781622cb38ce27e28f39ebadc980c6b65b69048c1d0a41e0c4dfef,2026-460,Heilbronn,20260601,Clay,O,R32,12,GE33,Daniel Elahi Galan,R,29.952,259,210,R0ED,Max Hans Rehberg,R,22.716,549,73,0,6-3 7-5,3,TRAIN
503b3308a15d12aa9c2ceb2c9dc2cffeaba30b10423ecaea0ae9f0a96c915a43,2026-460,Heilbronn,20260601,Clay,O,R32,13,PG94,Marc Polmans,R,29.081,347,147,S0AK,Henri Squire,R,25.676,249,223,0,6-0 7-5,3,TRAIN
e778c0ede0cc746a3607c79823540d5717716f9a92b886ec0507d34770ecb421,2026-460,Heilbronn,20260601,Clay,O,R32,14,M0BN,Marvin Moeller,R,27.368,401,122,O0A2,Gauthier Onclin,R,25.259,182,325,1,5-7 6-1 6-4,3,TRAIN
173657e53b695371413ead2faf5e76ef6d06fd85cc673f1c1747450a40b9bd8b,2026-460,Heilbronn,20260601,Clay,O,R32,15,D0LJ,Diego Dedura,L,18.22,287,187,W0BB,Max Wiskandt,R,24.329,554,72,1,6-1 6-4,3,TRAIN
9eecbb3cd2823a3d58620827a8efd011ae6890b2564959aa7d1c18bab82e8ef0,2026-460,Heilbronn,20260601,Clay,O,R32,16,H09F,Yu Hsiou Hsu,R,27.165,207,273,J0CU,Sander Jong,R,26.037,869,28,1,6-4 1-6 6-4,3,TRAIN
48cdef4bec4c6411e275166c4bed6c5fdfa337c157bed41996841f94c3bbc5e8,2026-460,Heilbronn,20260601,Clay,O,R16,17,M0HT,Alejandro Moro Canas,R,25.481,242,234,S0VU,Max Schoenhaus,R,18.834,385,126,1,6-7(3) 6-3 6-4,3,TRAIN
2879b9f38bebdd78714dd2c5a41c03549c6a8b01bfacf018f53690d8f20e3a4a,2026-460,Heilbronn,20260601,Clay,O,R16,18,N0AM,Emilio Nava,R,24.496,94,631,T0FI,Marko Topo,R,22.716,295,180,1,6-3 6-4,3,TRAIN
e3e4adb5907ac2b31f5aec6b0ffff9ec40ea84765a064709584fabacad92ce7e,2026-460,Heilbronn,20260601,Clay,O,R16,19,MO44,Pedro Martinez,R,29.098,140,431,S0AK,Henri Squire,R,25.676,249,223,0,7-6(4) 6-4,3,TRAIN
a96e5befaa87670b02c6ecc26995244a497dad44390eb4746834830c2b094e0b,2026-460,Heilbronn,20260601,Clay,O,R16,20,D0H9,Guy Den Ouden,R,24.148,211,268,D0L3,Matej Dodig,R,20.868,201,283,1,6-3 6-7(4) 6-0,3,TRAIN
a67b6d5cebe2aaa6614d4359e3700d30ca719490437ef0249871d7a29b8acee9,2026-460,Heilbronn,20260601,Clay,O,R16,21,H09F,Yu Hsiou Hsu,R,27.165,207,273,TA29,Marco Trungelliti,R,36.331,81,731,0,3-6 6-1 6-1,3,TRAIN
f1b7165fe8e6851dd382c50015773e940c46012bd087cf9fa27fc16780624d36,2026-460,Heilbronn,20260601,Clay,O,R16,22,CH12,Jan Choinski,R,29.974,101,599,M0N1,Luka Mikrut,R,22.125,195,301,0,6-3 6-3,3,TRAIN
b236674883f737af24eea9bc79131e92b0821ae2808307589a15b97ea6d2655c,2026-460,Heilbronn,20260601,Clay,O,R16,23,D0LJ,Diego Dedura,L,18.22,287,187,R0A7,Joao Lucas Reis Da Silva,R,26.182,198,291,1,7-6(12) 7-6(6),3,TRAIN
d1951d150edc79aae0729e0e4dc09933ef63da26b50f92b071a5594e7d79926f,2026-460,Heilbronn,20260601,Clay,O,R16,24,M0BN,Marvin Moeller,R,27.368,401,122,R0ED,Max Hans Rehberg,R,22.716,549,73,1,6-3 6-4,3,TRAIN
4d7aec25b500e215b96c22460e93bc3eb37fa7e06aa4ea1852ef429023a2ceb1,2026-460,Heilbronn,20260601,Clay,O,QF,25,M0HT,Alejandro Moro Canas,R,25.481,242,234,S0AK,Henri Squire,R,25.676,249,223,0,7-6(3) 6-3,3,TRAIN
e4118ec2143edc044954e896ab2223f989bf887476143accce777d2506345cca,2026-460,Heilbronn,20260601,Clay,O,QF,26,M0BN,Marvin Moeller,R,27.368,401,122,M0N1,Luka Mikrut,R,22.125,195,301,0,5-7 7-5 6-3,3,TRAIN
53bc14a1ec5195cbac287733ead0457a5d100326c89c32cab4368bf698d057d5,2026-460,Heilbronn,20260601,Clay,O,QF,27,D0LJ,Diego Dedura,L,18.22,287,187,TA29,Marco Trungelliti,R,36.331,81,731,1,6-2 6-3,3,TRAIN
19669f879933de4f44c5dce07e77304476fc5baf63e5519eebb92d3613f6f898,2026-460,Heilbronn,20260601,Clay,O,QF,28,D0H9,Guy Den Ouden,R,24.148,211,268,N0AM,Emilio Nava,R,24.496,94,631,0,4-6 6-2 6-4,3,TRAIN
e0ebc0b2c683cd57d663702fca74e00010bd72d2ca215064989e2fcc8aa47075,2026-460,Heilbronn,20260601,Clay,O,SF,29,N0AM,Emilio Nava,R,24.496,94,631,S0AK,Henri Squire,R,25.676,249,223,1,6-1 6-4,3,TRAIN
aacdd58379b89e91002358c8444a500e263f234c14a126eabc6e6aadbf2ba8b4,2026-460,Heilbronn,20260601,Clay,O,SF,30,D0LJ,Diego Dedura,L,18.22,287,187,M0N1,Luka Mikrut,R,22.125,195,301,0,6-4 6-4,3,TRAIN
ac472f2714b8be1e1b9bf06b910fb50d3f84a5e3ca1904b732db08c224200d7e,2026-558,Prostejov,20260601,Clay,O,R32,1,KH56,Zdenek Kolar,R,29.643,162,372,M0OH,Lautaro Midon,R,22.174,212,268,0,7-5 6-1,3,TRAIN
68dd013fbfe9d24a47e0931101b616233ffe6c9e58e9cf3e5320010cf0c02709,2026-558,Prostejov,20260601,Clay,O,R32,3,B0EJ,Tristan Boyer,R,25.112,199,287,J09X,Filip Cristian Jianu,R,24.701,252,219,1,7-6(5) 6-4,3,TRAIN
4981ca4334f0831aaeef4ef2f42baab80396bfcdf2181f4849580c7317383c0b,2026-558,Prostejov,20260601,Clay,O,R32,4,BV24,Raul Brancaccio,R,29.076,239,242,S0H2,Alexander Shevchenko,R,25.503,88,689,0,7-6(5) 4-6 6-1,3,TRAIN
c77131dbb3451ea5cbb5ab8ab803f55f4dce65ff6b61ac327616a103e84614d8,2026-558,Prostejov,20260601,Clay,O,R32,5,K0JH,Jan Kumstat,R,19.411,679,49,SS25,Vitaliy Sachko,R,28.882,210,269,0,5-7 6-0 6-3,3,TRAIN
153c800a06f3409dc27de4765669ee751bcb2e56c8b3992065695a18523e5d99,2026-558,Prostejov,20260601,Clay,O,R32,6,B0BI,Sebastian Baez,R,25.424,64,860,G0GW,Sascha Gueymard Wayenburg,R,22.834,266,203,1,6-4 6-3,3,TRAIN
3517a93163fc0dda01b27417ea1ab5798094feaa521a59452dcc7770286e1d73,2026-558,Prostejov,20260601,Clay,O,R32,7,KI82,Vit Kopriva,R,28.961,66,856,MF35,Andrej Martin,R,36.695,444,103,1,6-0 6-4,3,TRAIN
23018a8c8d67ce909777227b23b73700c288256d5c0961f1366bfadcddac4cfc,2026-558,Prostejov,20260601,Clay,O,R32,8,D0CN,Miguel Damas,R,26.445,267,203,D923,Damir Dzumhur,R,34.031,87,694,0,6-7(2) 6-4 7-5,3,TRAIN
27f0af7192df0618a39522b9dc756bbcd3fffaad889b99f420e8706eea3df0af,2026-558,Prostejov,20260601,Clay,O,R32,9,M0SE,Maxim Mrva,R,18.831,317,166,S0GD,Dalibor Svrcina,R,23.663,108,577,1,5-7 6-3 6-4,3,TRAIN
93b8027198133da4ce8ce00e9f3b2f86ab494d1073a3da7e5a41f4e9bbe91be0,2026-558,Prostejov,20260601,Clay,O,R32,10,DA81,Taro Daniel,R,33.342,328,157,F0BT,Jonas Forejtek,R,25.227,310,173,1,7-6(3) 6-1,3,TRAIN
b2d93106f179c6993a4fa4bedbcf9f3dc0450e3b0eda93554347163bbe908917,2026-558,Prostejov,20260601,Clay,O,R32,11,K0FY,Martin Krumich,R,23.431,296,180,O660,Genaro Alberto Olivieri,R,27.825,226,253,0,6-3 1-6 7-6(2),3,TRAIN
a645cdebe85f4a8f0729c9eae4202fa177e7936aec193a839a9f863e1965b328,2026-558,Prostejov,20260601,Clay,O,R32,12,P0AY,Luka Pavlovic,R,26.171,241,237,S0GZ,Nikolas Sanchez Izquierdo,R,27.214,235,247,0,6-3 4-6 6-3,3,TRAIN
8aee8b1ac2fbaf277494b7ff6a7ba30bbe29389478c20a06f7c3c90ca0f41108,2026-558,Prostejov,20260601,Clay,O,R32,13,MV14,Alex Molcan,L,28.498,110,571,P09O,Zsombor Piros,R,26.634,173,342,1,6-2 6-3,3,TRAIN
fdcfba4cb732a9f0122785e67ed636bac0ccc4ae4d1d7d1de2fefa6ecb8aa566,2026-558,Prostejov,20260601,Clay,O,R32,14,B0OU,Hynek Barton,R,22.155,275,195,BD06,Roberto Bautista Agut,R,38.13,117,542,1,6-4 6-7(5) 7-5,3,TRAIN
868f028e1d9483a4c308a9e5fb300a5794245938a1649441cdf9413eb985b7b1,2026-558,Prostejov,20260601,Clay,O,R32,15,DC76,Viktor Durasovic,R,29.202,457,101,GB93,Norbert Gombos,R,35.8,371,135,0,7-6(2) 3-6 7-6(3),3,TRAIN
985442b0ef6726d947494a74d658b669d3a410cb202d1e8bc4d623aa88660989,2026-558,Prostejov,20260601,Clay,O,R32,16,C0LK,Carlo Alberto Caniato,R,20.583,359,141,K0HG,Milos Karol,R,23.466,433,108,0,7-6(3) 6-1,3,TRAIN
39ca6888bdffcc506428486484debde759295728121d2ffec926f55853d99c36,2026-558,Prostejov,20260601,Clay,O,R16,17,S0GZ,Nikolas Sanchez Izquierdo,R,27.214,235,247,S0H2,Alexander Shevchenko,R,25.503,88,689,1,7-6(8) 6-1,3,TRAIN
c1092c3d07909700cd1de3efc6ce920f347dc5662e339c52123cc8e339c8e40d,2026-558,Prostejov,20260601,Clay,O,R16,18,B0BI,Sebastian Baez,R,25.424,64,860,B0EJ,Tristan Boyer,R,25.112,199,287,1,6-2 6-4,3,TRAIN
fd0a206f9b003320d26f30230ffde42882f4429a96ef3eff5552c728567da98f,2026-558,Prostejov,20260601,Clay,O,R16,19,M0OH,Lautaro Midon,R,22.174,212,268,O660,Genaro Alberto Olivieri,R,27.825,226,253,1,6-1 6-2,3,TRAIN
3695cbc456d21e6252b0f9ed9d09dc4282cd5481fc1d418164673770a64b6ea4,2026-558,Prostejov,20260601,Clay,O,R16,20,B0FI,Pedro Boscardin Dias,R,23.34,233,249,M0SE,Maxim Mrva,R,18.831,317,166,0,6-4 6-4,3,TRAIN
1f3e5e02317da28c00a026ae705fdba1f28abb285f8445534c00cc57fa84d698,2026-558,Prostejov,20260601,Clay,O,R16,21,KI82,Vit Kopriva,R,28.961,66,856,SS25,Vitaliy Sachko,R,28.882,210,269,0,6-1 4-6 7-6(4),3,TRAIN
34713ae5760d443555bc07e067ce0793663b9c175fce6ea44f30cb1041e64650,2026-558,Prostejov,20260601,Clay,O,R16,22,K0HG,Milos Karol,R,23.466,433,108,MV14,Alex Molcan,L,28.498,110,571,0,6-3 6-4,3,TRAIN
360d7507e2bbeabf4e3cbdc3b49cdc0af82d846b51b46e2228fbe3c5adb1096e,2026-558,Prostejov,20260601,Clay,O,R16,23,B0OU,Hynek Barton,R,22.155,275,195,GB93,Norbert Gombos,R,35.8,371,135,1,6-3 6-4,3,TRAIN
f19cddb5f75ae0cf1e0b4036a63f55385edd27be72bff20c29fa0c1721892fe2,2026-558,Prostejov,20260601,Clay,O,R16,24,D923,Damir Dzumhur,R,34.031,87,694,DA81,Taro Daniel,R,33.342,328,157,0,6-4 4-6 6-3,3,TRAIN
20816f772f7a65af76152de0c10fce8069088844f8ab7d8e66f1633d51293ca8,2026-558,Prostejov,20260601,Clay,O,QF,25,MV14,Alex Molcan,L,28.498,110,571,SS25,Vitaliy Sachko,R,28.882,210,269,1,3-6 6-1 6-4,3,TRAIN
1174525380aa6377013182fb8f8780ac50c673a7fa9a69df6bf53ab39df4deea,2026-558,Prostejov,20260601,Clay,O,QF,26,B0OU,Hynek Barton,R,22.155,275,195,DA81,Taro Daniel,R,33.342,328,157,1,7-6(4) 7-5,3,TRAIN
8e8eb4a97e3f2bf3352b646837e2d507f438aa23674b06e2298082c27da7743d,2026-558,Prostejov,20260601,Clay,O,QF,27,B0BI,Sebastian Baez,R,25.424,64,860,M0SE,Maxim Mrva,R,18.831,317,166,1,6-4 7-5,3,TRAIN
4869222d5865ace0361918c8875fa59fa251269024b0be47a1be76b42d01df0c,2026-558,Prostejov,20260601,Clay,O,QF,28,M0OH,Lautaro Midon,R,22.174,212,268,S0GZ,Nikolas Sanchez Izquierdo,R,27.214,235,247,0,6-7(6) 6-3 6-3,3,TRAIN
631ff121af2f5b539929f8987c0b86c8d9900e176c82d1025350f0ef97400844,2026-558,Prostejov,20260601,Clay,O,SF,29,B0BI,Sebastian Baez,R,25.424,64,860,S0GZ,Nikolas Sanchez Izquierdo,R,27.214,235,247,1,6-2 7-6(2),3,TRAIN
70ba1cc8fc072ee730421234373a9680f0655b6791f840019c396fe3c0f029f4,2026-558,Prostejov,20260601,Clay,O,SF,30,B0OU,Hynek Barton,R,22.155,275,195,MV14,Alex Molcan,L,28.498,110,571,0,6-3 6-2,3,TRAIN
10d6fc6458bfa97e1cf680a1600c856db14ede8a93da3c9b78bf1e97ad3dc8cd,2026-558,Prostejov,20260601,Clay,O,F,31,B0BI,Sebastian Baez,R,25.424,64,860,MV14,Alex Molcan,L,28.498,110,571,1,6-4 6-2,3,TRAIN
5ade48cc2e1dd57a4272f9a02f335e262be924cc1e7f7e1884092917aa546eb3,2026-9001,Perugia,20260601,Clay,O,R32,1,G0FW,Vilius Gaubas,R,21.421,133,464,S0GR,Timofey Skatov,R,25.358,189,314,0,4-6 6-4 6-2,3,TRAIN
2f5f683e945730972b9d2145216750c0a7dd2beb0950110b7c8bf22481273d59,2026-9001,Perugia,20260601,Clay,O,R32,2,CF01,Marco Cecchinato,R,33.667,178,329,S0O6,Ilia Simakin,R,22.595,268,202,1,6-3 6-4,3,TRAIN
82aa94297be18446ae8eb2b93d31733fac331513cc2e4c7d379b7e9e150760ee,2026-9001,Perugia,20260601,Clay,O,R32,4,L0CX,Pablo Llamas Ruiz,R,23.633,122,515,R0JW,Michele Ribecai,R,23.321,285,188,1,6-4 3-6 7-6(2),3,TRAIN
6af9b6128d05bb0b8a5052b582c4e979780a526bc55de120ac9cd60c68cc3bb8,2026-9001,Perugia,20260601,Clay,O,R32,5,A09U,Nicolas Alvarez Varona,R,25.038,475,96,R0EB,Valentin Royer,R,25.008,74,773,0,6-4 6-3,3,TRAIN
33c8975917863bd32476745aa0368ca26001c29a7afe7a55474b4ef4950588f0,2026-9001,Perugia,20260601,Clay,O,R32,6,DG80,Enrico Dalla Valle,R,28.197,456,101,R0GO,Henrique Rocha,R,22.152,119,528,0,6-4 7-6(7),3,TRAIN
58d57566e66136a905ad828fadd463924dc4d8957b6f2232ec8f685251d75b21,2026-9001,Perugia,20260601,Clay,O,R32,7,B0VX,Pierluigi Basile,R,19.398,660,52,TA12,Stefano Travaglia,R,34.426,138,443,1,7-6(3) 4-6 6-3,3,TRAIN
9325098eb92055eb99b560dffc5fb686ccef2bbdf9f517eed35c3729f29a5934,2026-9001,Perugia,20260601,Clay,O,R32,8,BU70,Remy Bertola,R,27.751,208,273,R0HP,Lucio Ratti,R,22.344,439,107,1,6-4 4-6 6-2,3,TRAIN
3cd23927fe1f4a5124c5d74bc05a73fb514ccfe8313556cbf34c9880f825f054,2026-9001,Perugia,20260601,Clay,O,R32,9,BI23,Liam Broady,L,32.405,219,260,J476,David Jorda Sanchis,R,31.964,256,213,1,5-7 6-3 6-3,3,TRAIN
9c83046cfe61fe7611f2eed4c4404ead24c49055f15b6bd330d9108ade5cd8f0,2026-9001,Perugia,20260601,Clay,O,R32,10,C0OW,Lorenzo Carboni,R,20.257,477,96,CF59,Roberto Carballes Baena,R,33.191,203,282,0,3-6 6-1 6-4,3,TRAIN
f786322dfb12151e575f427e8271db267695478287b45e1f6ebdea1ca891dc6d,2026-9001,Perugia,20260601,Clay,O,R32,11,EA13,Moez Echargui,R,33.388,139,441,T0AP,Chun-Hsin Tseng,R,24.813,181,326,0,6-4 1-6 6-3,3,TRAIN
bef97ee55aefe041ef6d12abc414913766efaa693b4cc933d5dd71c4c53e7076,2026-9001,Perugia,20260601,Clay,O,R32,12,C0B2,Cezar Cretu,R,25.103,370,136,V0J1,Jacopo Vasami,L,18.45,465,99,0,7-6(4) 6-4,3,TRAIN
08a9fae17c42e4a35ba8977910d8c74bbf6dc28a92c9b7b7103fb7b96a3864ca,2026-9001,Perugia,20260601,Clay,O,R32,13,K0HC,Maks Kasnikowski,R,22.905,315,167,PH64,Andrea Pellegrino,R,29.191,124,507,0,4-6 7-6(5) 6-1,3,TRAIN
37665d50c9d94f3c9a3953c2ed3a827f7a9ac05efe5708a9bc069f3980df1bf6,2026-9001,Perugia,20260601,Clay,O,R32,14,F0A4,Francesco Forti,R,26.85,413,116,SO20,Jelle Sels,R,30.809,450,103,1,6-0 7-6(4),3,TRAIN
7ad7cd707fe65e9b0ffdecb026ed6129632cd6512d83974876b9377ce6e47ee8,2026-9001,Perugia,20260601,Clay,O,R32,15,B0GR,Gonzalo Bueno,R,22.16,183,325,L987,Dusan Lajovic,R,35.921,137,446,0,6-4 6-1,3,TRAIN
89ebf895c4af02fcde3b612ff2b347c129e6dad170f2e3d5ca944df8c5093735,2026-9001,Perugia,20260601,Clay,O,R32,16,N0BG,Luca Nardi,R,22.82,163,366,RB60,Oriol Roca Batalla,R,33.087,377,133,1,6-4 7-6(5),3,TRAIN
3ceb5a1993612863e9c3c42cbcef482e209a931154a8edcd6655cc37f8f66dbd,2026-9001,Perugia,20260601,Clay,O,R16,18,BI23,Liam Broady,L,32.405,219,260,M0N7,Daniel Merida,R,21.678,86,696,0,6-4 6-2,3,TRAIN
65407c6376d66acba6e0edbe322f20636328bddee87b00efeaab84e1cb6ad220,2026-9001,Perugia,20260601,Clay,O,R16,19,L0CX,Pablo Llamas Ruiz,R,23.633,122,515,V0J1,Jacopo Vasami,L,18.45,465,99,1,7-6(3) 6-3,3,TRAIN
2869b94ab727e1b6768d9eeb8d5dcd36f2df15f3712d1d7a6e15a6c888415c3e,2026-9001,Perugia,20260601,Clay,O,R16,20,S0GR,Timofey Skatov,R,25.358,189,314,T0AP,Chun-Hsin Tseng,R,24.813,181,326,1,6-7(2) 7-6(7) 7-6(4),3,TRAIN
7db7ff2097e11ce4a4f4d74481ba918bcb66949b3e9cb2254d323d65b0bbcd90,2026-9001,Perugia,20260601,Clay,O,R16,21,B0VX,Pierluigi Basile,R,19.398,660,52,F0A4,Francesco Forti,R,26.85,413,116,1,6-1 6-3,3,TRAIN
90fa8fe72a6b6b0c16b30cd9410473ce4ad80a8f383d87357ccd5497b31ce867,2026-9001,Perugia,20260601,Clay,O,R16,22,L987,Dusan Lajovic,R,35.921,137,446,R0GO,Henrique Rocha,R,22.152,119,528,0,6-4 7-5,3,TRAIN
158d7722602254d65943c69d590c95612a2aed5be9ea1d7ada2a80080389541d,2026-9001,Perugia,20260601,Clay,O,R16,23,CF59,Roberto Carballes Baena,R,33.191,203,282,PH64,Andrea Pellegrino,R,29.191,124,507,0,4-6 7-5 6-3,3,TRAIN
0f27bbe084b20a28cc15502bab1e97dea3a7b589a2f287d47edfebb915e7669a,2026-9001,Perugia,20260601,Clay,O,R16,24,BU70,Remy Bertola,R,27.751,208,273,N0BG,Luca Nardi,R,22.82,163,366,1,6-2 4-6 6-3,3,TRAIN
ffc5ec3a7c1f33aa60ac7fcc5bcefac45b1de2c7f9072ce7ad06b74e54cf2432,2026-9001,Perugia,20260601,Clay,O,QF,25,CF01,Marco Cecchinato,R,33.667,178,329,S0GR,Timofey Skatov,R,25.358,189,314,0,6-4 6-4,3,TRAIN
88f80e0eafbe28dcaed572ac727b493403f3009c43ebe99cabfea9aeb9558cae,2026-9001,Perugia,20260601,Clay,O,QF,26,L0CX,Pablo Llamas Ruiz,R,23.633,122,515,M0N7,Daniel Merida,R,21.678,86,696,0,6-1 6-2,3,TRAIN
afc2101e3e62b7dd68c2f83416def6f72abfe6ee24682d2ed287af6c5fd73151,2026-9001,Perugia,20260601,Clay,O,QF,27,BU70,Remy Bertola,R,27.751,208,273,R0GO,Henrique Rocha,R,22.152,119,528,0,6-2 4-6 6-2,3,TRAIN
f39efaea5060c5b0aa69723275564b383db0f8444785a0d76ad119a4d655f61e,2026-9001,Perugia,20260601,Clay,O,QF,28,B0VX,Pierluigi Basile,R,19.398,660,52,PH64,Andrea Pellegrino,R,29.191,124,507,0,6-2 6-3,3,TRAIN
f92442f1bf29e2c4166b0b96a69190a37a17b4f445885b998c37c535e6006692,2026-9001,Perugia,20260601,Clay,O,SF,29,M0N7,Daniel Merida,R,21.678,86,696,PH64,Andrea Pellegrino,R,29.191,124,507,1,6-3 5-7 6-3,3,TRAIN
667f95b23502d53b1cc40fd8084e7cf8c07c3719aec9411d94b7fdb891dfb12b,2026-9001,Perugia,20260601,Clay,O,SF,30,R0GO,Henrique Rocha,R,22.152,119,528,S0GR,Timofey Skatov,R,25.358,189,314,1,6-4 6-2,3,TRAIN
e13dfb140986ed0e01a86ce25ed7dd89aca638f17f3c1b992a2a657d197c4eeb,2026-9001,Perugia,20260601,Clay,O,F,31,M0N7,Daniel Merida,R,21.678,86,696,R0GO,Henrique Rocha,R,22.152,119,528,0,7-6(5) 6-3,3,TRAIN
f3883e8a55307505efb7c7ebe66c3be62541563fad3fa5eebb4aa147cbdecfac,2026-2927,San Miguel de Tucuman,20260608,Clay,O,R32,1,A0JW,Joaquin Aguilar Cardozo,R,21.166,589,65,J0AW,Guido Ivan Justo,R,28.474,254,217,0,6-2 6-3,3,TRAIN
bb60ce99aad2a3fb271371c7776d80fa1221f4cb88c33c517453ecf00b832b6d,2026-2927,San Miguel de Tucuman,20260608,Clay,O,R32,2,A0IK,Luciano Emanuel Ambrogi,R,22.552,408,119,GB41,Juan Sebastian Gomez,,34.259,581,67,1,6-2 6-4,3,TRAIN
cdfd65f4f01bf8dbdcc6e99202d3d0db21f7052873f5d3fba1c8d874babc4b1f,2026-2927,San Miguel de Tucuman,20260608,Clay,O,R32,3,D0IN,Ryan Dickerson,R,29.084,594,64,P0DF,Matheus Pucinelli De Almeida,R,25.185,419,116,0,6-1 6-1,3,TRAIN
fdcf54d1d8c45ee96ae0264bbc38052121ad6d1603f8588e5baf861596c5d261,2026-2927,San Miguel de Tucuman,20260608,Clay,O,R32,4,E0DI,Juan Estevez,R,20.709,385,126,S0EK,Matias Soto,R,27.116,316,171,1,6-4 6-2,3,TRAIN
ae1f58834ba75e0889b06e093a85a622c8f54f96c37edc15b0c6162b3fb3f9d1,2026-2927,San Miguel de Tucuman,20260608,Clay,O,R32,5,D0DK,Santiago De La Fuente,R,24.334,631,57,R09V,Eduardo Ribeiro,R,28.227,386,125,0,6-3 7-5,3,TRAIN
5745515c231726f8c5a14e60fcad2cdd9bb2eb704f35d71b018a57a3c6ee186d,2026-2927,San Miguel de Tucuman,20260608,Clay,O,R32,6,B0QQ,Karim Bennani,,18.762,518,82,RH59,Santiago Rodriguez Taverna,R,26.897,383,127,0,6-3 3-6 6-1,3,TRAIN
5026670e9983ee7d3523d82e51ab8eb7cbd934723470f7de7c384603ebe48850,2026-2927,San Miguel de Tucuman,20260608,Clay,O,R32,7,C0H5,Julian Cundom,R,25.161,1010,18,CC66,Andrea Collarini,L,34.352,304,177,0,6-2 6-4,3,TRAIN
57ac1f3859fb5187a62738dda46cef4c421ec7706d019506df257cb084d2b146,2026-2927,San Miguel de Tucuman,20260608,Clay,O,R32,8,T0DM,Juan Bautista Torres,R,24.183,282,191,Z0DA,Carlos Maria Zarate,R,21.191,467,100,0,6-1 7-6(3),3,TRAIN
bdc2d1e0f3e782549add8153e494e038822a598b6594a2a4feb764ac5c1e3027,2026-2927,San Miguel de Tucuman,20260608,Clay,O,R32,9,L0GR,Juan Manuel La Serna,L,22.338,290,186,R0F1,Johan Alexander Rodriguez,R,22.7,693,47,0,3-6 6-0 7-5,3,TRAIN
c503f5fbadc930a406cf926d0f81596bf5c51d815ca02377956349a2ae508696,2026-2927,San Miguel de Tucuman,20260608,Clay,O,R32,10,KC29,Nicolas Kicker,R,33.81,361,138,M0QQ,Tomas Martinez,R,22.79,928,23,1,6-0 6-4,3,TRAIN
483025695472548b51ca12a5fc3fd5dfe496d9fe5bb3328af8646bc478ad10b8,2026-2927,San Miguel de Tucuman,20260608,Clay,O,R32,11,CG07,Hernan Casanova,R,32.334,406,119,H0HU,Samuel Heredia,R,20.003,692,48,1,6-2 6-3,3,TRAIN
3d898324786e89edb45a93254d30803644690c095a97a7ac129d1c9447808420,2026-2927,San Miguel de Tucuman,20260608,Clay,O,R32,12,C0GK,Thiago Cigarran,R,26.201,818,34,LA54,Wilson Leite,R,34.587,787,37,1,6-4 6-3,3,TRAIN
bbf12b9898e851f43ef5dad6fd699cb0b74f0155181ff43f435d6869af97250c,2026-2927,San Miguel de Tucuman,20260608,Clay,O,R32,13,F0FL,Bruno Fernandez,R,21.867,609,61,H0A4,Nick Hardt,R,25.714,390,123,0,7-5 6-2,3,TRAIN
274225b075cd9bb0e8fa983c9876bd5deb271b624ee69e12427737ac08c11b33,2026-2927,San Miguel de Tucuman,20260608,Clay,O,R32,14,R0BC,Lorenzo Joaquin Rodriguez,R,26.691,462,102,V0F6,Nicolas Villalon,R,22.294,679,51,1,6-2 6-7(5) 6-3,3,TRAIN
fab1076d014921626b7fc2e39fa7eae2c5a9344e15fc4d1f1ce8de4b076f63d2,2026-2927,San Miguel de Tucuman,20260608,Clay,O,R32,15,CE77,Federico Coria,R,34.248,999,18,G0L1,Segundo Goity Zapico,,20.821,1179,10,1,7-5 5-7 7-6(7),3,TRAIN
165ee5d4b4eac7f04d2d7a9a9cb41935b9888de7e2e1a053fa60381bb01e42a0,2026-2927,San Miguel de Tucuman,20260608,Clay,O,R32,16,H0C9,Arklon Huertas Del Pino Cordova,R,31.896,769,38,Z0CO,Maximo Zeitune,R,20.348,646,55,1,6-7(1) 6-4 7-5,3,TRAIN
4bbd01b8e9ea56b5af3d26abad835331b280e35731856b3317a710fee99e1ef3,2026-2927,San Miguel de Tucuman,20260608,Clay,O,R16,17,CG07,Hernan Casanova,R,32.334,406,119,J0AW,Guido Ivan Justo,R,28.474,254,217,0,6-3 4-6 6-4,3,TRAIN
24225492ee4e86870dbd5522753ffc7aa79453315f7df6de586d58cf8e64f601,2026-2927,San Miguel de Tucuman,20260608,Clay,O,R16,18,CC66,Andrea Collarini,L,34.352,304,177,CE77,Federico Coria,R,34.248,999,18,0,7-6(5) 7-5,3,TRAIN
573cd2835664b6ab5910e17f1fe103aa0a799ef127d46243b0f4716e0c589427,2026-2927,San Miguel de Tucuman,20260608,Clay,O,R16,19,H0A4,Nick Hardt,R,25.714,390,123,KC29,Nicolas Kicker,R,33.81,361,138,0,6-2 7-5,3,TRAIN
2b95ba18e20d7263670799fc01dc2e8c45d9ba2c10047deaffbfa816b5084134,2026-2927,San Miguel de Tucuman,20260608,Clay,O,R16,20,A0IK,Luciano Emanuel Ambrogi,R,22.552,408,119,RH59,Santiago Rodriguez Taverna,R,26.897,383,127,1,7-5 6-7(3) 6-0,3,TRAIN
808a59e4f2efb94b7cb550e2571efa406c23df54a2ff09f1ec1394dae5df2913,2026-2927,San Miguel de Tucuman,20260608,Clay,O,R16,21,C0GK,Thiago Cigarran,R,26.201,818,34,E0DI,Juan Estevez,R,20.709,385,126,1,6-7(5) 6-3 6-2,3,TRAIN
b8c2e7f60e570152f48c0ed8a81dbd790a1221a049bbfceeaa226b7d6cce02ce,2026-2927,San Miguel de Tucuman,20260608,Clay,O,R16,22,P0DF,Matheus Pucinelli De Almeida,R,25.185,419,116,R0BC,Lorenzo Joaquin Rodriguez,R,26.691,462,102,1,6-2 6-2,3,TRAIN
ca415c59b88442c425a779da4755d1888de4a41c1c435e5b1718109b77afda65,2026-2927,San Miguel de Tucuman,20260608,Clay,O,R16,23,R09V,Eduardo Ribeiro,R,28.227,386,125,R0F1,Johan Alexander Rodriguez,R,22.7,693,47,0,0-6 6-4 6-4,3,TRAIN
c4dbdbe8e0a274dc9f0803d7f3e8a8408fd1530ff0f43c99796b7ba21eeb0793,2026-2927,San Miguel de Tucuman,20260608,Clay,O,R16,24,H0C9,Arklon Huertas Del Pino Cordova,R,31.896,769,38,Z0DA,Carlos Maria Zarate,R,21.191,467,100,0,6-3 7-6(6),3,TRAIN
39eb1bf89259bcc035c0466e174fee5e726c624a3c7484aa2d8cef57d97a01ec,2026-2927,San Miguel de Tucuman,20260608,Clay,O,QF,25,P0DF,Matheus Pucinelli De Almeida,R,25.186,419,116,R0F1,Johan Alexander Rodriguez,R,22.7,693,47,0,7-5 6-4,3,TRAIN
5ff86bd9dcaf206f50dc603cabfb3c11d5f97db729d2f8dbd0edd88c8bf14616,2026-2927,San Miguel de Tucuman,20260608,Clay,O,QF,26,C0GK,Thiago Cigarran,R,26.201,818,34,J0AW,Guido Ivan Justo,R,28.474,254,217,0,6-4 6-4,3,TRAIN
137b929dc83821fafddcea69200c8b652c533ef3ce5094862452df9758e13688,2026-2927,San Miguel de Tucuman,20260608,Clay,O,QF,28,A0IK,Luciano Emanuel Ambrogi,R,22.552,408,119,Z0DA,Carlos Maria Zarate,R,21.191,467,100,1,6-2 1-6 6-4,3,TRAIN
fc9835648ee4ddf6628425a41a92b256ea4fb63c8103562ef4b4bff65f6e6152,2026-2927,San Miguel de Tucuman,20260608,Clay,O,SF,29,KC29,Nicolas Kicker,R,33.81,361,138,R0F1,Johan Alexander Rodriguez,R,22.7,693,47,0,6-3 6-4,3,TRAIN
57c08636529e37c5be4cb9447cf0d95c82c2927f50e1af52ac71eb1fffe198ad,2026-2927,San Miguel de Tucuman,20260608,Clay,O,SF,30,A0IK,Luciano Emanuel Ambrogi,R,22.552,408,119,J0AW,Guido Ivan Justo,R,28.474,254,217,1,4-6 7-5 6-2,3,TRAIN
3b2e7a503a1d2bab1ff4767919bc2abf9871ede4f46d269d0ad1307b927ebdfe,2026-2927,San Miguel de Tucuman,20260608,Clay,O,F,31,A0IK,Luciano Emanuel Ambrogi,R,22.552,408,119,R0F1,Johan Alexander Rodriguez,R,22.7,693,47,1,6-2 6-3,3,TRAIN
accee3cd92ce6d354e9391302183c65a217624410ac0f9a5456792aeebbb0a63,2026-3085,Cattolica,20260608,Clay,O,R32,1,BI23,Liam Broady,L,32.424,209,274,X01C,Ioannis Xilas,R,25.073,356,142,1,6-3 3-6 6-2,3,TRAIN
fa9f8e668bd4f361dbec196dae410db09e49e3f83b19f34f0dfa3f38857ab184,2026-3085,Cattolica,20260608,Clay,O,R32,2,AA27,Franco Agamenone,R,33.147,246,224,R0JW,Michele Ribecai,R,23.34,285,188,1,3-6 7-6(5) 6-3,3,TRAIN
2c9b408ca6103d5589dc8e4495687e18b182f2a25e8f57f8fdba4428ed879c5b,2026-3085,Cattolica,20260608,Clay,O,R32,3,B0VX,Pierluigi Basile,R,19.417,563,71,BV24,Raul Brancaccio,R,29.095,237,242,0,7-6(4) 7-6(4),3,TRAIN
35e7dd008380aad726b72668c9e267e580d715c904dee0e2062cb0942624241d,2026-3085,Cattolica,20260608,Clay,O,R32,4,G0A0,Andrea Guerrieri,L,27.513,231,251,S0GD,Dalibor Svrcina,R,23.682,107,585,1,6-3 3-6 6-4,3,TRAIN
8f0d9b133249fd42723b50d91015c06bee21510c1738847b505637a76bda3232,2026-3085,Cattolica,20260608,Clay,O,R32,5,D0C1,Jesper de Jong,R,26.021,83,746,M0UR,Ognjen Milic,L,18.962,358,140,1,6-1 7-6(3),3,TRAIN
5126e6222075ce2145442975ae18f3af4fb5466847a2e52e70ebaf80c66a8584,2026-3085,Cattolica,20260608,Clay,O,R32,6,F0BT,Jonas Forejtek,R,25.246,314,172,L987,Dusan Lajovic,R,35.94,140,444,0,6-2 5-7 6-4,3,TRAIN
58d9ffc6f8675db6cabf86b15cada3f32dc53e519371bae0491e91250203c8ca,2026-3085,Cattolica,20260608,Clay,O,R32,7,CF01,Marco Cecchinato,R,33.687,172,345,N0CJ,Petr Nesterov,R,23.255,397,121,1,7-5 6-3,3,TRAIN
27032f5c27311422437f5ffdd1b10d491fba8b1dea84ec251309228f9ffba276,2026-3085,Cattolica,20260608,Clay,O,R32,8,B0GR,Gonzalo Bueno,R,22.179,180,335,F0A4,Francesco Forti,R,26.869,396,121,0,7-5 4-6 7-6(2),3,TRAIN
9ecc6d0e073784fe7b29dd1c7cb5034d05b0cdbb6b71025c4b4701697336010f,2026-3085,Cattolica,20260608,Clay,O,R32,9,D0L3,Matej Dodig,R,20.887,199,290,S0CG,Carlos Sanchez Jover,L,25.881,389,124,0,6-4 6-4,3,TRAIN
69d18f7aa82edfc442cc3aa7ff518892fa0514d1d4d11728db2a9b48675e22c6,2026-3085,Cattolica,20260608,Clay,O,R32,10,CF59,Roberto Carballes Baena,R,33.21,191,306,R0ED,Max Hans Rehberg,R,22.735,526,80,1,6-4 6-4,3,TRAIN
9f119200dbb7d87c883214c1dc6badfee19909614ff38061c29102b5af170da6,2026-3085,Cattolica,20260608,Clay,O,R32,11,DG80,Enrico Dalla Valle,R,28.216,441,109,K0HC,Maks Kasnikowski,R,22.924,281,191,1,7-5 6-2,3,TRAIN
1175761ce6ba90fca9b094e388a16c21f7928aa01de3106c76d837b0bb202add,2026-3085,Cattolica,20260608,Clay,O,R32,12,C0P0,Sergio Callejon Hernando,R,21.725,452,105,F0CJ,Gianmarco Ferrari,L,25.676,435,111,0,7-6(6) 6-0,3,TRAIN
32edcf1a1de225d25b947888a4bdc736fab8d03a04ffaea2156b7bf59fdc5be0,2026-3085,Cattolica,20260608,Clay,O,R32,13,G0DH,Alvaro Guillen Meza,R,23.431,266,204,S0O6,Ilia Simakin,R,22.615,301,177,1,3-6 7-6(5) 7-6(5),3,TRAIN
3f49f15d7cc617a9143bcacdbee1fbf2e19eac3e5137e1410dd202a58e6c59ed,2026-3085,Cattolica,20260608,Clay,O,R32,14,P0HY,Samuele Pieri,R,24.274,398,121,RB60,Oriol Roca Batalla,R,33.106,327,162,0,7-5 6-3,3,TRAIN
b52916d4e1b3c161fd5d3c3a56575f31d54b0d23a5c4c00082cc8a3b5ef226c1,2026-3085,Cattolica,20260608,Clay,O,R32,15,T0I3,Miguel Tobon,R,19.97,473,98,V0GR,Alexander Vasilev,L,19.069,651,54,0,6-4 6-2,3,TRAIN
4d13906bdf98f4ccc5d9c545ca5b74f1453d5e25d1da521b3b8e4eca1457ce4f,2026-3085,Cattolica,20260608,Clay,O,R32,16,B0PE,Federico Bondioli,L,21.062,341,151,C0LK,Carlo Alberto Caniato,R,20.602,353,143,1,7-6(3) 6-7(5) 6-4,3,TRAIN
3c9dee15c470f9528c22be8887f436bea2241b8a2071e041391c6df41ab74c7f,2026-3085,Cattolica,20260608,Clay,O,R16,17,CF59,Roberto Carballes Baena,R,33.21,191,306,F0CJ,Gianmarco Ferrari,L,25.676,435,111,1,6-4 6-4,3,TRAIN
42606868978ff8e3cc59d09196d70a34df95be346adc100d5855e9ec1489178f,2026-3085,Cattolica,20260608,Clay,O,R16,18,BI23,Liam Broady,L,32.424,209,274,BV24,Raul Brancaccio,R,29.095,237,242,0,6-2 6-4,3,TRAIN
71abfeeeb164a0a58789cf1bcf8bd942436b9da03237083e8504712975d92459,2026-3085,Cattolica,20260608,Clay,O,R16,19,AA27,Franco Agamenone,R,33.147,246,224,F0A4,Francesco Forti,R,26.869,396,121,0,6-3 6-7(5) 6-1,3,TRAIN
38bf35f4ac606ec56f28e45fbe8ff0c16f5df657775d5f573f02ef143eaa0eac,2026-3085,Cattolica,20260608,Clay,O,R16,20,G0A0,Andrea Guerrieri,L,27.513,231,251,V0GR,Alexander Vasilev,L,19.069,651,54,1,7-6(5) 7-5,3,TRAIN
ed86547494372ed32b45cf91f7d56500a371e14c76b62dbc92d17b927e82da3e,2026-3085,Cattolica,20260608,Clay,O,R16,21,B0PE,Federico Bondioli,L,21.062,341,151,D0C1,Jesper de Jong,,,83,746,0,6-2 4-6 6-4,3,TRAIN
511898df08a501c137a689682820e5faf5535f5e2df3396c247b65336233b780,2026-3085,Cattolica,20260608,Clay,O,R16,22,CF01,Marco Cecchinato,R,33.687,172,345,G0DH,Alvaro Guillen Meza,R,23.431,266,204,1,6-3 6-7(4) 6-4,3,TRAIN
79bbddfec6ce82e97f1d9a5005a97dd200be46a3029cf0675187979c7a80165c,2026-3085,Cattolica,20260608,Clay,O,R16,23,DG80,Enrico Dalla Valle,R,28.216,441,109,S0CG,Carlos Sanchez Jover,L,25.881,389,124,1,7-6(4) 6-1,3,TRAIN
00fe662c184ed609910c55ee7aed749fa7e19de2267309b89f95ce19a8ddb96e,2026-3085,Cattolica,20260608,Clay,O,R16,24,L987,Dusan Lajovic,R,35.94,140,444,RB60,Oriol Roca Batalla,R,33.106,327,162,0,7-6(4) 4-6 7-6(4),3,TRAIN
01d870659c39472e1eb3b359ba182f36627ef989b5e738d1ba81c1e93a0c1ac1,2026-3085,Cattolica,20260608,Clay,O,QF,25,CF01,Marco Cecchinato,R,33.687,172,345,D0C1,Jesper de Jong,R,26.021,83,746,0,6-3 4-6 6-1,3,TRAIN
53dc56d6642f084c4f5237755d36f4faf4f28d35f9080a3d218ae38aa8764fc1,2026-3085,Cattolica,20260608,Clay,O,QF,26,BV24,Raul Brancaccio,R,29.095,237,242,CF59,Roberto Carballes Baena,R,33.21,191,306,0,6-4 3-6 6-3,3,TRAIN
b5b31b69b1d7b244deac72392bd061fafddda8467e838b2397943f124fae14a0,2026-3085,Cattolica,20260608,Clay,O,QF,27,DG80,Enrico Dalla Valle,R,28.216,441,109,RB60,Oriol Roca Batalla,R,33.106,327,162,1,7-6(2) 6-1,3,TRAIN
9d3c6ea8fe74f2ede5cb285a8b8ba8cfdc50e8860d14b13ece57e82a8298b80d,2026-3085,Cattolica,20260608,Clay,O,QF,28,F0A4,Francesco Forti,R,26.869,396,121,G0A0,Andrea Guerrieri,L,27.513,231,251,1,7-6(7) 6-4,3,TRAIN
c8e7887daa2c842e9c26b40e6f88a4025aae243ad7088f03993211630d807b00,2026-3085,Cattolica,20260608,Clay,O,SF,29,D0C1,Jesper de Jong,R,26.021,83,746,DG80,Enrico Dalla Valle,R,28.216,441,109,1,2-6 7-6(7) 6-2,3,TRAIN
056a54e7b154bc54caf017ec2d4cfd488cd0b30902211949a117bbc54a6324a0,2026-3085,Cattolica,20260608,Clay,O,SF,30,CF59,Roberto Carballes Baena,R,33.21,191,306,F0A4,Francesco Forti,R,26.869,396,121,1,3-6 6-1 6-4,3,TRAIN
3b2f7ab12f7eef2d7aaacdd992f5fb406bda396e73940a5f4e25f282eb891c50,2026-3085,Cattolica,20260608,Clay,O,F,31,CF59,Roberto Carballes Baena,R,33.21,191,306,D0C1,Jesper de Jong,R,26.021,83,746,0,6-3 6-2,3,TRAIN
edbea53f7aaefda5889878874d49e733a0247e3b73eb18f676db0b09f94c9294,2026-7536,Lyon,20260608,Clay,O,R32,1,GF95,Hugo Grenier,R,30.209,222,259,V0DZ,Luca Van Assche,R,22.075,98,633,0,6-1 6-2,3,TRAIN
fa51189bf937c5a10dd4bdf49ef6696f35032c9ea82cd5e8a3fe1b5517d92ce8,2026-7536,Lyon,20260608,Clay,O,R32,2,CG33,Kimmer Coppejans,R,32.331,212,272,DB63,Laslo Djere,R,31.017,225,256,1,6-2 2-6 6-4,3,TRAIN
db8fdca92b3835276c048f894daa041a8e6f3dc908e3fa6e6f40805fccd16639,2026-7536,Lyon,20260608,Clay,O,R32,3,GA79,Lorenzo Giustino,R,34.743,211,274,R0FP,Daniel Rincon,L,23.417,283,189,0,6-2 6-4,3,TRAIN
36b0faa962db97204d5cc100ebf6d4eea2fb197b9e7876d9c1fd9efafd048daf,2026-7536,Lyon,20260608,Clay,O,R32,4,GE33,Daniel Elahi Galan,R,29.971,347,148,P0AY,Luka Pavlovic,R,26.19,207,277,1,7-6(3) 6-2,3,TRAIN
702e7e01a0e5d8d53c0769e32c411e12cc7d1fe95e4a2d0c72dc15292a94052f,2026-7536,Lyon,20260608,Clay,O,R32,5,K09F,Pavel Kotov,R,27.554,248,222,TA29,Marco Trungelliti,R,36.35,80,758,0,6-7(7) 6-4 6-2,3,TRAIN
a6c1ba189c1342cb20e0ecf62d7b0c5c16e37a914293b98c68ec63ced8e8c5e3,2026-7536,Lyon,20260608,Clay,O,R32,6,D0CN,Miguel Damas,R,26.464,271,198,G0FW,Vilius Gaubas,R,21.44,130,474,1,6-4 6-0,3,TRAIN
1a54ae36f0664755452cce24e4ab59aa1a438ad9c3a6e4031256c0c1a741d96b,2026-7536,Lyon,20260608,Clay,O,R32,7,G0J9,Svyatoslav Gulin,R,23.51,496,88,MO44,Pedro Martinez,R,29.117,139,444,0,7-5 6-1,3,TRAIN
1d5456e230e7a5f0646611de7cce4886215110cccbb3640330d4d1d2fb6eb0bf,2026-7536,Lyon,20260608,Clay,O,R32,8,G0GW,Sascha Gueymard Wayenburg,R,22.853,280,192,T09X,Clement Tabur,R,26.371,190,308,0,6-4 6-3,3,TRAIN
65c446733ae89848653458887a861027d2dc5d74b25772f5a2c378fb10434cf3,2026-7536,Lyon,20260608,Clay,O,R32,9,B0EJ,Tristan Boyer,R,25.131,198,292,P0MG,Raphael Perot,R,24.939,409,118,1,6-3 6-2,3,TRAIN
b2973c8d161ea88d625727fd101e7f7b93d14b3466b913b29a6d0c5e5879710e,2026-7536,Lyon,20260608,Clay,O,R32,10,B0WL,Felix Balshaw,R,19.981,412,117,S0H1,Luca Staeheli,R,26.251,604,62,1,7-6(1) 7-5,3,TRAIN
3d2c3b30c7c9b0801d3456e01ffe870d8dd79e57c33f751a50c54205bf30b47f,2026-7536,Lyon,20260608,Clay,O,R32,11,A0EA,Max Alcala Gurri,R,23.74,275,193,B0JP,Dali Blanch,R,23.261,284,188,0,7-5 6-2,3,TRAIN
dc49d1ebedfdd5de7d90c0c3207c0be246959297e01a0d885af63e71d29d2656,2026-7536,Lyon,20260608,Clay,O,R32,12,J476,David Jorda Sanchis,R,31.984,258,213,S0XE,Alejo Sanchez Quilez,R,20.953,490,90,1,7-5 6-2,3,TRAIN
6e739db2ce961d8db260d7859fb3e36807136d033351fdce6363ec15b5219c1b,2026-7536,Lyon,20260608,Clay,O,R32,13,K0NT,Mickael Kaouk,R,17.785,1103,13,MW76,Matteo Martineau,R,27.392,335,153,0,6-7(4) 6-4 6-2,3,TRAIN
59b22322b83c1215d2bc9211a0f1baee6f13f286d2637020ef7092cae78a75e7,2026-7536,Lyon,20260608,Clay,O,R32,14,HB48,Calvin Hemery,R,31.359,276,193,M0HT,Alejandro Moro Canas,R,25.5,236,243,0,6-7(5) 6-3 7-6(5),3,TRAIN
c3236c0cce1e72ab9ff22309f7b4bfc1d9c8842e849a68ea7354233066901c8c,2026-7536,Lyon,20260608,Clay,O,R32,15,B0JJ,Robin Bertrand,R,23.233,286,188,S0GZ,Nikolas Sanchez Izquierdo,R,27.233,226,256,0,6-3 6-2,3,TRAIN
c3233bb138179da092a48cdc0f784c7715e5978f5b496a1aa30e592ce1409d54,2026-7536,Lyon,20260608,Clay,O,R32,16,B0BU,Florent Bax,R,26.979,256,216,F0HO,Thomas Faurel,R,20.378,318,169,0,6-7(5) 6-3 6-3,3,TRAIN
adf35407f86f00c621aac9cbe1bec867fc993b1a934fae63c2b88bf378342919,2026-7536,Lyon,20260608,Clay,O,R16,17,CG33,Kimmer Coppejans,R,32.331,212,272,M0HT,Alejandro Moro Canas,R,25.5,236,243,1,6-7(1) 6-1 6-1,3,TRAIN
cff72fbc7037191184d28da814c569a905a5526fdba8ffab85780e74b1dff2be,2026-7536,Lyon,20260608,Clay,O,R16,18,S0GZ,Nikolas Sanchez Izquierdo,R,27.233,226,256,V0DZ,Luca Van Assche,R,22.075,98,633,1,7-6(3) 1-6 6-4,3,TRAIN
89d10b6692c7835e89ca21680697ad9331b711adb7abd9962ce5a1e0cf81be30,2026-7536,Lyon,20260608,Clay,O,R16,19,B0EJ,Tristan Boyer,R,25.131,198,292,MW76,Matteo Martineau,R,27.392,335,153,1,6-3 6-3,3,TRAIN
d5651480bf6d2849b0bc9dd8700bb20bfd594392db55c6dfd6c83bb64b6ac45f,2026-7536,Lyon,20260608,Clay,O,R16,20,B0JP,Dali Blanch,R,23.261,284,188,R0FP,Daniel Rincon,L,23.417,283,189,1,6-2 6-2,3,TRAIN
3cc33fbdecc3ff09f939ab8a8dcf0f051b0255991b818e421f0cd5f09ba8fc52,2026-7536,Lyon,20260608,Clay,O,R16,21,D0CN,Miguel Damas,R,26.464,271,198,J476,David Jorda Sanchis,R,31.984,258,213,0,6-1 6-4,3,TRAIN
c0c00cd8f060c953b51be778e1c131ea380b117787530e231be825dbf16ecf68,2026-7536,Lyon,20260608,Clay,O,R16,22,GE33,Daniel Elahi Galan,R,29.971,347,148,TA29,Marco Trungelliti,R,36.35,80,758,1,6-7(12) 6-3 7-5,3,TRAIN
4b8cdc5193c6c682ad2f0e1362966a5a97cbd07870135833e79e782cf82b9839,2026-7536,Lyon,20260608,Clay,O,R16,23,B0WL,Felix Balshaw,R,19.981,412,117,MO44,Pedro Martinez,R,29.117,139,444,1,4-6 6-1 6-4,3,TRAIN
6c16df26a1832fe6c034338016c6e43fbceec429155b8472950ffee943f15d8c,2026-7536,Lyon,20260608,Clay,O,R16,24,F0HO,Thomas Faurel,R,20.378,318,169,T09X,Clement Tabur,R,26.371,190,308,0,7-5 6-4,3,TRAIN
0e29ad7f92d1a047a02a35e6a38ffcd1bf9a41812419b88381858778faabfa30,2026-7536,Lyon,20260608,Clay,O,QF,25,B0EJ,Tristan Boyer,R,25.131,198,292,S0GZ,Nikolas Sanchez Izquierdo,R,27.233,226,256,1,6-2 2-6 7-6(2),3,TRAIN
da143b77c13f75987dfa20385b50d45d47c5943f0c21ace94db596ec0c3fc5e5,2026-7536,Lyon,20260608,Clay,O,QF,26,CG33,Kimmer Coppejans,R,32.331,212,272,GE33,Daniel Elahi Galan,R,29.971,347,148,0,6-4 0-6 6-4,3,TRAIN
b139c0c2ebfea0d5a9132b2040fbebfeba196986ff045d1ec40b232a911867f8,2026-7536,Lyon,20260608,Clay,O,QF,27,B0JP,Dali Blanch,R,23.261,284,188,J476,David Jorda Sanchis,R,31.984,258,213,0,6-7(2) 6-3 6-2,3,TRAIN
1bc7b99a6bc32494bed7edc68b45da3a9ac126ce1b864cb0e05871d412f78905,2026-7536,Lyon,20260608,Clay,O,QF,28,B0WL,Felix Balshaw,R,19.981,412,117,T09X,Clement Tabur,R,26.371,190,308,1,6-2 6-4,3,TRAIN
956d112fd08bd5c35e79a424ff698806338f430716a4644fd8b0b9f587e0e755,2026-7536,Lyon,20260608,Clay,O,SF,29,B0EJ,Tristan Boyer,R,25.131,198,292,J476,David Jorda Sanchis,R,31.984,258,213,0,3-6 6-4 7-5,3,TRAIN
6bb4e46ca9f3ef86fe0513d159c4044610e853616b10c73455de4fb6e0877eaa,2026-7536,Lyon,20260608,Clay,O,SF,30,B0WL,Felix Balshaw,R,19.981,412,117,GE33,Daniel Elahi Galan,R,29.971,347,148,1,4-6 6-3 7-5,3,TRAIN
c468f61aeaf40b2ee72e325bc23f650bfe532f78e4403ddefac519764a22cfe5,2026-7536,Lyon,20260608,Clay,O,F,31,B0WL,Felix Balshaw,R,19.981,412,117,J476,David Jorda Sanchis,R,31.984,258,213,0,6-4 7-6(4),3,TRAIN
5bc6b4e4c80d79d7b690db2393ba8a13f32282ce0f1f2d7adc6f177f39fce090,2026-9003,Bratislava,20260608,Clay,O,R32,1,CH12,Jan Choinski,R,29.993,105,600,GB93,Norbert Gombos,R,35.819,365,135,1,6-3 6-4,3,TRAIN
043f081f05355b99c97520fdea104ec30e776d77ed516e248c69906609f7aa83,2026-9003,Bratislava,20260608,Clay,O,R32,2,BS86,Tomas Barrios Vera,R,28.493,138,450,KD46,Thanasi Kokkinakis,R,30.16,527,79,0,6-4 6-4,3,TRAIN
5a6abcef8985b0539c5e745b73e58060a60808d675e66c3ffc803a0a2830d1ee,2026-9003,Bratislava,20260608,Clay,O,R32,3,C0NB,Federico Cina,R,19.192,185,322,T0FI,Marko Topo,R,22.735,331,158,1,6-3 6-2,3,TRAIN
cc5c604007b7ae803344ef2a5f98ff0102e50575316cc5679ab62bb9c9a30f72,2026-9003,Bratislava,20260608,Clay,O,R32,4,SS25,Vitaliy Sachko,R,28.901,215,266,WB08,Yosuke Watanuki,R,28.156,292,185,1,6-2 7-6(4),3,TRAIN
27245af195aab82f4320bdd67ad2383e2d2dac8dc2e27c362b44364cde38ec6d,2026-9003,Bratislava,20260608,Clay,O,R32,6,B0FI,Pedro Boscardin Dias,R,23.359,241,236,N0AM,Emilio Nava,R,24.515,87,707,0,7-5 3-6 6-1,3,TRAIN
6033388745c9d2ec51b13a47ba7f0b2d1261811d4250539109288757cddd0945,2026-9003,Bratislava,20260608,Clay,O,R32,7,J380,Jason Jung,R,36.98,1095,13,KH56,Zdenek Kolar,R,29.662,162,375,0,6-3 6-1,3,TRAIN
11d4290f5e0883d9ff48ec7676af0932e35bd95b3e9aeb451a1e62746bb945d0,2026-9003,Bratislava,20260608,Clay,O,R32,8,P09O,Zsombor Piros,R,26.653,183,328,SQ80,Akira Santillan,R,29.046,309,176,1,7-6(5) 7-5,3,TRAIN
ee25d65cf240b4bb8bac15f0b9e50b9778f77c1dfae929a9897649c2abb2774d,2026-9003,Bratislava,20260608,Clay,O,R32,9,KC33,Dimitar Kuzmanov,R,32.862,357,142,T0AP,Chun-Hsin Tseng,R,24.832,245,231,0,7-6(8) 6-1,3,TRAIN
7eaff6d824914b95d8603f32d9d147a60718c1ed3d5c1dd77c75e8a961f2fef2,2026-9003,Bratislava,20260608,Clay,O,R32,10,B0OU,Hynek Barton,R,22.174,249,221,G0CV,Buvaysar Gadamauri,R,25.911,261,209,1,4-6 7-6(2) 6-1,3,TRAIN
14a5a5ba013af7fe550012f098ffa1dcae2e0c849816343d5cb90282a5c55449,2026-9003,Bratislava,20260608,Clay,O,R32,11,B0OV,Petr Brunclik,L,19.893,350,145,S0NV,Abdullah Shelbayh,L,22.56,308,176,1,7-6(2) 6-2,3,TRAIN
821ae5777b561b2cb2d7166befd2ef298d64ca3f44b5157c97f080fd4766e2c4,2026-9003,Bratislava,20260608,Clay,O,R32,12,DA81,Taro Daniel,R,33.361,293,183,S0GR,Timofey Skatov,R,25.377,175,342,1,6-3 6-3,3,TRAIN
4274ab5bb5636f27822e43beacf0acccc6e02083331446567cc012468ebc041c,2026-9003,Bratislava,20260608,Clay,O,R32,13,MF35,Andrej Martin,R,36.715,425,113,P0K4,Tiago Pereira,R,21.966,306,177,1,5-7 6-3 6-4,3,TRAIN
fe000d11df03c67b0ffcfee882f7df0b3858b5ee05f8505d00dbdea9a019c2aa,2026-9003,Bratislava,20260608,Clay,O,R32,14,K0FY,Martin Krumich,R,23.45,268,202,M0SE,Maxim Mrva,R,18.85,312,173,0,7-6(3) 6-4,3,TRAIN
c7c9d4b28187f823c47786c1f0974a3e8580965f8bada68c70ad9c8c31d35919,2026-9003,Bratislava,20260608,Clay,O,R32,15,B0GY,Alex Barrena,R,23.661,197,294,P0HP,Lukas Pokorny,R,24.274,597,63,0,6-1 6-4,3,TRAIN
a52d476d1f5e494018f4128e7ec4e39850e29daf1ceaa9f512153f5004f1a213,2026-9003,Bratislava,20260608,Clay,O,R32,16,DH46,Alexander Donski,R,27.852,538,77,R0A7,Joao Lucas Reis Da Silva,R,26.201,205,281,0,6-2 6-4,3,TRAIN
36284fdcbc51b9e7f9e07eed1245fa1b63584467c6c08f8e8983a82a7b992a9f,2026-9003,Bratislava,20260608,Clay,O,R16,17,C0NB,Federico Cina,R,19.192,185,322,CH12,Jan Choinski,R,29.993,105,600,1,6-1 7-5,3,TRAIN
824398a74b669743aa8a0eb82e96a092bce4c566060dd770cadcb5763d9ab2de,2026-9003,Bratislava,20260608,Clay,O,R16,18,KH56,Zdenek Kolar,R,29.662,162,375,P0HP,Lukas Pokorny,R,24.274,597,63,1,6-4 6-4,3,TRAIN
8a2dfadde4b496c48bcfc8a84600efe1ad7d3198779f530d9ee510536eba641c,2026-9003,Bratislava,20260608,Clay,O,R16,19,B0OV,Petr Brunclik,L,19.893,350,145,MF35,Andrej Martin,R,36.715,425,113,1,6-4 7-6(5),3,TRAIN
da841ad2be85223a8cfa18bc9eaac03fa2adafabca1b4db6010c505985eb1907,2026-9003,Bratislava,20260608,Clay,O,R16,21,B0OU,Hynek Barton,R,22.174,249,221,S0H2,Alexander Shevchenko,R,25.522,97,633,0,4-6 6-3 7-5,3,TRAIN
75575326a5db0c7b002df97cd7e5883cf25029fa02364e09785f04ab679d1897,2026-9003,Bratislava,20260608,Clay,O,R16,22,P09O,Zsombor Piros,R,26.653,183,328,R0A7,Joao Lucas Reis Da Silva,R,26.201,205,281,1,6-2 6-4,3,TRAIN
857c2712e35ea74fbb92eaed32bd3e953bce63f6acf7b70366d954360154433c,2026-9003,Bratislava,20260608,Clay,O,R16,23,M0SE,Maxim Mrva,R,18.85,312,173,T0AP,Chun-Hsin Tseng,R,24.832,245,231,1,6-3 6-4,3,TRAIN
25906ce8f3ab9671f5bb520fbf4f8204ec99cf812d31fdd61c311c1b2cc77091,2026-9003,Bratislava,20260608,Clay,O,R16,24,DA81,Taro Daniel,R,33.361,293,183,N0AM,Emilio Nava,R,24.515,87,707,1,6-1 6-3,3,TRAIN
9cf20f1d25baf1c75de3eb24c46d2b28fe81a6a698b19ece0f8be6e224e9a0ff,2026-9003,Bratislava,20260608,Clay,O,QF,25,M0SE,Maxim Mrva,R,18.85,312,173,S0H2,Alexander Shevchenko,R,25.522,97,633,0,7-6(9) 6-0,3,TRAIN
7bc35a602314fd65b89409c07b81be97c5213852ecf09a5ff7bb3a3baf8e07dd,2026-9003,Bratislava,20260608,Clay,O,QF,26,C0NB,Federico Cina,R,19.192,185,322,KH56,Zdenek Kolar,R,29.662,162,375,1,4-6 6-4 6-3,3,TRAIN
cffa6a5d42552d5025327a1e2670dab8ace7664b61c085cd4f335b777be80b24,2026-9003,Bratislava,20260608,Clay,O,QF,27,DA81,Taro Daniel,R,33.361,293,183,P09O,Zsombor Piros,R,26.653,183,328,1,6-3 6-3,3,TRAIN
6adbaa054799f9af889179c90bef9cb9ebba355b12bb6676fb72199dde40176a,2026-9003,Bratislava,20260608,Clay,O,QF,28,B0OV,Petr Brunclik,L,19.893,350,145,SS25,Vitaliy Sachko,R,28.901,215,266,0,3-6 6-3 6-2,3,TRAIN
4847dee3255c2b3a2accd3b8f75b4e46625ff8b6637243689f892613f40c3980,2026-9003,Bratislava,20260608,Clay,O,SF,29,S0H2,Alexander Shevchenko,R,25.522,97,633,SS25,Vitaliy Sachko,R,28.901,215,266,1,6-4 6-3,3,TRAIN
11eea516c423794cc60872df40dd3c5eddc1859955b42c73625e0c001b3dc63a,2026-9003,Bratislava,20260608,Clay,O,SF,30,C0NB,Federico Cina,R,19.192,185,322,DA81,Taro Daniel,R,33.361,293,183,0,7-6(6) 0-6 6-2,3,TRAIN
1a98b53103279ab5e890713ee5711c134065a9bba24cc4c1e92319a9394a0222,2026-9003,Bratislava,20260608,Clay,O,F,31,DA81,Taro Daniel,R,33.361,293,183,S0H2,Alexander Shevchenko,R,25.522,97,633,1,3-6 6-0 7-6(2),3,TRAIN
87e1a35b02eaa7c995ae660396fdee545a204bc29da6c24c946e2e2807f41cb5,2026-3117,Asuncion,20260615,Clay,O,R32,1,E0DI,Juan Estevez,R,20.728,386,129,L0LD,Samuel Alejandro Linde Palacios,R,18.639,635,56,1,6-1 6-2,3,TRAIN
67137b85d4f2a6aa14c3bc8a2bcfd13c65a66d4dda6247b6ab88db442216e2ca,2026-3117,Asuncion,20260615,Clay,O,R32,2,GB41,Juan Sebastian Gomez,,34.278,577,67,Z0DA,Carlos Maria Zarate,R,21.21,412,118,1,2-6 6-1 7-5,3,TRAIN
12c5896c5024e6aec324ecc4fa85c1e21234625a74519d0c5a8fffbc211f7e4c,2026-3117,Asuncion,20260615,Clay,O,R32,3,F0FL,Bruno Fernandez,R,21.886,604,61,H0A4,Nick Hardt,R,25.733,340,152,0,3-6 6-3 6-3,3,TRAIN
ffcbe5feb7cfe9c95722575931feaf67c89c5f2e10019e31199835d82ed2ab9c,2026-3117,Asuncion,20260615,Clay,O,R32,4,R09V,Eduardo Ribeiro,R,28.246,381,129,R0BC,Lorenzo Joaquin Rodriguez,R,26.71,459,103,1,6-1 6-2,3,TRAIN
8208604e6bc14816fa6e5cd13fb076fea84e789f7d25c75e40996b6a231e5457,2026-3117,Asuncion,20260615,Clay,O,R32,5,H0CD,Alex Hernandez,R,26.979,455,103,J0AW,Guido Ivan Justo,R,28.493,248,227,0,6-0 6-1,3,TRAIN
7b1d8e18c8fce6a2bc6ce5a671f5990daa56f16a0040e1c6b6f699bd6d2e2b72,2026-3117,Asuncion,20260615,Clay,O,R32,6,T0DM,Juan Bautista Torres,R,24.203,280,191,V821,Gonzalo Villanueva,R,31.42,397,124,0,7-5 6-7(10) 6-3,3,TRAIN
f0ee8d1edab0e7aea066aa6d9893c6f4af5c4ede65f99fa33bacb4be2bfb821a,2026-3117,Asuncion,20260615,Clay,O,R32,7,L0GR,Juan Manuel La Serna,L,22.357,286,187,MV75,Ignacio Monzon,R,28.441,712,46,1,6-3 6-4,3,TRAIN
fcd2094917b693691b3ddeed459c74802957ca5576578987a2919a9aed75ac7f,2026-3117,Asuncion,20260615,Clay,O,R32,8,N0FT,Alex Santino NuÃ±ez Vera,,,1829,2,SX91,Thiago Seyboth Wild,R,26.264,297,179,0,6-2 6-2,3,TRAIN
92eb11bf457ba3625025768dd78964a48e968c7b751ba5553f64d6d1a748ca15,2026-3117,Asuncion,20260615,Clay,O,R32,9,R0F1,Johan Alexander Rodriguez,R,22.719,546,75,S0EK,Matias Soto,R,27.135,317,171,0,7-6(4) 6-1,3,TRAIN
51ef214c7c950d6f20e9dc1befdbb500e582cd9f58dc4e625b4f7e48d9c39f55,2026-3117,Asuncion,20260615,Clay,O,R32,10,CE77,Federico Coria,R,34.267,890,26,KC29,Nicolas Kicker,R,33.829,343,152,0,7-5 6-3,3,TRAIN
3e599dfffd5a5eddc1bb1ac9bf87883ea9e3e9d01211289c648d28474bf0f7f7,2026-3117,Asuncion,20260615,Clay,O,R32,11,P0I5,Ignacio Parisca Romera,,20.819,780,37,RH59,Santiago Rodriguez Taverna,R,26.916,399,123,0,6-1 6-1,3,TRAIN
5668ede87145ee31eab01e4a8b7d7b855126d45959d2dbb7099b52a43c84bd28,2026-3117,Asuncion,20260615,Clay,O,R32,12,A0JW,Joaquin Aguilar Cardozo,R,21.185,598,62,D0IP,Gustavo Ribeiro De Almeida,R,20.156,764,38,1,6-7(4) 6-2 6-3,3,TRAIN
9940d45ccb4d87be976c9ec4407326e4c1c014a853b4c164e2baee18fff7795e,2026-3117,Asuncion,20260615,Clay,O,R32,13,A0IK,Luciano Emanuel Ambrogi,R,22.571,324,165,H0HU,Samuel Heredia,R,20.022,674,52,1,6-7(6) 6-3 6-2,3,TRAIN
02c8237d6b0c4aaacdbd00967d733bcd0fd7d2c446be94e7d16f369e4646a758,2026-3117,Asuncion,20260615,Clay,O,R32,14,CG07,Hernan Casanova,R,32.353,421,115,E09U,Hernando Jose Escurra Isnardi,R,28.504,1628,3,1,6-0 7-5,3,TRAIN
24173c325aed21c8b2960917f9b0e56e35d8483257e3f219de69d6b5f8eced95,2026-3117,Asuncion,20260615,Clay,O,R32,15,D0DK,Santiago De La Fuente,R,24.353,625,57,S0IV,Paulo Andre Saraiva Dos Santos,R,25.977,499,88,1,3-6 6-3 7-6(6),3,TRAIN
f72f1ad7595139e25285fa53bc0b8478753c1af6f859ce465061c7cd62fa7ce2,2026-3117,Asuncion,20260615,Clay,O,R32,16,HG90,Conner Huertas del Pino,R,30.486,766,38,Z0CO,Maximo Zeitune,R,20.367,642,55,1,6-4 6-1,3,TRAIN
2577fd2bac8d63b465002a5a93e3aeb6620f79f775aa3b114c4b229f56c22e29,2026-3117,Asuncion,20260615,Clay,O,R16,17,GB41,Juan Sebastian Gomez,,34.278,577,67,J0AW,Guido Ivan Justo,R,28.493,248,227,0,6-1 6-1,3,TRAIN
068a96c9c21ab84d8c5d51c79700d27e0a485af130535e5d56aab1b7b9593386,2026-3117,Asuncion,20260615,Clay,O,R16,18,L0GR,Juan Manuel La Serna,L,22.357,286,187,R09V,Eduardo Ribeiro,R,28.246,381,129,1,6-3 7-6(5),3,TRAIN
9b9222760c314efa2ed5be5bd2b8e4f762ec0edb76f91761cc955006bd27c0d9,2026-3117,Asuncion,20260615,Clay,O,R16,19,H0A4,Nick Hardt,R,25.733,340,152,SX91,Thiago Seyboth Wild,R,26.264,297,179,1,6-4 3-6 7-5,3,TRAIN
a926c9bd114e039df48a27be29ddee26607173f4c974427e341734ed90b53481,2026-3117,Asuncion,20260615,Clay,O,R16,20,D0DK,Santiago De La Fuente,R,24.353,625,57,S0EK,Matias Soto,R,27.135,317,171,0,6-2 2-6 7-5,3,TRAIN
1e73f08c77f86e583aa5617b359923babe43f9f2c9117bb2643dbe0f6e0f9c61,2026-3117,Asuncion,20260615,Clay,O,R16,21,HG90,Conner Huertas del Pino,R,30.486,766,38,KC29,Nicolas Kicker,R,33.829,343,152,1,6-4 7-6(0),3,TRAIN
4dc8b0bb635b0897441dd492591494ef2d0bef233734465cb65d370d4fe34e05,2026-3117,Asuncion,20260615,Clay,O,R16,22,A0IK,Luciano Emanuel Ambrogi,R,22.571,324,165,RH59,Santiago Rodriguez Taverna,R,26.916,399,123,1,6-4 6-4,3,TRAIN
09af4b6928815545191fc00c98ce389751f7f3d4e7a9c42391f144554555697c,2026-3117,Asuncion,20260615,Clay,O,R16,23,CG07,Hernan Casanova,R,32.353,421,115,E0DI,Juan Estevez,R,20.728,386,129,0,6-3 6-1,3,TRAIN
56374d9c79618336bff61f07701df2f40f1f0ee0652db97917a8ef889ce20f15,2026-3117,Asuncion,20260615,Clay,O,R16,24,A0JW,Joaquin Aguilar Cardozo,R,21.185,598,62,V821,Gonzalo Villanueva,R,31.42,397,124,0,6-0 7-5,3,TRAIN
40ab994b769e05506b7d274aff6f547397ba4025dd8318a373cfacc2bc773a39,2026-3117,Asuncion,20260615,Clay,O,QF,25,A0IK,Luciano Emanuel Ambrogi,R,22.571,324,165,J0AW,Guido Ivan Justo,R,28.493,248,227,0,6-3 6-0,3,TRAIN
bcf88e2ed9832316b9302d0588840033031429f93ebe2eefe278e7c677487e30,2026-3117,Asuncion,20260615,Clay,O,QF,26,H0A4,Nick Hardt,R,25.733,340,152,S0EK,Matias Soto,R,27.135,317,171,1,3-6 6-1 6-0,3,TRAIN
b439acb5fdf83cf6567b7cc894cce7254409eaec1c61bf74f8e13d02d096f45e,2026-3117,Asuncion,20260615,Clay,O,QF,27,HG90,Conner Huertas del Pino,R,30.486,766,38,L0GR,Juan Manuel La Serna,L,22.357,286,187,1,6-4 7-5,3,TRAIN
153c4a5542b910b110404b64c73593348e88cd51a2610c25de880547defe4702,2026-3117,Asuncion,20260615,Clay,O,QF,28,E0DI,Juan Estevez,R,20.728,386,129,V821,Gonzalo Villanueva,R,31.42,397,124,1,6-2 6-3,3,TRAIN
2fc21b08320fc15bb2308985df604a3d991dab8855780354fd59421864225509,2026-3117,Asuncion,20260615,Clay,O,SF,29,H0A4,Nick Hardt,R,25.733,340,152,J0AW,Guido Ivan Justo,R,28.493,248,227,1,6-2 7-6(11),3,TRAIN
5d0fa4f7d6d35275a7ba9dbeb7627040ef48af21909f833eef27404cb39f8a8c,2026-3117,Asuncion,20260615,Clay,O,SF,30,E0DI,Juan Estevez,R,20.728,386,129,HG90,Conner Huertas del Pino,R,30.486,766,38,1,4-6 7-5 6-4,3,TRAIN
2873af14f4e1ea114d0f476deeb8568b4171de25c6e4f193ed2bfd1ec5d0b9fc,2026-3117,Asuncion,20260615,Clay,O,F,31,E0DI,Juan Estevez,R,20.728,386,129,H0A4,Nick Hardt,R,25.733,340,152,0,7-6(0) 4-6 6-2,3,TRAIN
4827bc555869778e5750bb48b54647d1b5b8308070e47eb1c75169c2ac47b245,2026-4942,Royan,20260615,Clay,O,R32,1,M0HT,Alejandro Moro Canas,R,25.52,233,244,S0CG,Carlos Sanchez Jover,L,25.9,371,133,0,1-6 7-6(2) 6-4,3,TRAIN
0521908a251c627305b030f7aab5bda2308daf94b925776a6b9793cf97eea655,2026-4942,Royan,20260615,Clay,O,R32,2,F0F4,Kilian Feldbausch,R,20.769,290,185,LC12,Laurent Lokoli,R,31.658,473,97,1,6-2 6-4,3,TRAIN
e370267e770bf15dcf6ec55b321af660f8ef7eef78d2d49afd8a2637c358ccd2,2026-4942,Royan,20260615,Clay,O,R32,3,F0HO,Thomas Faurel,R,20.397,310,174,M0UR,Ognjen Milic,L,18.982,359,140,1,6-4 6-4,3,TRAIN
956ab2c5521b1f8676270bce00a9376f2451c1a3f1a0ba9f2f02d2e448cc8c9a,2026-4942,Royan,20260615,Clay,O,R32,4,D0DB,Pierre Delage,R,25.394,737,42,G0J9,Svyatoslav Gulin,R,23.529,484,92,0,6-1 3-6 6-1,3,TRAIN
29310618d460b5eb93cea5d79f8cb9852c5a3a5b2fc4219375d7f07fc7e6b624,2026-4942,Royan,20260615,Clay,O,R32,6,A0EA,Max Alcala Gurri,R,23.759,272,194,S0Y0,Andres Santamarta Roig,R,19.392,761,39,1,7-5 6-1,3,TRAIN
2e2e33670c85e75651531d40b9feb872b4f2375033e6291a91327ffe2f34a994,2026-4942,Royan,20260615,Clay,O,R32,7,B0JJ,Robin Bertrand,R,23.253,284,188,P0MG,Raphael Perot,R,24.958,410,119,0,7-6(7) 7-5,3,TRAIN
fb983fae3fff0bf8a21e4d113e430492f8830be182ccf6790202c4266fbb0b85,2026-4942,Royan,20260615,Clay,O,R32,8,J0EM,Daniel Jade,,17.248,776,37,Z350,Michael Zhu,R,33.84,887,27,1,4-6 6-2 6-3,3,TRAIN
488d4cf3d298222b5deba2e0d44ee30eb565e2c4093f3a65f5c21d750d77d476,2026-4942,Royan,20260615,Clay,O,R32,9,E0AA,Yanki Erel,L,25.719,338,153,T0K1,Ryo Tabata,R,18.439,1023,17,0,6-7(3) 6-3 7-6(4),3,TRAIN
5cd4599afd27ea363d4be5ae13dc045e959fa9094467a4e721525ff25cc78b35,2026-4942,Royan,20260615,Clay,O,R32,10,B0QC,Gilles Arnaud Bailly,R,20.736,215,270,PJ74,Lucas Poullain,R,30.527,423,114,1,7-5 6-2,3,TRAIN
5b7e7db9250de7e4c7e2c178010eebb1d463a8432dbeee4c1acd3a90da6af478,2026-4942,Royan,20260615,Clay,O,R32,11,K09F,Pavel Kotov,R,27.573,251,222,R0BF,Franco Ribero,R,26.765,725,44,1,6-7(3) 6-3 6-0,3,TRAIN
4740cc5b0e639b69f3f0dea215650249d6daf1bebdb643ceab8ac054d70ee649,2026-4942,Royan,20260615,Clay,O,R32,12,C0MH,Gerard Campana Lee,R,21.703,636,56,H0BF,Philip Henning,R,25.593,252,219,1,4-6 6-3 7-6(3),3,TRAIN
1f7cf968ace82e22705bb8b7d30737a9c4dbdedd1021c7e2b18667311204d6ab,2026-4942,Royan,20260615,Clay,O,R32,13,B0WL,Felix Balshaw,R,20.0,322,167,C0HB,Eliakim Coulibaly,L,24.112,311,174,1,6-1 3-6 6-1,3,TRAIN
cbc62e3b2f471a266f1d7a30d2575540acf296561f2f1adb966b0df4b2c8032b,2026-4942,Royan,20260615,Clay,O,R32,14,D0LY,Emilien Demanet,R,21.139,615,59,J620,Maxime Janvier,R,29.656,567,69,1,6-4 6-1,3,TRAIN
b01febd0b31bdac10e189eb2423deb12324cd536fdf11243709176f8e9a67a4d,2026-4942,Royan,20260615,Clay,O,R32,15,D0JI,Manas Dhamne,R,18.461,378,130,R0HQ,Leo Raquillet,R,20.695,699,47,0,7-5 2-6 6-3,3,TRAIN
6576e9a49248867d61fddfa8b74a7794c24b8cbbfdb600d45ffd0d9af79361cf,2026-4942,Royan,20260615,Clay,O,R32,16,BU54,Geoffrey Blancaneaux,R,27.852,387,129,R0KE,Cosme Rolland De Ravel,R,22.001,1180,10,0,2-6 6-3 6-3,3,TRAIN
adeeb102b2e2bb067f1d8a8652dd5f30f47f6e89d20c2714b8a4ceeaa5cdba1e,2026-4942,Royan,20260615,Clay,O,R16,17,B0QC,Gilles Arnaud Bailly,R,20.736,215,270,R0KE,Cosme Rolland De Ravel,R,22.001,1180,10,0,4-6 6-3 6-3,3,TRAIN
88c3a9d60b34a54ddf604fab3909267c0fc7f710533727bfcb121bfb0748fdf2,2026-4942,Royan,20260615,Clay,O,R16,18,A0EA,Max Alcala Gurri,R,23.759,272,194,T0K1,Ryo Tabata,R,18.439,1023,17,1,6-2 6-2,3,TRAIN
ba798adc84fc4432c1912fc03bc305c2f1ed4df3c5a63ab98f9c39696a8bade2,2026-4942,Royan,20260615,Clay,O,R16,19,J0EM,Daniel Jade,,17.248,776,37,P0MG,Raphael Perot,R,24.958,410,119,0,6-1 6-0,3,TRAIN
5ddbc4ce4b3be882a4ea8b2228de6ed42ac16706c20c1703a6146e343fc0dbdf,2026-4942,Royan,20260615,Clay,O,R16,20,D0LY,Emilien Demanet,R,21.139,615,59,S0CG,Carlos Sanchez Jover,L,25.9,371,133,0,5-7 7-6(3) 6-4,3,TRAIN
f499a997e1e123cd545410080531ccadfe63bf9392990c4fdc15d45243724369,2026-4942,Royan,20260615,Clay,O,R16,22,F0F4,Kilian Feldbausch,R,20.769,290,185,G0J9,Svyatoslav Gulin,R,23.529,484,92,1,6-4 6-3,3,TRAIN
573641ba5bf2aa731fe078b9ccb73ecaff7c768da9c455cc775887767d9a1cdd,2026-4942,Royan,20260615,Clay,O,R16,23,C0MH,Gerard Campana Lee,R,21.703,636,56,F0HO,Thomas Faurel,R,20.397,310,174,1,7-5 6-4,3,TRAIN
c813b42fbe8c6b3232d63b2cbffcf6df2b1548bc54a234d48557dc8ee37c9894,2026-4942,Royan,20260615,Clay,O,R16,24,B0WL,Felix Balshaw,R,20.0,322,167,R0HP,Lucio Ratti,R,22.382,427,113,0,7-6(8) 2-6 6-1,3,TRAIN
5d19aa36cdb5f35f674bc582c61217a8ffd10817c180c74db4e5c79ee099e860,2026-4942,Royan,20260615,Clay,O,QF,25,C0MH,Gerard Campana Lee,R,21.703,636,56,R0HP,Lucio Ratti,R,22.382,427,113,0,6-3 6-2,3,TRAIN
9a802f94bff9f7ef872619d28a264008cefce0550153bc1437c31b5a7a14555c,2026-4942,Royan,20260615,Clay,O,QF,26,P0MG,Raphael Perot,R,24.958,410,119,R0KE,Cosme Rolland De Ravel,R,22.001,1180,10,0,6-3 6-4,3,TRAIN
ea6a86bebd63741b7c947cd2c5b6f6dffebe1c7dc6360a1b9fc7b35f2d0d17a4,2026-4942,Royan,20260615,Clay,O,QF,27,A0EA,Max Alcala Gurri,R,23.759,272,194,S0CG,Carlos Sanchez Jover,L,25.9,371,133,1,6-2 6-7(3) 7-5,3,TRAIN
520206fa9ac8d6601d47784f0a1e6efcf196f7c3c8424458ae04074c559af518,2026-4942,Royan,20260615,Clay,O,QF,28,F0F4,Kilian Feldbausch,R,20.769,290,185,R0HQ,Leo Raquillet,R,20.695,699,47,1,6-4 6-2,3,TRAIN
1069bc0bac3ddec6f3cdb75695c3db36f970627c64c588bd7340818417f8c002,2026-4942,Royan,20260615,Clay,O,SF,29,A0EA,Max Alcala Gurri,R,23.759,272,194,F0F4,Kilian Feldbausch,R,20.769,290,185,1,6-3 6-2,3,TRAIN
7a352fa8a7f83fa6b681f5ba9622c35fb5d55149888b0e692e954dffa1e2f7b8,2026-4942,Royan,20260615,Clay,O,SF,30,R0HP,Lucio Ratti,R,22.382,427,113,R0KE,Cosme Rolland De Ravel,R,22.001,1180,10,0,6-1 7-6(5),3,TRAIN
0234401b503f3078def9c43578f2ecb2ea125e80b4f504464288d10428c654d4,2026-4942,Royan,20260615,Clay,O,F,31,A0EA,Max Alcala Gurri,R,23.759,272,194,R0KE,Cosme Rolland De Ravel,R,22.001,1180,10,1,7-6(4) 6-1,3,TRAIN
f481d2fb12ac89352b7b31d416892d9fa24dfbe97e6fdf27991a3a8d6cc8fdf3,2026-786,Poznan,20260615,Clay,O,R32,2,A0CJ,Duje Ajdukovic,R,25.355,282,188,S0GD,Dalibor Svrcina,R,23.702,110,575,0,6-3 6-3,3,TRAIN
ef1acfe73e5e54bd1deb8e4512f02ccccf18e19b92b477bcdcec085aa042657d,2026-786,Poznan,20260615,Clay,O,R32,3,D0CG,Facundo Diaz Acosta,L,25.498,127,481,R0BT,Franco Roncadelli,L,26.355,226,255,1,6-2 7-5,3,TRAIN
26679ee27b7ea9298d642b6246fc09d6b376e06c4b06be301da24e4da98fb5fd,2026-786,Poznan,20260615,Clay,O,R32,4,O660,Genaro Alberto Olivieri,R,27.863,202,285,R0ED,Max Hans Rehberg,R,22.754,526,80,1,3-6 6-3 6-4,3,TRAIN
8e79c438ea8b653c30f06291a55c1f622798f9ba55a905e8d316d331e77d3a3c,2026-786,Poznan,20260615,Clay,O,R32,5,B0FI,Pedro Boscardin Dias,R,23.379,241,234,CH12,Jan Choinski,R,30.012,106,600,0,7-5 6-0,3,TRAIN
22b07d1975834b4f84e0fde93e2be182e820c3cc5c881e0acd9be66104e89c8d,2026-786,Poznan,20260615,Clay,O,R32,6,B0C5,Florian Broska,R,28.452,382,129,N0CS,Lukas Neumayer,R,23.773,165,353,1,3-6 6-1 6-4,3,TRAIN
cfcc26fb1e8508856ac29d9f8d59d958f0a707413301d7c72be8b4fdaf91428d,2026-786,Poznan,20260615,Clay,O,R32,7,B0OU,Hynek Barton,R,22.193,247,228,CG33,Kimmer Coppejans,R,32.35,221,261,1,6-4 6-2,3,TRAIN
a468a1e5546865693d93663158719e799968a622ac6b9029bbdec3abb0d38dc6,2026-786,Poznan,20260615,Clay,O,R32,8,R0JW,Michele Ribecai,R,23.359,283,188,S0AK,Henri Squire,R,25.714,235,238,1,6-4 6-1,3,TRAIN
674bf179eb5d967aa1f1c92ae52aeadacafc30347e135e44b5637b47107123f7,2026-786,Poznan,20260615,Clay,O,R32,9,GA79,Lorenzo Giustino,R,34.762,210,274,K0HC,Maks Kasnikowski,R,22.943,279,191,0,6-4 7-6(1),3,TRAIN
8b2f4f36cf6eefa6df4198075f7df3b09557833ea93c2ee2dabe9370b390da94,2026-786,Poznan,20260615,Clay,O,R32,10,B0GR,Gonzalo Bueno,R,22.198,183,333,B0P4,Tomasz Berkieta,R,19.901,512,84,1,7-6(4) 6-3,3,TRAIN
c86026d4268c8cbdb9d9e468dd9b9b89e4f21a0b94c01be5a3d5f1b9557597f0,2026-786,Poznan,20260615,Clay,O,R32,11,H0DU,Gustavo Heide,R,24.293,187,330,M0E1,Daniel Michalski,R,26.426,303,177,1,6-2 6-2,3,TRAIN
6f388aef3bd4862ff0359b2ca7c3ddee00a4bfd9ee7ce8446ac1e64853d594ef,2026-786,Poznan,20260615,Clay,O,R32,12,K0HG,Milos Karol,R,23.504,461,102,R0A7,Joao Lucas Reis Da Silva,R,26.22,237,238,0,6-3 5-7 6-3,3,TRAIN
fb1ee8b7f8d2c768a9fe80c62404d5160431979a2fa8ebe916b966572aabde32,2026-786,Poznan,20260615,Clay,O,R32,13,E0AC,Mathys Erhard,R,24.635,379,130,SN54,Frederico Ferreira Silva,L,31.244,232,245,0,6-4 6-3,3,TRAIN
cc88f21c3d493fc3925e858749baab15e8176537293f8f348548b4ddfd42227e,2026-786,Poznan,20260615,Clay,O,R32,14,GB93,Norbert Gombos,R,35.838,373,131,W0BU,Olle Wallin,R,24.646,432,112,1,6-4 6-4,3,TRAIN
d9e9086bd566b120507a1fb509fc498d22ead2ecbc5f0dbc9e31d3762fea5dd4,2026-786,Poznan,20260615,Clay,O,R32,15,K0FY,Martin Krumich,R,23.469,268,202,W0F8,Alan Wazny,R,19.031,1032,17,1,3-6 7-5 7-6(4),3,TRAIN
e18ec812ff12762f6566f0aca17e28cb750e323ef136ddaaf93302416d1633e7,2026-786,Poznan,20260615,Clay,O,R32,16,M0SE,Maxim Mrva,R,18.869,287,187,SQ80,Akira Santillan,R,29.065,306,176,1,6-3 6-2,3,TRAIN
697d84e4d091ca35d52a3fbf6df45f581d543e9e50313653cfec6030df5fc2e8,2026-786,Poznan,20260615,Clay,O,R16,17,B0GR,Gonzalo Bueno,R,22.198,183,333,SN54,Frederico Ferreira Silva,L,31.244,232,245,1,6-4 6-3,3,TRAIN
69f74e2049ce110ca277470788fb314c6f44add362ed2a88313dca3e764ea25f,2026-786,Poznan,20260615,Clay,O,R16,18,CH12,Jan Choinski,R,30.012,106,600,K0HC,Maks Kasnikowski,R,22.943,279,191,1,6-4 2-6 6-3,3,TRAIN
e8aa74de6719a67df2728c83d85ee078e2a22ccb4abfec9c0c0ae8d6a19d5742,2026-786,Poznan,20260615,Clay,O,R16,19,GB93,Norbert Gombos,R,35.838,373,131,S0GD,Dalibor Svrcina,R,23.702,110,575,0,6-4 6-2,3,TRAIN
81bfd36ea87d082985d487bfbfcd605d6d3526b299bcf97d0935fe96f211b7e7,2026-786,Poznan,20260615,Clay,O,R16,20,B0OU,Hynek Barton,R,22.193,247,228,D0CG,Facundo Diaz Acosta,L,25.498,127,481,0,6-3 7-5,3,TRAIN
6d4b894dc59c9a26c5b085a99c97d52f2e97fb12a13d8dd99e4a22808cf77bc2,2026-786,Poznan,20260615,Clay,O,R16,21,O660,Genaro Alberto Olivieri,R,27.863,202,285,R0JW,Michele Ribecai,R,23.359,283,188,0,7-6(5) 6-2,3,TRAIN
6181ee30c74b39ce0e1a60cd489c51101f5487aa4fd9aba4ab498c901142089f,2026-786,Poznan,20260615,Clay,O,R16,22,K0FY,Martin Krumich,R,23.469,268,202,R0A7,Joao Lucas Reis Da Silva,R,26.22,237,238,0,7-5 6-0,3,TRAIN
609855d292b39b0846e852e4a8d1cbf3cc225ada1efa5578bd9316dac8a5061f,2026-786,Poznan,20260615,Clay,O,R16,24,H0DU,Gustavo Heide,R,24.293,187,330,M0SE,Maxim Mrva,R,18.869,287,187,1,6-3 6-3,3,TRAIN
c332891cf7eb58449f6590f4c1a63bf4169abe76569e6c26912ade630bd8081d,2026-786,Poznan,20260615,Clay,O,QF,25,B0GR,Gonzalo Bueno,R,22.198,183,333,S0GD,Dalibor Svrcina,R,23.702,110,575,0,6-2 6-3,3,TRAIN
f9bce27d9112ec011f391aa61648b1d17be1983ca7e52c478717161c86cfee72,2026-786,Poznan,20260615,Clay,O,QF,26,B0C5,Florian Broska,R,28.452,382,129,D0CG,Facundo Diaz Acosta,L,25.498,127,481,0,6-3 4-6 7-6(3),3,TRAIN
1065c419cc5e7b26ef97ca2a9f1cefe26bef578487871d9704ed3f6b1a25a848,2026-786,Poznan,20260615,Clay,O,QF,27,R0A7,Joao Lucas Reis Da Silva,R,26.22,237,238,R0JW,Michele Ribecai,R,23.359,283,188,0,6-4 6-0,3,TRAIN
860a05e0bdf398d7dca907b689a003fad7b83d01c829ebc0d3aaf70d4a1fe557,2026-786,Poznan,20260615,Clay,O,QF,28,CH12,Jan Choinski,R,30.012,106,600,H0DU,Gustavo Heide,R,24.293,187,330,0,7-6(5) 3-6 6-4,3,TRAIN
6357364e0950a07f05bada77fa65c5e10a599f12928b7aed61a732790cbcd439,2026-786,Poznan,20260615,Clay,O,SF,29,D0CG,Facundo Diaz Acosta,L,25.498,127,481,R0JW,Michele Ribecai,R,23.359,283,188,1,2-6 6-1 6-4,3,TRAIN
32d3e0b99eb8f9203160da2e1c19c634c32ee185e0e26f99e5025614bc4bd48e,2026-786,Poznan,20260615,Clay,O,SF,30,H0DU,Gustavo Heide,R,24.293,187,330,S0GD,Dalibor Svrcina,R,23.702,110,575,1,2-6 7-5 6-2,3,TRAIN
bbab6c74db98e8ead0b8df6c0b13a015299bb82d85db47725547fe1e9693a913,2026-786,Poznan,20260615,Clay,O,F,31,D0CG,Facundo Diaz Acosta,L,25.498,127,481,H0DU,Gustavo Heide,R,24.293,187,330,0,6-2 6-2,3,TRAIN
358942c82b9e9f00e1a1207c0d6aecb3000faf3d826a2551a7b27c4830146d69,2026-9835,Parma,20260615,Clay,O,R32,1,AA27,Franco Agamenone,R,33.166,264,205,N679,Stefano Napolitano,R,31.179,245,230,0,6-3 3-6 7-6(7),3,TRAIN
9bbd5d5c0f1fc583a6e2a08c1d6fe73c0940b6cfabca8bee888f4bf929b7f512,2026-9835,Parma,20260615,Clay,O,R32,2,S0GZ,Nikolas Sanchez Izquierdo,R,27.253,216,266,V0DZ,Luca Van Assche,R,22.094,100,626,0,6-3 3-6 6-3,3,TRAIN
0975e9c13d90d973ef958c5d61a0d68a27b54a96a4a16dc1a0350130d17c54b9,2026-9835,Parma,20260615,Clay,O,R32,3,BV24,Raul Brancaccio,R,29.114,236,238,O513,Sebastian Ofner,R,30.092,123,518,0,6-3 6-4,3,TRAIN
019bdd78e21b27323d7430bc3ea6079fea2a1317d8efcf8b2521d8b4e7aada73,2026-9835,Parma,20260615,Clay,O,R32,4,D923,Damir Dzumhur,R,34.07,105,604,G0CV,Buvaysar Gadamauri,R,25.93,260,210,0,6-4 6-4,3,TRAIN
03221ca4b5a0e2e957e4e33d3e87a698079ef86bfd9e67137e637c9935637abf,2026-9835,Parma,20260615,Clay,O,R32,5,B0LQ,Petr Bar Biryukov,L,24.293,274,194,TA12,Stefano Travaglia,R,34.464,132,462,0,7-6(5) 6-3,3,TRAIN
a0da98078e4444051556ea5b21d7a3bbd524bca3db8e679c5961bc73077a3ca4,2026-9835,Parma,20260615,Clay,O,R32,6,P0CT,Francesco Passaro,R,25.435,178,339,RB60,Oriol Roca Batalla,R,33.125,320,169,0,6-4 6-0,3,TRAIN
84dd7f5cf271693437159339574a5a43ecc1699fa2856821356468eb1b52f137,2026-9835,Parma,20260615,Clay,O,R32,7,C0LK,Carlo Alberto Caniato,R,20.621,351,145,CF01,Marco Cecchinato,R,33.706,167,351,0,4-6 6-3 6-4,3,TRAIN
5120b66cd1d502fe2628d8101a3e74352efbbbdfe08e16aeb2f30e031775f99b,2026-9835,Parma,20260615,Clay,O,R32,8,B0PE,Federico Bondioli,L,21.081,355,144,G0DH,Alvaro Guillen Meza,R,23.45,266,204,1,5-7 7-5 7-6(4),3,TRAIN
fa214a9484d555fa99ba29e0f476cc714913af757df2f167aa6275a0888cd51f,2026-9835,Parma,20260615,Clay,O,R32,9,CF59,Roberto Carballes Baena,R,33.229,172,344,D0CN,Miguel Damas,R,26.483,269,202,1,6-2 6-3,3,TRAIN
df3d4e98090d57b5d99704afbb811432af7026b5e160671f85d9998514745bbc,2026-9835,Parma,20260615,Clay,O,R32,10,GE33,Daniel Elahi Galan,R,29.99,312,173,P09O,Zsombor Piros,R,26.672,175,342,1,6-2 3-6 6-3,3,TRAIN
9a7c23509d30447a85e2e8b05628d7d9f9e14fe53d34688b9c07a7bc1dc32f24,2026-9835,Parma,20260615,Clay,O,R32,11,S0DL,Ryan Seggerman,R,26.858,750,40,W09T,Luca Wiedenmann,R,28.131,630,56,1,6-2 6-1,3,TRAIN
5a707f09e7999b239d6d9fc27cb41fcaea72c4832b41414cb6703f8235c4b067,2026-9835,Parma,20260615,Clay,O,R32,12,M0R4,Juan Cruz Martin Manzano,L,21.498,506,86,T0AP,Chun-Hsin Tseng,R,24.851,234,238,0,6-4 6-0,3,TRAIN
3aa29239c7a1348183c1dc61778cc92c21a5d15cfa444c7e32fa3414b098d5f3,2026-9835,Parma,20260615,Clay,O,R32,13,D0C1,Jesper de Jong,R,26.04,72,821,DB63,Laslo Djere,R,31.036,225,256,0,6-3 7-5,3,TRAIN
9eea686cd09d73eb40817e2af708fcb89c9be506699770476a4a9cc7c91714c4,2026-9835,Parma,20260615,Clay,O,R32,14,MO44,Pedro Martinez,R,29.136,136,451,R0FP,Daniel Rincon,L,23.436,271,196,0,7-6(5) 7-6(5),3,TRAIN
ec957c0a5575e01cd4806e85f5a6e4b40bbf312a04ce8691cb34fa03c87d6252,2026-9835,Parma,20260615,Clay,O,R32,15,DG80,Enrico Dalla Valle,R,28.235,377,130,WB19,Alexander Weis,R,29.142,640,55,1,6-2 6-3,3,TRAIN
59f6089368e0df9d1938a78729de4436a90e70c0c43ab989c63a1597ba9c7ee1,2026-9835,Parma,20260615,Clay,O,R32,16,S0O6,Ilia Simakin,R,22.634,299,177,V0J1,Jacopo Vasami,L,18.489,345,151,0,6-3 6-4,3,TRAIN
fa49d37efbfe3c2068933211d9d193d13e6f857d9d4a2c681555fdf8a3e329e2,2026-9835,Parma,20260615,Clay,O,R16,17,DG80,Enrico Dalla Valle,R,28.235,377,130,O513,Sebastian Ofner,R,30.092,123,518,0,6-2 7-5,3,TRAIN
dd2f333c6ccec7b04b72db03538cd5877d26a375e221de7c3365d912f87387f0,2026-9835,Parma,20260615,Clay,O,R16,18,CF59,Roberto Carballes Baena,R,33.229,172,344,TA12,Stefano Travaglia,R,34.464,132,462,1,6-1 6-7(5) 6-3,3,TRAIN
3e04e5a3f2c02e24e59016991ea88ffe95355a7ce2e83495e3e28e33fba275b1,2026-9835,Parma,20260615,Clay,O,R16,19,B0PE,Federico Bondioli,L,21.081,355,144,CF01,Marco Cecchinato,R,33.706,167,351,0,6-2 6-3,3,TRAIN
f57b183a8c442e6ead822fabf83aa3420b218c89308bc783fa87dde7ab6cac47,2026-9835,Parma,20260615,Clay,O,R16,20,DB63,Laslo Djere,R,31.036,225,256,S0DL,Ryan Seggerman,R,26.858,750,40,1,4-6 6-1 7-6(4),3,TRAIN
d5004cbe3e8a544b80ee86f5085c302065dd28d0832420ebb2bd31d48ed48c7c,2026-9835,Parma,20260615,Clay,O,R16,21,RB60,Oriol Roca Batalla,R,33.125,320,169,T0AP,Chun-Hsin Tseng,R,24.851,234,238,0,6-2 7-6(1),3,TRAIN
72585660cd1abaa4740595d49fd904f7aaad03664795771ea9b693459408a52c,2026-9835,Parma,20260615,Clay,O,R16,22,GE33,Daniel Elahi Galan,R,29.99,312,173,V0DZ,Luca Van Assche,R,22.094,100,626,0,6-1 6-3,3,TRAIN
ba44cbfaf6a7bccd80c900f40439728aa944f8da0217c9ac920d2163c59fdbf2,2026-9835,Parma,20260615,Clay,O,R16,23,G0CV,Buvaysar Gadamauri,R,25.93,260,210,V0J1,Jacopo Vasami,L,18.489,345,151,1,6-4 7-6(1),3,TRAIN
107ee2df98cfc828851b5699a74f2570cff555478e7eae8304fa3bdc12cd6e65,2026-9835,Parma,20260615,Clay,O,QF,25,CF59,Roberto Carballes Baena,R,33.229,172,344,O513,Sebastian Ofner,R,30.092,123,518,0,4-6 6-3 6-3,3,TRAIN
e6bbbcaae3dbf898b5b7afa8d4cc0114858412db3ca6baba673608723b501c86,2026-9835,Parma,20260615,Clay,O,QF,26,CF01,Marco Cecchinato,R,33.706,167,351,V0DZ,Luca Van Assche,R,22.094,100,626,0,3-6 6-0 6-1,3,TRAIN
612f1ebc3aec16f19d18e426c074f90dbe89ae186302cf41561400866b497d3d,2026-9835,Parma,20260615,Clay,O,QF,27,DB63,Laslo Djere,R,31.036,225,256,T0AP,Chun-Hsin Tseng,R,24.851,234,238,1,6-3 4-6 6-4,3,TRAIN
c1344ed3f510c28c385d360619e994a75b2a05da4093dac91cd3a65b6037026a,2026-9835,Parma,20260615,Clay,O,QF,28,G0CV,Buvaysar Gadamauri,R,25.93,260,210,R0FP,Daniel Rincon,L,23.436,271,196,0,6-7(3) 6-3 6-1,3,TRAIN
cde9ea09fafbfaf146f11cdcd3c96f6c06e584817e6d1cefa6d84296f1c8ccce,2026-9835,Parma,20260615,Clay,O,SF,29,R0FP,Daniel Rincon,L,23.436,271,196,V0DZ,Luca Van Assche,R,22.094,100,626,0,6-3 6-0,3,TRAIN
5467af04fb5478f8f64c69396c68b682925e1bbd73ec521b2c731b2799984148,2026-9835,Parma,20260615,Clay,O,SF,30,DB63,Laslo Djere,R,31.036,225,256,O513,Sebastian Ofner,R,30.092,123,518,0,7-6(4) 6-7(5) 6-3,3,TRAIN
c07a761c878de3d9fbe15b6f1a10bac1b65e5464ca4fd115c7b5465ae1c20884,2026-9835,Parma,20260615,Clay,O,F,31,O513,Sebastian Ofner,R,30.092,123,518,V0DZ,Luca Van Assche,R,22.094,100,626,0,2-6 6-2 6-3,3,TRAIN
468044ec5518681a64e89b825e8e517fe12dc45ceefff9fa43e25f67bb4692ee,2026-2835,Piracicaba,20260622,Clay,O,R32,1,H0CD,Alex Hernandez,R,26.998,422,114,T0DM,Juan Bautista Torres,R,24.222,281,190,0,3-6 6-2 6-0,3,TRAIN
5eb0366ce7c5c4f44dc54c50129a9390aa698b4688362a2cbff1f55432e3c0cb,2026-2835,Piracicaba,20260622,Clay,O,R32,2,MV75,Ignacio Monzon,R,28.46,695,48,S0EK,Matias Soto,R,27.154,300,179,0,6-3 6-1,3,TRAIN
7f940d7228c69f7e5d0e4ead794a14b3e4d8d89456cbf60c75f8c01a24fe4a2b,2026-2835,Piracicaba,20260622,Clay,O,R32,3,A0IK,Luciano Emanuel Ambrogi,R,22.59,323,169,P0DF,Matheus Pucinelli De Almeida,R,25.224,409,119,0,6-7(3) 6-3 6-1,3,TRAIN
0eaa783ec6be682bfb3437dc7850fdf73751cb0b5b002da3dc318eedb6c36cfb,2026-2835,Piracicaba,20260622,Clay,O,R32,4,CG07,Hernan Casanova,R,32.372,406,119,R09V,Eduardo Ribeiro,R,28.266,376,133,1,7-5 6-2,3,TRAIN
c8cd8a012c3b3c8d1abbea926a6d5af6c57d05db13345a440b532243bae701dc,2026-2835,Piracicaba,20260622,Clay,O,R32,5,V0F6,Nicolas Villalon,R,22.333,664,53,V821,Gonzalo Villanueva,R,31.439,397,124,0,1-6 6-3 6-1,3,TRAIN
a298cbced3ccbd551d7aeae3cbca7e71182e6ef89e8a6dfd206418b1ea141190,2026-2835,Piracicaba,20260622,Clay,O,R32,6,H0A4,Nick Hardt,R,25.752,270,202,O0CL,Nicolas Oliveira,,,834,31,1,2-6 6-4 6-4,3,TRAIN
0cce9547cc705a4298b8b42d0948e9b2e4be44a8ae5da1e89465b05856e5bfc3,2026-2835,Piracicaba,20260622,Clay,O,R32,7,A0G7,Valerio Aboian,L,24.022,464,99,B0NF,Valentin Basel,L,22.053,1114,13,1,6-4 6-2,3,TRAIN
95e5ff519383b20c4dfeddb8b823f099f7c35c84bc4fa37e8e7c909d997b3cc5,2026-2835,Piracicaba,20260622,Clay,O,R32,8,A0JW,Joaquin Aguilar Cardozo,R,21.205,582,66,E0DI,Juan Estevez,R,20.747,343,153,1,6-2 6-3,3,TRAIN
3d2c281a22658f582533a1cf80e73b07a69103caf069280c048be1bed103ab94,2026-2835,Piracicaba,20260622,Clay,O,R32,9,D0IP,Gustavo Ribeiro De Almeida,R,20.175,743,41,S0IV,Paulo Andre Saraiva Dos Santos,R,25.996,503,88,0,7-5 6-3,3,TRAIN
2cf509c44b05c12aedfa07fd870704f51d617c50436bf46959a7961d53a504f9,2026-2835,Piracicaba,20260622,Clay,O,R32,10,K0MX,Enzo Kohlmann De Freitas,R,19.765,940,22,L0GR,Juan Manuel La Serna,L,22.376,298,180,0,6-4 6-7(1) 6-4,3,TRAIN
4164b5ed3011609bfd918dad9d8efc7904d812ab7858bd770b05284f99409dae,2026-2835,Piracicaba,20260622,Clay,O,R32,11,M0OT,Luis Felipe Miguel,R,22.283,902,25,SX91,Thiago Seyboth Wild,R,26.283,292,183,0,2-6 6-3 6-2,3,TRAIN
fdfd426affc7f2651db5ca74a09ebe085244299905e0d3afb8cf6c1145a16423,2026-2835,Piracicaba,20260622,Clay,O,R32,12,A0L6,Lucas Andrade Da Silva,,21.405,885,26,HG90,Conner Huertas del Pino,R,30.505,639,55,1,6-4 6-3,3,TRAIN
5f26ca30353dcd4fa9d4b33cd32226f128f57b4d3d9a94dd073debea4ea07c5a,2026-2835,Piracicaba,20260622,Clay,O,R32,13,B19W,Filipe Bullamah,,,,,LA54,Wilson Leite,R,34.626,801,35,0,6-0 6-3,3,TRAIN
2925a2ac292e956bed30cfb4e34ce69e2ef260f7f385a917388ddd710cb0d6a1,2026-2835,Piracicaba,20260622,Clay,O,R32,14,C0GK,Thiago Cigarran,R,26.24,722,45,RH59,Santiago Rodriguez Taverna,R,26.935,392,127,0,7-6(9) 3-6 6-2,3,TRAIN
e5b8eb1bc2b553a733a2bd6d8fb57ff1a6f5fd6f1adfd0560dfee6a43d48e3e1,2026-2835,Piracicaba,20260622,Clay,O,R32,15,Z0BY,Nicolas Zanellato,R,24.413,802,35,Z0CO,Maximo Zeitune,R,20.386,625,58,1,7-6(4) 3-6 6-4,3,TRAIN
f0ae7b0895c795902e4ee3cc86dd98c275f22b1ef1cd39060daf11e5c9b7715f,2026-2835,Piracicaba,20260622,Clay,O,R32,16,F0FL,Bruno Fernandez,R,21.906,614,60,KC29,Nicolas Kicker,R,33.848,340,156,0,7-6(1) 4-6 6-4,3,TRAIN
93d9aa028e2be296aacedabbb5fa69c0177724d3bb1302a54d965a06783bf7b4,2026-2835,Piracicaba,20260622,Clay,O,R16,17,A0JW,Joaquin Aguilar Cardozo,R,21.205,582,66,T0DM,Juan Bautista Torres,R,24.222,281,190,1,6-3 6-4,3,TRAIN
d8c53e1e33e7d69a7d5ebaed270fd970dd25eb2d2ca32b09b65ec8b7604976d9,2026-2835,Piracicaba,20260622,Clay,O,R16,18,A0G7,Valerio Aboian,L,24.022,464,99,CG07,Hernan Casanova,R,32.372,406,119,1,6-2 4-6 6-4,3,TRAIN
e849b35a962a51da364205292806aeb01e1a36cf15dde5ca660c4db592e39d57,2026-2835,Piracicaba,20260622,Clay,O,R16,19,P0DF,Matheus Pucinelli De Almeida,R,25.224,409,119,S0IV,Paulo Andre Saraiva Dos Santos,R,25.996,503,88,1,6-3 4-6 6-2,3,TRAIN
b4a5852ddab4a8b9d8f126b88eb95c97ac83251f638ea36191b3b46d5ea64675,2026-2835,Piracicaba,20260622,Clay,O,R16,20,S0EK,Matias Soto,R,27.154,300,179,V821,Gonzalo Villanueva,R,31.439,397,124,0,4-6 6-3 7-5,3,TRAIN
f838452861cace8e878297befdd9a2f2fd71bedff701d99cc75505c09892c77b,2026-2835,Piracicaba,20260622,Clay,O,R16,22,A0L6,Lucas Andrade Da Silva,,21.405,885,26,SX91,Thiago Seyboth Wild,R,26.283,292,183,0,7-6(3) 7-6(6),3,TRAIN
5cb5392b1a753f11045d8d754cde4769345c15d54ffb374227994cee7452f615,2026-2835,Piracicaba,20260622,Clay,O,R16,23,H0A4,Nick Hardt,R,25.752,270,202,LA54,Wilson Leite,R,34.626,801,35,1,6-3 6-1,3,TRAIN
cc464af092a12d8f0ce405fa714f066981bdba68bb68ed1e0723bcb3a5f12669,2026-2835,Piracicaba,20260622,Clay,O,R16,24,KC29,Nicolas Kicker,R,33.848,340,156,Z0BY,Nicolas Zanellato,R,24.413,802,35,1,7-5 6-4,3,TRAIN
36c5cf46ef44741564b3a64f12c815cd41854dec1d04fedd83c8d4c36051dae1,2026-2835,Piracicaba,20260622,Clay,O,QF,27,A0JW,Joaquin Aguilar Cardozo,R,21.205,582,66,P0DF,Matheus Pucinelli De Almeida,R,25.224,409,119,0,7-6(3) 6-2,3,TRAIN
77bcbb0f3b53cf2199848a62c6e69a56108ed72ad2847b3e4e8cc0e7efe78f6b,2026-2835,Piracicaba,20260622,Clay,O,QF,28,A0G7,Valerio Aboian,L,24.022,464,99,V821,Gonzalo Villanueva,R,31.439,397,124,0,6-1 6-1,3,TRAIN
42e652e6cc699e7337d6af62032b5cc53404551b9440e8fe73244b5011e73262,2026-2835,Piracicaba,20260622,Clay,O,SF,29,L0GR,Juan Manuel La Serna,L,22.376,298,180,SX91,Thiago Seyboth Wild,R,26.283,292,183,0,6-3 6-3,3,TRAIN
adcbfea40affc013cf9402554ee32dd9e26e26d23dd423d0ff758005c9bdc5d4,2026-2835,Piracicaba,20260622,Clay,O,SF,30,P0DF,Matheus Pucinelli De Almeida,R,25.224,409,119,V821,Gonzalo Villanueva,R,31.439,397,124,0,3-6 7-5 6-1,3,TRAIN
5a69c14c49498fae2d0f549212ac1f2122596c4014772e57fae61bc425448858,2026-2835,Piracicaba,20260622,Clay,O,F,31,SX91,Thiago Seyboth Wild,R,26.283,292,183,V821,Gonzalo Villanueva,R,31.439,397,124,1,6-2 6-2,3,TRAIN
8603e1ff8de418f3c5b515d627622f6bd872ef5512963c7c7fb0c84884246d89,2026-3021,Targu Mures,20260622,Clay,O,R32,1,C0B2,Cezar Cretu,R,25.161,287,186,SQ80,Akira Santillan,R,29.084,310,176,1,6-4 6-3,3,TRAIN
73b7282efdb2a6576664235878350f06d8223d09c9f46bcea88085a8c47391bc,2026-3021,Targu Mures,20260622,Clay,O,R32,2,AA27,Franco Agamenone,R,33.185,265,205,CH80,Luca Castelnuovo,L,29.394,360,143,1,6-3 3-6 7-5,3,TRAIN
291d7e44242a917764f23d25b096c4416a61037ddc60b0467e6dd5919541962b,2026-3021,Targu Mures,20260622,Clay,O,R32,3,K0FY,Martin Krumich,R,23.488,280,191,T0I3,Miguel Tobon,R,20.008,449,105,1,6-4 4-6 6-4,3,TRAIN
be20000e3de15ce327aabf3c1705b2d42d1e6d5f09dd1fae9db28004bbf1e37b,2026-3021,Targu Mures,20260622,Clay,O,R32,4,G0GW,Sascha Gueymard Wayenburg,R,22.891,278,192,G0ME,Gabriel Ghetu,R,18.623,718,45,1,7-5 6-1,3,TRAIN
50ce8a9f0d9fcbf878a0dfe08425390b5db2de2e0973efaa6400a3920ad2bb08,2026-3021,Targu Mures,20260622,Clay,O,R32,5,M0K4,Elmer Moller,R,22.954,149,400,P0B2,Luca Potenza,R,25.9,425,113,1,6-4 7-5,3,TRAIN
181f31f15306f0d69347660a6e537cbd11c371e1e1d10ce3a975c6e22c7fbd60,2026-3021,Targu Mures,20260622,Clay,O,R32,6,P0CT,Francesco Passaro,R,25.454,190,304,RB60,Oriol Roca Batalla,R,33.144,316,171,1,7-6(2) 6-4,3,TRAIN
dd7b8bbfb0709e1b73eb1ff0690155610ab70346a9628932ef2545180fa74ccc,2026-3021,Targu Mures,20260622,Clay,O,R32,7,G0DH,Alvaro Guillen Meza,R,23.469,267,204,P0FJ,Radu Mihai Papoe,R,23.817,358,144,1,7-6(4) 7-5,3,TRAIN
763372e4b16f0b11243542b649c6c88a691d57b79ee0f825d6b5d80a38a79a6d,2026-3021,Targu Mures,20260622,Clay,O,R32,8,A0EA,Max Alcala Gurri,R,23.778,234,240,F0A3,Sergey Fomin,R,25.385,296,181,1,7-6(6) 6-1,3,TRAIN
b9eb10d4a100daff6703c20bc26f93ec6ba4c59146f2835724c8d32690a18826,2026-3021,Targu Mures,20260622,Clay,O,R32,9,M0XQ,Niels McDonald,R,18.404,620,58,R0JW,Michele Ribecai,R,23.379,259,211,1,7-5 6-7(5) 6-1,3,TRAIN
67ca1512bf165538561c4d6a2ff2b693a5064670f90c4adfd7796ee461aba2f8,2026-3021,Targu Mures,20260622,Clay,O,R32,10,S0O6,Ilia Simakin,R,22.653,302,177,T0FI,Marko Topo,R,22.773,364,140,0,6-4 4-6 6-2,3,TRAIN
3f027b47112a343c03142b10f967e8c4f7a2b06903aa5f5013dd8a8f09bd8655,2026-3021,Targu Mures,20260622,Clay,O,R32,11,N0DB,Andrej Nedic,R,21.681,277,192,RH88,Alan Fernando Rubio Fierros,R,27.381,589,64,1,6-1 6-2,3,TRAIN
723ebffcdf795c684aec90d5a63f8b2a1f2c28fcc6a44767161f8413bc915402,2026-3021,Targu Mures,20260622,Clay,O,R32,12,D0CN,Miguel Damas,R,26.502,271,202,HG94,Benjamin Hassan,R,31.379,438,109,0,6-2 3-6 7-6(3),3,TRAIN
e0e5f49e25470291776b66764cb34c828207cdcc34a30052603c2c0e12d0a205,2026-3021,Targu Mures,20260622,Clay,O,R32,13,A0CJ,Duje Ajdukovic,R,25.374,283,189,A829,Radu Albot,R,36.611,441,108,1,3-6 7-6(3) 7-6(11),3,TRAIN
972dee53dac963bb932932a328fb8025aa67559695a101143ab4dafaf51b6787,2026-3021,Targu Mures,20260622,Clay,O,R32,14,B0WL,Felix Balshaw,R,20.019,320,170,H0L4,Stefan Horia Haita,R,19.044,853,29,1,6-2 6-0,3,TRAIN
37ef1ce8b48bd741ded7157c29675f80c74a3df3b141afd6ad5fefa754eccd76,2026-3021,Targu Mures,20260622,Clay,O,R32,15,G0EQ,Sebastian Gima,L,24.099,537,77,Y171,Denis Yevseyev,R,33.084,457,102,1,7-6(4) 6-3,3,TRAIN
2911667b1113e23e23de4dd4e99fe4fcef396e847f1d7c619c0147584b95f3ec,2026-3021,Targu Mures,20260622,Clay,O,R32,16,N897,Sumit Nagal,R,28.849,285,187,P0GQ,Mili Poljicak,R,21.941,345,152,1,6-4 3-6 7-5,3,TRAIN
6a5c3bd2526d49dfb72ba2e7f5e5c617dcf66969d91e8e68a1786c4ae883f4e0,2026-3021,Targu Mures,20260622,Clay,O,R16,17,M0XQ,Niels McDonald,R,18.404,620,58,P0CT,Francesco Passaro,R,25.454,190,304,1,6-7(5) 6-3 6-4,3,TRAIN
29741379d734986e73edbfce93bad68ad7ae8b76880526ab42086c73374b57cf,2026-3021,Targu Mures,20260622,Clay,O,R16,18,A0CJ,Duje Ajdukovic,R,25.374,283,189,AA27,Franco Agamenone,R,33.185,265,205,1,7-5 7-5,3,TRAIN
0f3826161c00dc77e2d741e326884878da41349b3d26d3b64c4f51006e955f6a,2026-3021,Targu Mures,20260622,Clay,O,R16,19,C0B2,Cezar Cretu,R,25.161,287,186,G0DH,Alvaro Guillen Meza,R,23.469,267,204,1,6-2 6-3,3,TRAIN
77254998217f9ce20fbe961e2c25ed49f1d3d5f8d63cfa3d74153e72fceff567,2026-3021,Targu Mures,20260622,Clay,O,R16,20,K0FY,Martin Krumich,R,23.488,280,191,T0FI,Marko Topo,R,22.773,364,140,1,6-4 6-2,3,TRAIN
c04d15ebbee1db2573a60bc08346e597874011125936d68fc86236946948e3e2,2026-3021,Targu Mures,20260622,Clay,O,R16,21,A0EA,Max Alcala Gurri,R,23.778,234,240,G0GW,Sascha Gueymard Wayenburg,R,22.891,278,192,1,6-2 7-5,3,TRAIN
f10127069b8c70129ab1c48b2e700394d43987c122010e0cb27792752cfe055d,2026-3021,Targu Mures,20260622,Clay,O,R16,22,HG94,Benjamin Hassan,R,31.379,438,109,N897,Sumit Nagal,R,28.849,285,187,0,1-6 6-4 6-4,3,TRAIN
e5fb7957ad8ad6ff83a1126024735b450f2b86a42e9a22014323aabb2d7c04b4,2026-3021,Targu Mures,20260622,Clay,O,R16,24,G0EQ,Sebastian Gima,L,24.099,537,77,N0DB,Andrej Nedic,R,21.681,277,192,0,6-7(4) 6-3 7-5,3,TRAIN
6a09ae1c0d6a13fe6a0078f28468e1ab489c0a102e3dde82e7a430db16c046b2,2026-3021,Targu Mures,20260622,Clay,O,QF,25,A0EA,Max Alcala Gurri,R,23.778,234,240,N0DB,Andrej Nedic,R,21.681,277,192,0,6-2 6-4,3,TRAIN
dd8f8ec85b39677a18cafb8802353bf057b8118b9af6e5818bb32251897f2ff9,2026-3021,Targu Mures,20260622,Clay,O,QF,26,B0WL,Felix Balshaw,R,20.019,320,170,K0FY,Martin Krumich,R,23.488,280,191,1,6-3 3-6 6-3,3,TRAIN
8bb2ea45e6cace25fd1ea4fd5de487a678faf933e5609a66ca305ec4d4b0fe21,2026-3021,Targu Mures,20260622,Clay,O,QF,27,C0B2,Cezar Cretu,R,25.161,287,186,M0XQ,Niels McDonald,R,18.404,620,58,1,6-3 6-4,3,TRAIN
3398098e1f1f0978cddbee9f77feafcd897bad62c84215969e51b312ece3c66e,2026-3021,Targu Mures,20260622,Clay,O,QF,28,A0CJ,Duje Ajdukovic,R,25.374,283,189,N897,Sumit Nagal,R,28.849,285,187,0,3-6 7-5 6-4,3,TRAIN
34797656a3596580b92a90a5cbf37984a72816892b1017990ae1bbb6e4371202,2026-3021,Targu Mures,20260622,Clay,O,SF,29,B0WL,Felix Balshaw,R,20.019,320,170,N0DB,Andrej Nedic,R,21.681,277,192,1,7-6(5) 7-5,3,TRAIN
3e794c8c3b52871953a658a5af33a0b257e70ffa84feb076c7e79ddd55b3782a,2026-3021,Targu Mures,20260622,Clay,O,SF,30,C0B2,Cezar Cretu,R,25.161,287,186,N897,Sumit Nagal,R,28.849,285,187,0,6-3 4-6 6-1,3,TRAIN
5be66cd59b3872607b60a7d4974ae02adcbbf29f5343cb831d3f9e9ed2cd1ecb,2026-3021,Targu Mures,20260622,Clay,O,F,31,B0WL,Felix Balshaw,R,20.019,320,170,N897,Sumit Nagal,R,28.849,285,187,0,6-3 7-5,3,TRAIN
706acf39f47a723d67202623ded22ea41326dfade21563dd9cb49a1495d61a5e,2026-3149,Plovdiv,20260622,Clay,O,R32,1,C0BB,Tommaso Compagnucci,R,26.628,374,134,M0SE,Maxim Mrva,R,18.888,290,185,1,7-6(5) 6-7(3) 6-2,3,TRAIN
38e9669583cddc94eb76c4fa58d0c29e341f96dbe9678839bf3fff85f764b02e,2026-3149,Plovdiv,20260622,Clay,O,R32,2,BO10,Gijs Brouwer,L,30.272,1126,12,M0E1,Daniel Michalski,R,26.445,321,170,0,6-2 6-0,3,TRAIN
6c84ee106ccc6010d663947f2e09b8d8602fcd4ebd9fe3e9b7d7486e689686ab,2026-3149,Plovdiv,20260622,Clay,O,R32,3,MW76,Matteo Martineau,R,27.431,339,157,R0IL,Iliyan Radulov,R,21.029,647,54,1,6-3 6-2,3,TRAIN
81ca88ac7b901fb0e79f231c14dc98a9b5b536e59eed8b6ff532251038dcbf86,2026-3149,Plovdiv,20260622,Clay,O,R32,4,M0KA,Yanaki Milev,R,22.185,750,41,M0UR,Ognjen Milic,L,19.001,370,137,0,6-2 3-6 6-4,3,TRAIN
eda16e2673513fe387aeb314df0b8e16c7f530ecd31dde38fbd78743b2628aa3,2026-3149,Plovdiv,20260622,Clay,O,R32,5,H0BF,Philip Henning,R,25.613,252,219,S0Y0,Andres Santamarta Roig,R,19.411,871,28,0,6-4 6-1,3,TRAIN
673ddb30dae0a898173007d48d94d52535c71271c1cd3c6f63ec32900496279d,2026-3149,Plovdiv,20260622,Clay,O,R32,6,B0JP,Dali Blanch,R,23.299,289,185,D0HS,Dinko Dinev,R,22.355,845,31,1,6-4 6-2,3,TRAIN
49b9138bf19bbe3d1f0031d3169965e1b54fe2b5e3463529dbcd52c585ea6d56,2026-3149,Plovdiv,20260622,Clay,O,R32,7,L0AT,Imanol Lopez Morillo,R,26.593,562,71,M0NL,Inaki Montes-De La Torre,R,23.718,312,174,0,6-4 6-1,3,TRAIN
ae92b158f985ae3c7b5b2c3d743b42d41954c202a02cf1c2d7f53e334001ac94,2026-3149,Plovdiv,20260622,Clay,O,R32,8,DC76,Viktor Durasovic,R,29.259,493,90,K0CJ,Sandro Kopp,R,26.073,326,166,0,6-2 5-7 6-3,3,TRAIN
ff1f11d4ab34f9a2c4e37db04b4217b0c1b490f143f67e06ba2683c69a2569bb,2026-3149,Plovdiv,20260622,Clay,O,R32,9,A0HZ,Lorenzo Angelini,R,20.301,734,43,P0I6,Gabriele Piraino,L,22.609,373,134,1,2-6 6-4 6-1,3,TRAIN
f6df9580f7009433d69cdf1ee5554681385ab49ebff88056e95bfb186a0c973b,2026-3149,Plovdiv,20260622,Clay,O,R32,10,B0P4,Tomasz Berkieta,R,19.921,567,69,BU54,Geoffrey Blancaneaux,R,27.871,388,129,1,6-2 6-1,3,TRAIN
a6efd7c6abc0f71cfddff9be5f1046e0ff84da13a27f452c262576564fa67113,2026-3149,Plovdiv,20260622,Clay,O,R32,11,B0V0,Nikita Belozertsev,L,17.563,765,39,DG80,Enrico Dalla Valle,R,28.255,363,141,0,6-0 6-2,3,TRAIN
15dba6e1e9bbee9e53e35297d987464d6623f343e0cd69d698c6dde5a00d91a6,2026-3149,Plovdiv,20260622,Clay,O,R32,12,E0AC,Mathys Erhard,R,24.654,384,130,FA50,Thomas Fancutt,R,31.321,868,28,1,3-6 6-3 6-0,3,TRAIN
2c2bd165e5e20234ec0ac792fe4fca39c490ebadc30ed6589d0f62e8034025ed,2026-3149,Plovdiv,20260622,Clay,O,R32,13,N0CJ,Petr Nesterov,R,23.294,396,124,SG56,Daniel Dutra da Silva,L,37.963,413,118,1,6-2 6-2,3,TRAIN
0d1a9d42206680b43132faa98a5f0152a56a2076e1ddc22f928219c4b6b958a4,2026-3149,Plovdiv,20260622,Clay,O,R32,14,KC33,Dimitar Kuzmanov,R,32.901,443,108,SO20,Jelle Sels,R,30.867,501,89,0,6-3 6-4,3,TRAIN
c73a2b33bc2ed7e41a52faa2f84480e52c05f938c3659b9b5b92bdcde31ceb6f,2026-3149,Plovdiv,20260622,Clay,O,R32,15,D0JI,Manas Dhamne,R,18.48,382,130,V993,Eero Vasa,R,29.385,463,100,0,4-6 7-5 6-4,3,TRAIN
04a2e0666ae1173c39c2544dd7fda0c1644fdfabd2e112a652148b64028654c2,2026-3149,Plovdiv,20260622,Clay,O,R32,16,V0D0,Niels Visker,R,24.712,455,103,V0GR,Alexander Vasilev,L,19.107,610,60,0,7-5 6-1,3,TRAIN
c8e981f661abf352dfe53dcbc77e14f2855bf2fa9495523c637f088ce0b5c1e1,2026-3149,Plovdiv,20260622,Clay,O,R16,17,A0HZ,Lorenzo Angelini,R,20.301,734,43,B0JP,Dali Blanch,R,23.299,289,185,0,6-2 6-3,3,TRAIN
eedd07b557257e3e33a0c213561bc601499fe6fbbbc9f6e87f53c2201f9e0e02,2026-3149,Plovdiv,20260622,Clay,O,R16,19,MW76,Matteo Martineau,R,27.431,339,157,N0CJ,Petr Nesterov,R,23.294,396,124,0,6-3 6-3,3,TRAIN
b139b911c664616d70b9ec7fe206b483defd82013a864d7b845fcb6aebf8aa2e,2026-3149,Plovdiv,20260622,Clay,O,R16,20,K0CJ,Sandro Kopp,R,26.073,326,166,V0GR,Alexander Vasilev,L,19.107,610,60,1,6-1 7-5,3,TRAIN
0e7ca1429c5ce6fe50ea335efd4c941226b619e7c251832df674edfaa2a5072a,2026-3149,Plovdiv,20260622,Clay,O,R16,21,M0UR,Ognjen Milic,L,19.001,370,137,V993,Eero Vasa,R,29.385,463,100,1,2-6 6-1 6-4,3,TRAIN
1810b7fe11c7175c65e81edfbd6b813e70a57132d10dd6591a6f4d1f0ec7370b,2026-3149,Plovdiv,20260622,Clay,O,R16,22,B0P4,Tomasz Berkieta,R,19.921,567,69,C0BB,Tommaso Compagnucci,R,26.628,374,134,0,6-3 6-3,3,TRAIN
c028813f63d8cbb68c8984d10ddf28e4aad96857d3cffc0f84557cc04315ab7e,2026-3149,Plovdiv,20260622,Clay,O,R16,23,DG80,Enrico Dalla Valle,R,28.255,363,141,S0Y0,Andres Santamarta Roig,R,19.411,871,28,0,6-2 6-4,3,TRAIN
b15eb2bd895ed8da5538c2de479e60fc4f2ea642d16aa788596cc3d404919607,2026-3149,Plovdiv,20260622,Clay,O,R16,24,E0AC,Mathys Erhard,R,24.654,384,130,M0NL,Inaki Montes-De La Torre,R,23.718,312,174,0,3-6 6-4 6-2,3,TRAIN
887498db2195e582935ab9202696c99fd72baa69796572c97e125222f78e1374,2026-3149,Plovdiv,20260622,Clay,O,QF,25,B0JP,Dali Blanch,R,23.299,289,185,K0CJ,Sandro Kopp,R,26.073,326,166,0,6-3 6-3,3,TRAIN
5ec32d8b36ce2ef805d086b0306512992aecb861d2611b51deb40f2538fd2f53,2026-3149,Plovdiv,20260622,Clay,O,QF,26,M0E1,Daniel Michalski,R,26.445,321,170,M0NL,Inaki Montes-De La Torre,R,23.718,312,174,0,7-5 6-2,3,TRAIN
d0b47241a3c2af495161eb97dd5c5f2ccd3f9bb6f28a28f39921cf9fb2bb9999,2026-3149,Plovdiv,20260622,Clay,O,QF,27,M0UR,Ognjen Milic,L,19.001,370,137,S0Y0,Andres Santamarta Roig,R,19.411,871,28,0,6-0 6-2,3,TRAIN
d0d76bf1cfc96b7a7764e29d6ca725073988b7b0f6e50e15567239822654255c,2026-3149,Plovdiv,20260622,Clay,O,QF,28,C0BB,Tommaso Compagnucci,R,26.628,374,134,N0CJ,Petr Nesterov,R,23.294,396,124,0,6-3 7-6(4),3,TRAIN
a01a8d05f3f76c351d4dad2977f6c9081b948b374b48829514eff3c576a1400c,2026-3149,Plovdiv,20260622,Clay,O,SF,29,M0NL,Inaki Montes-De La Torre,R,23.718,312,174,S0Y0,Andres Santamarta Roig,R,19.411,871,28,1,6-4 6-2,3,TRAIN
a1f5798da8fc1e94100d86ff8f143295a0ce22206d897fa05bf9a99e079b461d,2026-3149,Plovdiv,20260622,Clay,O,SF,30,K0CJ,Sandro Kopp,R,26.073,326,166,N0CJ,Petr Nesterov,R,23.294,396,124,1,6-2 3-6 6-4,3,TRAIN
750645333281630353ed7473a97ff33c4665cd26d81eb119d210f5c63b27090e,2026-3149,Plovdiv,20260622,Clay,O,F,31,K0CJ,Sandro Kopp,R,26.073,326,166,M0NL,Inaki Montes-De La Torre,R,23.718,312,174,0,7-6(5) 3-6 7-6(8),3,TRAIN
29cc10ceccb1a15415b930846c4115f34ba2755bd528bb6abc7b815bbe2e37df,2026-1214,Troyes,20260629,Clay,O,R32,1,H0BF,Philip Henning,R,25.632,254,219,S0LA,Dominic Stricker,L,23.869,343,152,0,6-2 6-4,3,TRAIN
4774d65290bef0f73d692dcb9aa382ccce8509639405434401bfed39a6f08856,2026-1214,Troyes,20260629,Clay,O,R32,2,B0JP,Dali Blanch,R,23.318,309,176,K0NT,Mickael Kaouk,R,17.843,1035,17,0,7-5 3-6 7-6(3),3,TRAIN
9a3c303f2561e35189f86e92c7a7a9f5b15f677864103551a7589cbe3beff385,2026-1214,Troyes,20260629,Clay,O,R32,3,F0HO,Thomas Faurel,R,20.435,321,168,RD48,Igor Marcondes,L,29.035,328,163,0,7-6(9) 3-6 6-4,3,TRAIN
3ca704d90b1ffcce10971b6ac5d0a720241d7f3e9c25cb4029ff667cfb0f689e,2026-1214,Troyes,20260629,Clay,O,R32,4,R0KE,Cosme Rolland De Ravel,R,22.04,778,38,S0MN,Marat Sharipov,R,23.721,381,131,0,7-6(4) 6-3,3,TRAIN
01dfe02c2d9999f25f72bd7a8fe568ded4a77870b50f6684899fd5051e35f105,2026-1214,Troyes,20260629,Clay,O,R32,5,G0J9,Svyatoslav Gulin,R,23.567,584,66,GA79,Lorenzo Giustino,R,34.801,226,251,0,6-4 1-6 6-4,3,TRAIN
91df133d5667ae2cf0c363afee84af6961ec908503bbef26ef92bc460f92cf1b,2026-1214,Troyes,20260629,Clay,O,R32,6,F0F4,Kilian Feldbausch,R,20.808,288,191,P0HY,Samuele Pieri,R,24.331,406,120,1,6-2 6-2,3,TRAIN
b8d28c6ffe0ff815ef344e63a843fe5b81cf502dbd1b33de846b25daaedfc70f,2026-1214,Troyes,20260629,Clay,O,R32,7,HB48,Calvin Hemery,R,31.417,291,189,M0FA,Anton Matusevich,R,25.081,376,133,1,6-2 6-2,3,TRAIN
9d3bce510dd80f204e64ca47274882e521f1e0fde5a3918ea3a037f8d77e8190,2026-1214,Troyes,20260629,Clay,O,R32,8,B0PE,Federico Bondioli,L,21.12,363,142,M0NL,Inaki Montes-De La Torre,R,23.737,269,209,0,6-3 4-6 6-1,3,TRAIN
a88f8f1a40adc4c501308ce37b9da3e95accaca8f81a59a5407d22a5f849ce89,2026-1214,Troyes,20260629,Clay,O,R32,9,A0KQ,Izan Almazan Valiente,R,20.326,598,63,C0LK,Carlo Alberto Caniato,R,20.66,380,131,0,6-2 6-1,3,TRAIN
97e1e32f6126c98e5598fb4b081e2c5d146c8c0df63a9bcb7420a5c758c8d52b,2026-1214,Troyes,20260629,Clay,O,R32,10,CD00,Maxime Chazal,R,33.18,488,91,Z09F,Patrick Zahraj,R,26.951,401,122,1,7-5 3-6 6-1,3,TRAIN
cb823a19093a0c386f6950b64b66c10423d998be951645fb4899d3958be8665a,2026-1214,Troyes,20260629,Clay,O,R32,11,C0HB,Eliakim Coulibaly,L,24.151,314,174,L0N0,Pavel Lagutin,R,21.314,768,40,1,5-7 6-3 6-2,3,TRAIN
95a1a6eb9687322d16fd966ff4fbb4de3af5194ae445464c7dba7dce6b096dda,2026-1214,Troyes,20260629,Clay,O,R32,12,L0K7,Fryderyk Lechno-Wasiutynski,R,21.276,660,53,M0BN,Marvin Moeller,R,27.444,372,134,0,6-4 6-2,3,TRAIN
c71989654f6b217d82d725a86fbb88f920afbdd536f6202365e25008d3316977,2026-1214,Troyes,20260629,Clay,O,R32,13,BU54,Geoffrey Blancaneaux,R,27.89,390,129,S0H1,Luca Staeheli,R,26.308,589,65,0,6-7(6) 6-3 6-2,3,TRAIN
67fd5cb82ec72b6a55260ec75d66c62a281d60ce3d227f4e634fdcabe4f67ec0,2026-1214,Troyes,20260629,Clay,O,R32,14,R0HQ,Leo Raquillet,R,20.734,646,55,T0FI,Marko Topo,R,22.793,350,146,0,6-1 3-6 7-5,3,TRAIN
54d599dda046bd18b0b2926edc2224b359c98419caf4a6b5c8fe4226ddcb629e,2026-1214,Troyes,20260629,Clay,O,R32,15,V0GR,Alexander Vasilev,L,19.127,592,64,W712,Kai Wehnelt,R,30.587,647,55,1,1-6 6-1 6-1,3,TRAIN
f5a017b5d7de31f8ea16ff363db0d854dd1bc89274873405c299d6d4da5986c0,2026-1214,Troyes,20260629,Clay,O,R32,16,D0JI,Manas Dhamne,R,18.5,386,130,X01C,Ioannis Xilas,R,25.131,362,142,0,7-6(9) 7-6(7),3,TRAIN
86c006fd66f1fd1e61127b58b6b6ea8ba7233f59b35af597bde3535a2739b626,2026-1214,Troyes,20260629,Clay,O,R16,17,GA79,Lorenzo Giustino,R,34.801,226,251,T0FI,Marko Topo,R,22.793,350,146,1,6-1 7-6(3),3,TRAIN
2bde9e6a37ce5e44e66064d1018970e367bb35be726a9f199c4b83e3664e8347,2026-1214,Troyes,20260629,Clay,O,R16,18,RD48,Igor Marcondes,L,29.035,328,163,S0H1,Luca Staeheli,R,26.308,589,65,1,7-6(4) 6-0,3,TRAIN
2cf00b4070c5bffd27048c9e262393ceaf494ed54cfc14663772b7c28634bf50,2026-1214,Troyes,20260629,Clay,O,R16,19,K0NT,Mickael Kaouk,R,17.843,1035,17,M0BN,Marvin Moeller,R,27.444,372,134,0,6-2 6-3,3,TRAIN
5bb624d4b3e84947488134d1ea6af80c4fc99370e2cd115d3e73d6f18b82fbfa,2026-1214,Troyes,20260629,Clay,O,R16,21,F0F4,Kilian Feldbausch,R,20.808,288,191,X01C,Ioannis Xilas,R,25.131,362,142,1,6-1 6-4,3,TRAIN
49d02987ad6dd08617e4130295bcffd8fe3fd26db8a9aeb6dc77b689faa9a5dd,2026-1214,Troyes,20260629,Clay,O,R16,22,CD00,Maxime Chazal,R,33.18,488,91,M0NL,Inaki Montes-De La Torre,R,23.737,269,209,0,7-5 6-1,3,TRAIN
745691fea62b2fbe202c5af350e98276ed7563fbeb0e9ddcdd2bf5b2d8f99878,2026-1214,Troyes,20260629,Clay,O,R16,23,C0HB,Eliakim Coulibaly,L,24.151,314,174,V0GR,Alexander Vasilev,L,19.127,592,64,1,6-4 6-2,3,TRAIN
15f828efeaa11b5cfcaf9d0bb7d24546d946473a6844005a687e52542eaa9fda,2026-1214,Troyes,20260629,Clay,O,R16,24,C0LK,Carlo Alberto Caniato,R,20.66,380,131,HB48,Calvin Hemery,R,31.417,291,189,0,6-3 6-1,3,TRAIN
291ab79d067e9aa0db79c981226f495a13b9327ffc0c2f33df6f226ea0b53938,2026-1214,Troyes,20260629,Clay,O,QF,25,GA79,Lorenzo Giustino,R,34.801,226,251,RD48,Igor Marcondes,L,29.035,328,163,1,4-6 7-6(4) 6-1,3,TRAIN
5290970334b819c5eb95c20c9a2375f2bae7fa790b7fd86d7f8878fd1f0f8a42,2026-1214,Troyes,20260629,Clay,O,QF,26,F0F4,Kilian Feldbausch,R,20.808,288,191,M0NL,Inaki Montes-De La Torre,R,23.737,269,209,1,6-1 6-3,3,TRAIN
17acc915b5877a5791149556f15e3cbba391f267bb3bdb51157f1467102f4a80,2026-1214,Troyes,20260629,Clay,O,QF,28,M0BN,Marvin Moeller,R,27.444,372,134,S0MN,Marat Sharipov,R,23.721,381,131,1,6-2 3-6 7-6(1),3,TRAIN
dfd30a40f546e7b8612554910880baeed150fe11bcac57a8ec08b3e714beb94d,2026-1214,Troyes,20260629,Clay,O,SF,29,F0F4,Kilian Feldbausch,R,20.808,288,191,GA79,Lorenzo Giustino,R,34.801,226,251,1,6-4 6-3,3,TRAIN
fd830af25641ac7c04a2dbb9aa9819c5f97a99ea0481cd060b668e1ab0ca43fe,2026-1214,Troyes,20260629,Clay,O,SF,30,HB48,Calvin Hemery,R,31.417,291,189,M0BN,Marvin Moeller,R,27.444,372,134,0,7-6(5) 7-6(7),3,TRAIN
fb982d3df0a8ff2a26b8b02954960ede7311891913fa1096ce98385cd77734f7,2026-1214,Troyes,20260629,Clay,O,F,31,F0F4,Kilian Feldbausch,R,20.808,288,191,M0BN,Marvin Moeller,R,27.444,372,134,0,7-6(5) 6-3,3,TRAIN
6d3176074d293982387cd737aa36517cfd55824bed598835ca76299150839216,2026-2931,Brasov,20260629,Clay,O,R32,1,C0NB,Federico Cina,R,19.25,174,333,S0Y0,Andres Santamarta Roig,R,19.431,782,38,0,6-4 6-3,3,TRAIN
6f0ff273d3f54461bfa909a442a2d8e0ac587781494c887d7a92e73c7f56d3fe,2026-2931,Brasov,20260629,Clay,O,R32,2,M0G4,Harold Mayot,R,24.397,199,284,N0DB,Andrej Nedic,R,21.7,250,226,0,6-2 6-0,3,TRAIN
c22f5eb1b4b4451358c120437ac4919516a2cf0a50d7a4efe946dd006ecefb05,2026-2931,Brasov,20260629,Clay,O,R32,3,B0QC,Gilles Arnaud Bailly,R,20.775,210,272,S0AK,Henri Squire,R,25.752,235,238,0,6-3 3-6 6-4,3,TRAIN
093921a4bd378c7779cdc6f32ade11dcf0228dee906422f1a1551be6b06fcbdf,2026-2931,Brasov,20260629,Clay,O,R32,4,A0EA,Max Alcala Gurri,R,23.797,228,248,G0GW,Sascha Gueymard Wayenburg,R,22.91,283,198,0,7-6(5) 3-6 6-3,3,TRAIN
63077347a9a71a4f5e14a8ddea274e04a6db58c8c115af38846c86c712a94be3,2026-2931,Brasov,20260629,Clay,O,R32,5,AG08,Andy Andrade,,,252,223,K0HC,Maks Kasnikowski,R,22.982,284,195,0,7-6(4) 6-1,3,TRAIN
61e08b4d4e64e7b9c25a8702b6b71568a3f2b0f3247357f5ed949de7c74648b4,2026-2931,Brasov,20260629,Clay,O,R32,6,G0DH,Alvaro Guillen Meza,R,23.488,276,204,R0BT,Franco Roncadelli,L,26.393,245,232,0,4-6 6-2 6-4,3,TRAIN
8d5cf7dd87cd9a203810e834f10ad6b9bca39eef6d881b819cc687f397b8bb60,2026-2931,Brasov,20260629,Clay,O,R32,7,M0IF,Francesco Maestrelli,R,23.521,128,480,M0UR,Ognjen Milic,L,19.02,357,144,0,6-3 6-7(8) 6-3,3,TRAIN
cf4f80930c5c469f19ed0198bbc5148061fc24d7544be5e7a7cef12f8ed1748e,2026-2931,Brasov,20260629,Clay,O,R32,8,A829,Radu Albot,R,36.63,440,108,P09O,Zsombor Piros,R,26.71,169,342,0,6-1 6-4,3,TRAIN
98dfa2002c496557e78d7ec907a66b2701fddd5f8a5bfa70dd389af3cc17335a,2026-2931,Brasov,20260629,Clay,O,R32,9,P0AY,Luka Pavlovic,R,26.248,217,261,SQ80,Akira Santillan,R,29.103,310,176,1,7-6(2) 6-3,3,TRAIN
865fb364a400d552afa3498b7f92f72f1a648090e53be9bb88ea769b25297461,2026-2931,Brasov,20260629,Clay,O,R32,10,B0MM,Edas Butvilas,R,21.933,225,253,SN54,Frederico Ferreira Silva,L,31.283,231,246,0,6-3 6-3,3,TRAIN
42d6371ad4b4d1d2e2da7f9b1f0095ea6d2d29f02ff441a62e211581de4d0ffd,2026-2931,Brasov,20260629,Clay,O,R32,11,H0L4,Stefan Horia Haita,R,19.064,857,29,M0OH,Lautaro Midon,R,22.251,230,247,0,6-7(3) 7-5 6-0,3,TRAIN
936cbbb848a8560e13c3934b409093b10e1ca8d764a0d134638fea4768073359,2026-2931,Brasov,20260629,Clay,O,R32,12,G0EQ,Sebastian Gima,L,24.118,516,83,J0AW,Guido Ivan Justo,R,28.531,238,237,0,6-2 6-1,3,TRAIN
3cde2eaea631de97efa98c4a0003d0c2d50873a799e2d35b6c0a5182f895490e,2026-2931,Brasov,20260629,Clay,O,R32,13,KC33,Dimitar Kuzmanov,R,32.92,427,113,S0O6,Ilia Simakin,R,22.672,304,177,1,3-6 6-4 6-2,3,TRAIN
abcbcd8bfa2347f1206375aaaad82b6bd0436c602b37c85a1c91c25146559498,2026-2931,Brasov,20260629,Clay,O,R32,14,P0CY,Stefan Palosi,R,26.418,411,118,Y171,Denis Yevseyev,R,33.103,448,104,1,6-4 6-7(5) 7-5,3,TRAIN
e64fe96cf3f8be2cdb9291d48f24200ad277eb39612857438745a71cdddbb815,2026-2931,Brasov,20260629,Clay,O,R32,15,G0ME,Gabriel Ghetu,R,18.642,723,45,S0DQ,Keegan Smith,R,28.016,247,229,0,4-6 7-6(6) 6-4,3,TRAIN
84f2bb36ca5129306c97d30f86dab429418fde4af1d8c90be85de03be3bb0b99,2026-2931,Brasov,20260629,Clay,O,R32,16,C0B2,Cezar Cretu,R,25.18,272,207,W0BU,Olle Wallin,R,24.684,447,104,0,7-5 6-1,3,TRAIN
c71bcae3237316b7017e1f2c6fc78ca38b5adff118a0ceaba444a553a45b85f7,2026-2931,Brasov,20260629,Clay,O,R16,17,G0GW,Sascha Gueymard Wayenburg,R,22.91,283,198,M0OH,Lautaro Midon,R,22.251,230,247,1,4-6 6-3 6-4,3,TRAIN
a6e89c28e3f955231a7bcebf1df91953e03c92efaff2f0f940948f8231be77ab,2026-2931,Brasov,20260629,Clay,O,R16,18,K0HC,Maks Kasnikowski,R,22.982,284,195,S0Y0,Andres Santamarta Roig,R,19.431,782,38,1,6-3 6-2,3,TRAIN
934bc1267a9dd3bc1fe5b872b97f8c9263b240aa4d0260ee1281492cc493f4db,2026-2931,Brasov,20260629,Clay,O,R16,19,N0DB,Andrej Nedic,R,21.7,250,226,R0BT,Franco Roncadelli,L,26.393,245,232,1,6-3 6-4,3,TRAIN
8625a7f706de99e119e044c9c807d2b9b36fe67c4fcc25a1fa5ef2d732376a98,2026-2931,Brasov,20260629,Clay,O,R16,20,S0AK,Henri Squire,R,25.752,235,238,S0DQ,Keegan Smith,R,28.016,247,229,0,7-6(5) 6-2,3,TRAIN
1dfa27bf5b02a1f3f2c9a3805a08334b26cb383235733ac63fb712c770266389,2026-2931,Brasov,20260629,Clay,O,R16,21,P09O,Zsombor Piros,R,26.71,169,342,P0CY,Stefan Palosi,R,26.418,411,118,1,6-3 3-6 6-1,3,TRAIN
4bb1d3b6ad1017c45e4daacf54a88880ccdcc728a45b56de9ddd051017e929f5,2026-2931,Brasov,20260629,Clay,O,R16,22,KC33,Dimitar Kuzmanov,R,32.92,427,113,P0AY,Luka Pavlovic,R,26.248,217,261,1,4-6 6-2 7-6(5),3,TRAIN
a6ce881b307384079a8ad21b9a61746b953aaceb8cf7c80223f470c25b66e38d,2026-2931,Brasov,20260629,Clay,O,R16,23,J0AW,Guido Ivan Justo,R,28.531,238,237,M0UR,Ognjen Milic,L,19.02,357,144,1,6-4 3-6 6-2,3,TRAIN
af338ab2472a98c9d3fabf7d389f0da2f277fbdc8f300b77e0710cd328c69082,2026-2931,Brasov,20260629,Clay,O,R16,24,SN54,Frederico Ferreira Silva,L,31.283,231,246,W0BU,Olle Wallin,R,24.684,447,104,0,6-4 6-3,3,TRAIN
bed3b1c6002478129533c983e86e8487190b1cc7451ca92cb346941dacb0e59d,2026-2931,Brasov,20260629,Clay,O,QF,25,KC33,Dimitar Kuzmanov,R,32.92,427,113,P09O,Zsombor Piros,R,26.71,169,342,0,6-2 6-3,3,TRAIN
cf721f1dee07c021f5a6dfdef564696b49330afe9f65ebb5503b6973a9c64d5a,2026-2931,Brasov,20260629,Clay,O,QF,26,J0AW,Guido Ivan Justo,R,28.531,238,237,W0BU,Olle Wallin,R,24.684,447,104,1,6-1 6-4,3,TRAIN
1cb355adeee3af910e1a44849755f9e729a7953bdfad25004a41a234dedaaa80,2026-2931,Brasov,20260629,Clay,O,QF,27,G0GW,Sascha Gueymard Wayenburg,R,22.91,283,198,K0HC,Maks Kasnikowski,R,22.982,284,195,0,6-4 6-2,3,TRAIN
b363fb82be475b822b400cf409e2ac07f2f2f1f0a53d692f80db4680ab631999,2026-2931,Brasov,20260629,Clay,O,QF,28,N0DB,Andrej Nedic,R,21.7,250,226,S0DQ,Keegan Smith,R,28.016,247,229,0,6-1 7-6(3),3,TRAIN
f796bb39f1e8fc2f7dcd94cb4ea6ac11c28fda8c31ce0f76f625646e32948374,2026-2931,Brasov,20260629,Clay,O,SF,29,K0HC,Maks Kasnikowski,R,22.982,284,195,P09O,Zsombor Piros,R,26.71,169,342,0,4-6 6-3 6-2,3,TRAIN
7592fecd99e33518d6563d251b657d8323f5ea2c2480179ec337f776680ab513,2026-2931,Brasov,20260629,Clay,O,SF,30,J0AW,Guido Ivan Justo,R,28.531,238,237,S0DQ,Keegan Smith,R,28.016,247,229,0,7-6(4) 6-2,3,TRAIN
2db5d7d27dd4dc0fb9f655aff1b60101e9730e121394dd816aa2758ec8735ede,2026-2931,Brasov,20260629,Clay,O,F,31,P09O,Zsombor Piros,R,26.71,169,342,S0DQ,Keegan Smith,R,28.016,247,229,1,6-4 6-4,3,TRAIN
116d1361a9b1eed3e2a03653a413e6f662e6b60977e7e52c8daa934809381fe1,2026-3119,Quito,20260629,Clay,O,R32,1,PG20,Dmitry Popko,R,29.678,652,54,V836,Juan Pablo Varillas,R,30.73,308,176,0,6-2 4-6 6-4,3,TRAIN
affb185454f4a57ccadcbdf57a37ff8c38bd1b6c112fc6dc85e41f33cbd156b6,2026-3119,Quito,20260629,Clay,O,R32,2,A0IY,Luis Carlos Alvarez,R,21.818,677,50,R0NP,Felipe Rivadeneira,,,1892,1,1,6-3 6-1,3,TRAIN
27b556e66fe5b7b4b42c1cd75cf67a5bd17604ae40674ad1347e81ab1bf0f72a,2026-3119,Quito,20260629,Clay,O,R32,3,H0CD,Alex Hernandez,R,27.017,422,114,L0GR,Juan Manuel La Serna,L,22.396,287,192,0,6-3 4-6 6-1,3,TRAIN
754a4d7469179dafc0396c652ec47bf2322ced2e3d68b23ae79f4ea6e1737b49,2026-3119,Quito,20260629,Clay,O,R32,4,A0G7,Valerio Aboian,L,24.041,442,107,MJ98,Facundo Mena,R,33.766,354,145,1,6-2 6-0,3,TRAIN
155faba2d7b699999c3b039d11d28e7b64fc217ee48909ac581b127c958188f9,2026-3119,Quito,20260629,Clay,O,R32,5,CG07,Hernan Casanova,R,32.392,409,119,G0QJ,Mario Andre Galarraga,L,18.815,2069,1,1,6-0 6-2,3,TRAIN
4ef16e7f970e2bb08eabaf9cddf77fbe3802f49b2aa5950f8b33dbbeb67b7f61,2026-3119,Quito,20260629,Clay,O,R32,6,P0DF,Matheus Pucinelli De Almeida,R,25.243,397,125,R0F1,Johan Alexander Rodriguez,R,22.757,560,71,1,7-5 6-3,3,TRAIN
2e6c9c95747c4cc5958d58d0f4b2f64101418019eff409c4b0babe7af38d8e7a,2026-3119,Quito,20260629,Clay,O,R32,7,A0L6,Lucas Andrade Da Silva,,21.424,813,33,MW75,Felipe Meligeni Alves,R,28.356,807,34,0,6-1 6-2,3,TRAIN
fd1b81b95d80bc405a6e7aae836cc7682ea00987d5778e298198df54c4bf1729,2026-3119,Quito,20260629,Clay,O,R32,8,GB41,Juan Sebastian Gomez,,34.316,562,71,MV75,Ignacio Monzon,R,28.479,693,48,0,6-2 7-6(3),3,TRAIN
2c818dbf184356abe745460ac5d53d233e5e574559c1f9f1548be4590919d67c,2026-3119,Quito,20260629,Clay,O,R32,9,BP79,Peter Bertran,R,30.316,787,37,O560,Juan Sebastian Osorio,R,28.706,840,31,0,2-6 7-6(5) 6-2,3,TRAIN
89e171e89a78fd80305f3cbdc35f677d1c8ed4a6b11dbdc04c5e795fb87202f7,2026-3119,Quito,20260629,Clay,O,R32,10,MW69,Mwendwa Mbithi,R,28.465,810,34,S0EK,Matias Soto,R,27.173,296,183,0,1-6 6-4 7-6(4),3,TRAIN
bb843557a6ce8c343be7575e32481dfacb50762db0ad08d7faaee00ff899e323,2026-3119,Quito,20260629,Clay,O,R32,11,N0BU,Daniel Antonio Nunez,R,25.073,689,48,V0IZ,Angel Veliz,,17.922,1492,4,1,3-6 6-3 6-1,3,TRAIN
072e0fa5164cb42d09ba814af7c1a2ba3793ff0d518a8daeb81d2f79c3763c08,2026-3119,Quito,20260629,Clay,O,R32,12,F0FL,Bruno Fernandez,R,21.925,628,58,P0J1,Rodrigo Pacheco Mendez,L,21.177,338,155,0,5-7 6-2 6-4,3,TRAIN
da97372ff497b31cb62630e4b965dc785b810fdbed241e7313161674bc55e6ab,2026-3119,Quito,20260629,Clay,O,R32,13,M0QQ,Tomas Martinez,R,22.847,883,27,R09V,Eduardo Ribeiro,R,28.285,375,133,0,6-4 6-4,3,TRAIN
2fabbe257ba61bb112d3c2e93ae73e085314cf054e7fc8ec58e8e3d030952650,2026-3119,Quito,20260629,Clay,O,R32,14,G0L1,Segundo Goity Zapico,,20.879,1183,10,L0LD,Samuel Alejandro Linde Palacios,R,18.678,656,54,1,6-1 6-2,3,TRAIN
0ebbd3f16f0b8086811893effb33ea06fd0f2644cc083e315672f3c33f6be33c,2026-3119,Quito,20260629,Clay,O,R32,15,D0IP,Gustavo Ribeiro De Almeida,R,20.194,728,44,H0HU,Samuel Heredia,R,20.06,727,45,0,6-3 6-4,3,TRAIN
870d8260aa3ce65ea9170789da5ef6696dfa5917a87745c5a968696c52655532,2026-3119,Quito,20260629,Clay,O,R32,16,M0HD,Alan Magadan,R,25.092,632,57,SL94,Pedro Sakamoto,R,32.999,496,90,1,2-6 6-3 7-5,3,TRAIN
eef01f2a4c1e3f926284aeaf22fa615eb75c771a19d073cb52ad78b6b2e5ad35,2026-3119,Quito,20260629,Clay,O,R16,17,O560,Juan Sebastian Osorio,R,28.706,840,31,S0EK,Matias Soto,R,27.173,296,183,1,4-6 6-3 6-2,3,TRAIN
2efa62af62a37206fa6b9bdea9d822d879ad6486914a3b6c362349051657a72b,2026-3119,Quito,20260629,Clay,O,R16,18,M0HD,Alan Magadan,R,25.092,632,57,V836,Juan Pablo Varillas,R,30.73,308,176,1,6-1 6-4,3,TRAIN
5b2696076dec55e2ed00cc278a51ce7aeeba7878ed2859720af26257e6f47158,2026-3119,Quito,20260629,Clay,O,R16,19,A0IY,Luis Carlos Alvarez,R,21.818,677,50,CG07,Hernan Casanova,R,32.392,409,119,0,7-5 6-2,3,TRAIN
23308500c1fe60b08c85b238a1873b7574eebe0ee0dca7eec553984a0429fcb9,2026-3119,Quito,20260629,Clay,O,R16,20,N0BU,Daniel Antonio Nunez,R,25.073,689,48,P0DF,Matheus Pucinelli De Almeida,R,25.243,397,125,0,6-2 6-0,3,TRAIN
26e0f0436244248aeaa6f55df0f4d267163a02a2587550a409474c094d7f4d1d,2026-3119,Quito,20260629,Clay,O,R16,21,L0GR,Juan Manuel La Serna,L,22.396,287,192,MV75,Ignacio Monzon,R,28.479,693,48,0,6-2 6-3,3,TRAIN
ae91e9699015a53ea32169b369919af6f882bcf7270451d52069972fc302ac21,2026-3119,Quito,20260629,Clay,O,R16,22,G0L1,Segundo Goity Zapico,,20.879,1183,10,P0J1,Rodrigo Pacheco Mendez,L,21.177,338,155,0,6-2 6-2,3,TRAIN
4a171ac61da0e556bb03a574fdc6289c090f72fc53e1b20468acc76933facef7,2026-3119,Quito,20260629,Clay,O,R16,23,H0HU,Samuel Heredia,R,20.06,727,45,R09V,Eduardo Ribeiro,R,28.285,375,133,1,6-4 6-4,3,TRAIN
96142c7410a71c92bea2dc4040b42a474470fb200a3d497b48384977c8a887e6,2026-3119,Quito,20260629,Clay,O,R16,24,A0G7,Valerio Aboian,L,24.041,442,107,MW75,Felipe Meligeni Alves,R,28.356,807,34,0,6-2 6-4,3,TRAIN
9dc9d1d551bac56fa6f96a69d6ad36054feb96fbacc81e403e785548eb24d84d,2026-3119,Quito,20260629,Clay,O,QF,25,MW75,Felipe Meligeni Alves,R,28.356,807,34,P0J1,Rodrigo Pacheco Mendez,L,21.177,338,155,1,2-6 7-6(6) 7-6(5),3,TRAIN
831252cfb6152cc593869dbd4d9bb0e0a86cf9f78bd52cf6c885393fb7597f93,2026-3119,Quito,20260629,Clay,O,QF,26,CG07,Hernan Casanova,R,32.392,409,119,O560,Juan Sebastian Osorio,R,28.706,840,31,1,6-2 7-6(3),3,TRAIN
ad9df810231cccc14de4a8d7982d5298415ec8269add49e1c3dfae102226c463,2026-3119,Quito,20260629,Clay,O,QF,27,M0HD,Alan Magadan,R,25.092,632,57,P0DF,Matheus Pucinelli De Almeida,R,25.243,397,125,0,6-1 6-7(4) 6-4,3,TRAIN
3a6c0fb954d5ead362b695c6479345f72a61093cbda700d8e4b0804c4f855f2a,2026-3119,Quito,20260629,Clay,O,QF,28,H0HU,Samuel Heredia,R,20.06,727,45,MV75,Ignacio Monzon,R,28.479,693,48,1,6-2 6-4,3,TRAIN
ddb457a900f7cbf685e9cbdda5e9e5f55fddf2613109321acace57c02e8460f1,2026-3119,Quito,20260629,Clay,O,SF,29,CG07,Hernan Casanova,R,32.392,409,119,MW75,Felipe Meligeni Alves,R,28.356,807,34,1,7-6(5) 7-5,3,TRAIN
71ea14b3da41a8b9498147efd58f4abc4bf27c609eb3f00c760678db6461bd9a,2026-3119,Quito,20260629,Clay,O,SF,30,H0HU,Samuel Heredia,R,20.06,727,45,P0DF,Matheus Pucinelli De Almeida,R,25.243,397,125,0,6-3 4-6 6-4,3,TRAIN
df8161f0140b52344c105988ed84a31d77baa2fdaa7132d680bd810c366589f6,2026-3119,Quito,20260629,Clay,O,F,31,CG07,Hernan Casanova,R,32.392,409,119,P0DF,Matheus Pucinelli De Almeida,R,25.243,397,125,0,5-7 6-3 6-2,3,TRAIN
2133f87ac2f2f3d7f575f580eab050dcb57ae413c17fca9d4a16d80feb2eba51,2026-3463,Milan,20260629,Clay,O,R32,1,GJ16,Federico Agustin Gomez,R,29.588,212,270,H0DU,Gustavo Heide,R,24.331,141,430,0,6-4 6-1,3,TRAIN
c50ce33affd603842cbd5f170b22773b1f3ea18112da48d2578d03baf747c292,2026-3463,Milan,20260629,Clay,O,R32,2,B0GY,Alex Barrena,R,23.718,253,220,DA31,Hugo Dellien,R,33.035,162,357,1,5-7 6-1 6-4,3,TRAIN
d4861fbe8d53e113983eb22ab8cfaacb4e37251a9f9d2cb57996aaba5499ac5f,2026-3463,Milan,20260629,Clay,O,R32,3,D0CN,Miguel Damas,R,26.522,280,201,D0LJ,Diego Dedura,L,18.297,271,209,0,6-3 6-4,3,TRAIN
93e7c0a1959607bbb943de0b8da8c0338691a92124c10c8263eb4f8efd54ac68,2026-3463,Milan,20260629,Clay,O,R32,5,C0DF,Francisco Comesana,R,25.728,91,688,D0HM,Matthew William Donald,R,21.637,499,89,1,6-1 6-2,3,TRAIN
d869a2c14837f4879f90460949d6f8fc1565e5030b0b0f5078e00c0744f0f36d,2026-3463,Milan,20260629,Clay,O,R32,7,D0CG,Facundo Diaz Acosta,L,25.536,120,525,T0I3,Miguel Tobon,R,20.027,463,98,1,6-2 6-2,3,TRAIN
39abed9b452c458893c9815353cb4a5dbc2ce22e232f26fa504b500a0487fd16,2026-3463,Milan,20260629,Clay,O,R32,8,DG80,Enrico Dalla Valle,R,28.274,359,143,TA12,Stefano Travaglia,R,34.502,130,464,1,7-6(3) 6-1,3,TRAIN
f4c701072309d36d41c17aca6be06ef991563ff18a34c53340514956056dfe72,2026-3463,Milan,20260629,Clay,O,R32,9,E0AC,Mathys Erhard,R,24.674,377,133,R09X,Jurij Rodionov,L,27.121,142,426,1,6-3 6-2,3,TRAIN
221282bf4b3a6b97a230b03d0a4368e00170779e11a3f5e534e1e996d1f57f91,2026-3463,Milan,20260629,Clay,O,R32,10,GB93,Norbert Gombos,R,35.877,364,140,M0K4,Elmer Moller,R,22.973,147,406,0,7-6(9) 6-1,3,TRAIN
cccb48864210d894422e4b9f8b4853055b2ff4e400279e6dd654514c29d76328,2026-3463,Milan,20260629,Clay,O,R32,11,J476,David Jorda Sanchis,R,32.041,184,312,P0IY,Juan Carlos Prado Angelo,R,21.314,181,327,1,6-2 7-6(2),3,TRAIN
97a11efa93b5318bd71fef1c46ae5824bd88f320fa060d676a85739f1082c9e4,2026-3463,Milan,20260629,Clay,O,R32,12,B0VX,Pierluigi Basile,R,19.474,839,31,RB60,Oriol Roca Batalla,R,33.164,319,169,1,6-7(4) 6-3 6-1,3,TRAIN
0850c07756faa9d017fde4aca9f87c7dd3d21170539c72aa4737232305b4840a,2026-3463,Milan,20260629,Clay,O,R32,13,CF01,Marco Cecchinato,R,33.744,195,292,R0HK,Filippo Romano,R,20.977,312,175,1,5-7 6-2 6-1,3,TRAIN
f8e58baa0c36895dec609fc6637bbb10b71611db786f5c4badf0fc8cc35d1380,2026-3463,Milan,20260629,Clay,O,R32,14,M0R4,Juan Cruz Martin Manzano,L,21.536,494,90,M0XQ,Niels McDonald,R,18.423,569,70,1,7-5 6-1,3,TRAIN
56f2cc393c7c3111d6c4e44beb5e8788e760c7ec45e38e2bb79e24dd5c917655,2026-3463,Milan,20260629,Clay,O,R32,15,M0E1,Daniel Michalski,R,26.464,302,178,P0CT,Francesco Passaro,R,25.473,185,310,0,6-4 7-5,3,TRAIN
7cc17d5e7210447361ed24a076e9da8755f798b6260dff5c7a261c0aca86a683,2026-3463,Milan,20260629,Clay,O,R32,16,R0JW,Michele Ribecai,R,23.398,265,211,R0KM,Daniele Rapagnetta,R,19.57,895,26,0,7-6(4) 6-4,3,TRAIN
a993ec613c2d2b46d1058fe0038b91d72188edd648c9574587924fc348fd80bb,2026-3463,Milan,20260629,Clay,O,R16,17,C0DF,Francisco Comesana,R,25.728,91,688,D0LJ,Diego Dedura,L,18.297,271,209,1,7-6(7) 6-7(10) 6-0,3,TRAIN
0de77fd4a16e75ea1ed71d1d49e81b8fe46e97a738aa0de2d0fffca69321d7f2,2026-3463,Milan,20260629,Clay,O,R16,18,B0GY,Alex Barrena,R,23.718,253,220,H0DU,Gustavo Heide,R,24.331,141,430,0,6-0 7-6(7),3,TRAIN
1899e8268b593828d608c8087f691fe256cdc5821665970f9bbf3ecd898e3282,2026-3463,Milan,20260629,Clay,O,R16,19,DG80,Enrico Dalla Valle,R,28.274,359,143,P0CT,Francesco Passaro,R,25.473,185,310,1,6-2 6-4,3,TRAIN
f829083e937319900e45fd7210891436e8119563b8d8c6a2b0e87539b1ad00dd,2026-3463,Milan,20260629,Clay,O,R16,20,E0AC,Mathys Erhard,R,24.674,377,133,R0FP,Daniel Rincon,L,23.474,261,215,0,6-4 7-6(2),3,TRAIN
3cb4c876aa9c7e22c38dc4993e7f7cc40c13dabdd9fc3c745dcb7d9ef80a73b3,2026-3463,Milan,20260629,Clay,O,R16,21,D0CG,Facundo Diaz Acosta,L,25.536,120,525,R0KM,Daniele Rapagnetta,R,19.57,895,26,1,6-2 6-1,3,TRAIN
65275a77a479a0d7b906e07b7c83cf1344f3ca4a5b93148f9218d7c4c5adf2fc,2026-3463,Milan,20260629,Clay,O,R16,22,B0VX,Pierluigi Basile,R,19.474,839,31,M0K4,Elmer Moller,R,22.973,147,406,1,6-4 6-4,3,TRAIN
849f221ab4f8e42fc3b7cb46898c3d4a0e14da90dbb8a10c61bf76ce0fc944aa,2026-3463,Milan,20260629,Clay,O,R16,23,J476,David Jorda Sanchis,R,32.041,184,312,M0R4,Juan Cruz Martin Manzano,L,21.536,494,90,0,6-0 5-7 6-3,3,TRAIN
a183d5485c89cd1d6dc0baae131e6ba32439603c735b0be841dd9ae51eabf017,2026-3463,Milan,20260629,Clay,O,R16,24,BV24,Raul Brancaccio,R,29.153,248,227,CF01,Marco Cecchinato,R,33.744,195,292,0,6-2 7-6(1),3,TRAIN
c1c0853f3ddac775bf96c252b37dd63828dc9f4edee64ba351fb46de250df7fc,2026-3463,Milan,20260629,Clay,O,QF,25,D0CG,Facundo Diaz Acosta,L,25.536,120,525,M0R4,Juan Cruz Martin Manzano,L,21.536,494,90,1,6-0 6-2,3,TRAIN
c09ed03d93c8f8bd0f374878d5663494b16c33792c35736e0a20f74a1ff382b6,2026-3463,Milan,20260629,Clay,O,QF,26,DG80,Enrico Dalla Valle,R,28.274,359,143,H0DU,Gustavo Heide,R,24.331,141,430,0,7-6(4) 7-6(5),3,TRAIN
d740c1b0e899658f1424b44f3870a725b835cf62a3c3e50abe348668f2bde316,2026-3463,Milan,20260629,Clay,O,QF,28,C0DF,Francisco Comesana,R,25.728,91,688,R0FP,Daniel Rincon,L,23.474,261,215,0,6-4 5-7 7-6(5),3,TRAIN
8e451c4d421bd7f2dac4329958e144c215a00752a50e82ee1dea4c59e4aa63ae,2026-3463,Milan,20260629,Clay,O,SF,29,D0CG,Facundo Diaz Acosta,L,25.536,120,525,R0FP,Daniel Rincon,L,23.474,261,215,1,4-6 6-4 6-3,3,TRAIN
f825038674af987b348ede58de72e10f61c91e8626c893af90119e9342f806e1,2026-3463,Milan,20260629,Clay,O,SF,30,CF01,Marco Cecchinato,R,33.744,195,292,H0DU,Gustavo Heide,R,24.331,141,430,1,6-1 7-5,3,TRAIN
e026ef08405714163dc6e1ed265009103afdd28bb2aef161471669e5097347c2,2026-3463,Milan,20260629,Clay,O,F,31,CF01,Marco Cecchinato,R,33.744,195,292,D0CG,Facundo Diaz Acosta,L,25.536,120,525,0,6-7(0) 7-6(5) 7-6(5),3,TRAIN
2caae205cd3c854afbf0df64540af9efa4ccff105800aaffa9e96b2e6f797bb6,2026-3101,Liege,20260706,Clay,O,R32,1,D0CN,Miguel Damas,R,26.541,280,201,H0HR,Harold Huens,,24.175,1357,6,1,6-0 6-4,3,VALIDATION
c315984032bd5ffbfc7c0d9ba85dd0dbaf8285ff58aed1cbcad1d055084cbb28,2026-3101,Liege,20260706,Clay,O,R32,2,CD00,Maxime Chazal,R,33.199,488,91,D0LY,Emilien Demanet,R,21.196,588,65,0,6-2 6-3,3,VALIDATION
a5c282110d305cc18154491536701affa5447f5a8e9cb70284fadb005da50720,2026-3101,Liege,20260706,Clay,O,R32,3,B0QC,Gilles Arnaud Bailly,R,20.794,210,272,S0Y0,Andres Santamarta Roig,R,19.45,782,38,1,5-7 6-4 7-5,3,VALIDATION
4b8fdd44815d9e4a999f9c1b7995f953f98da514e8e42e94516a558514e98480,2026-3101,Liege,20260706,Clay,O,R32,4,D0JI,Manas Dhamne,R,18.519,386,130,F0A3,Sergey Fomin,R,25.424,299,181,1,6-3 4-6 6-4,3,VALIDATION
6787845f0c7f6facc3575b623d4d7a97c443185580096166c95e48f1bcc9e564,2026-3101,Liege,20260706,Clay,O,R32,5,C0MH,Gerard Campana Lee,R,21.76,597,64,O0A2,Gauthier Onclin,R,25.355,178,331,0,4-6 6-2 6-2,3,VALIDATION
45298f26a6f955df80ac4b1939aceaece114cd5553bf428a38aae5ed2998a08f,2026-3101,Liege,20260706,Clay,O,R32,6,CG33,Kimmer Coppejans,R,32.408,222,258,N0B4,Ryan Nijboer,R,26.94,501,89,1,6-3 6-1,3,VALIDATION
d401ca4c23ee0328369de924e9cc6683ea54de88021bdc1453ef17a76d965ee4,2026-3101,Liege,20260706,Clay,O,R32,7,GA79,Lorenzo Giustino,R,34.82,226,251,R0HQ,Leo Raquillet,R,20.753,646,55,1,6-3 4-6 6-2,3,VALIDATION
521e6047065b735d489351c6c9b0e4acf49e4bdadd3476e1583cade03924dfc7,2026-3101,Liege,20260706,Clay,O,R32,8,D0H9,Guy Den Ouden,R,24.244,244,232,H0B5,Tsung-Hao Huang,R,26.62,612,60,1,6-2 6-2,3,VALIDATION
301a14ea4c27cbce537c860a52c0ec227c0691821e4db1207c24de5856de794a,2026-3101,Liege,20260706,Clay,O,R32,9,H0BF,Philip Henning,R,25.651,254,219,MW76,Matteo Martineau,R,27.469,336,158,1,6-3 6-2,3,VALIDATION
bc33fe4bf375be2dc24764705ee57dbfd7802bdf4fa152a42030ceb27493af86,2026-3101,Liege,20260706,Clay,O,R32,11,B0OU,Hynek Barton,R,22.251,256,219,K0CJ,Sandro Kopp,R,26.111,293,187,0,6-4 6-2,3,VALIDATION
b7a4d30a07c12845111c6892b251630da78c433b945d523e0d7f52a6a039c96b,2026-3101,Liege,20260706,Clay,O,R32,12,B0WL,Felix Balshaw,R,20.057,259,217,S0CG,Carlos Sanchez Jover,L,25.958,366,140,1,6-2 7-5,3,VALIDATION
ccd10b7af359481bb6f96ac4d9bfcde50c8b827f49315f4d8e50754cfff9b2c6,2026-3101,Liege,20260706,Clay,O,R32,13,B0C5,Florian Broska,R,28.509,353,145,W712,Kai Wehnelt,R,30.606,647,55,1,6-2 6-3,3,VALIDATION
10f0fa689ab77d87c308f6bd1284b6f2465e94a353623d21e6ed0ebfe6fc05a8,2026-3101,Liege,20260706,Clay,O,R32,15,F0A4,Francesco Forti,R,26.946,378,132,L0ID,Jack Loge,R,21.634,426,113,0,4-6 6-3 7-6(5),3,VALIDATION
963a6d232c4cfbf09e47ce06b8597268a153299ea3659177bd67665cfeb103b0,2026-3101,Liege,20260706,Clay,O,R32,16,B0FI,Pedro Boscardin Dias,R,23.436,260,217,M0E1,Daniel Michalski,R,26.483,302,178,0,6-2 6-1,3,VALIDATION
9bf2d8e278cbfc000aa80d84e7fd99e3793269c7d4a4c8d71c9e1d0a1ad0834e,2026-3101,Liege,20260706,Clay,O,R16,17,B0QC,Gilles Arnaud Bailly,R,20.794,210,272,D0CN,Miguel Damas,R,26.541,280,201,0,7-5 2-6 6-2,3,VALIDATION
c27bc575f8449f0e00239afa67016119159d9be667e97089391848df497da3df,2026-3101,Liege,20260706,Clay,O,R16,18,D0LY,Emilien Demanet,R,21.196,588,65,GA79,Lorenzo Giustino,R,34.82,226,251,0,6-3 6-4,3,VALIDATION
ed7242ac9c568ee0a390c287758b5da809bd99f4a56fa26d8db097a70283c56b,2026-3101,Liege,20260706,Clay,O,R16,19,D0JI,Manas Dhamne,R,18.519,386,130,K0CJ,Sandro Kopp,R,26.111,293,187,1,7-6(4) 7-6(5),3,VALIDATION
6d0076d30f62dd1dc3333cc9c5476139839da99fa44943f8e9accb67dd1cfe89,2026-3101,Liege,20260706,Clay,O,R16,20,L0ID,Jack Loge,R,21.634,426,113,S0H1,Luca Staeheli,R,26.327,589,65,1,7-6(5) 3-6 6-2,3,VALIDATION
015de97755c7b9b1bb6b5eddc5822b2da7f240a1b52fae16b4eef968c6f5f188,2026-3101,Liege,20260706,Clay,O,R16,21,B0C5,Florian Broska,R,28.509,353,145,O0A2,Gauthier Onclin,R,25.355,178,331,1,5-7 7-6(5) 6-2,3,VALIDATION
8ef8b07be9b9e709cbeb7627f7b2d0e0e9123452c6d559e986dee2f40eebf566,2026-3101,Liege,20260706,Clay,O,R16,22,CG33,Kimmer Coppejans,R,32.408,222,258,M0E1,Daniel Michalski,R,26.483,302,178,1,6-4 7-5,3,VALIDATION
288900358462deb9c0446ab970b1c9df3e7daba752ad265c75e9fc0574c77649,2026-3101,Liege,20260706,Clay,O,R16,23,CE77,Federico Coria,R,34.324,889,26,D0H9,Guy Den Ouden,R,24.244,244,232,0,2-6 6-2 6-3,3,VALIDATION
8411834beb87173a57be1330bb4e2547310ee790118f982553ebd7ce0fc6fcf3,2026-3101,Liege,20260706,Clay,O,R16,24,B0WL,Felix Balshaw,R,20.057,259,217,H0BF,Philip Henning,R,25.651,254,219,1,6-0 6-2,3,VALIDATION
3202bbddb8e40b645d08cae998f73e0f60a0dd41172d74975b26f5cdf9b8f823,2026-3101,Liege,20260706,Clay,O,QF,25,CG33,Kimmer Coppejans,R,32.408,222,258,D0H9,Guy Den Ouden,R,24.244,244,232,1,6-3 6-3,3,VALIDATION
c316016ec181b5d8748656fdcae93f77bdf0820e114cdf2fdbcee5a1467b8c24,2026-3101,Liege,20260706,Clay,O,QF,26,GA79,Lorenzo Giustino,R,34.82,226,251,L0ID,Jack Loge,R,21.634,426,113,1,7-5 6-4,3,VALIDATION
c32cd530543c4fa2a0afb92cfd86276ce910ff52edd157d83e98f8bfe1becf43,2026-3101,Liege,20260706,Clay,O,QF,27,B0C5,Florian Broska,R,28.509,353,145,B0WL,Felix Balshaw,R,20.057,259,217,1,7-6(4) 6-4,3,VALIDATION
e240a0d41e11d7c7a097b3ae4fedd38f9a433dcffbbb6ad7ef50033a44251a00,2026-3101,Liege,20260706,Clay,O,QF,28,D0CN,Miguel Damas,R,26.541,280,201,D0JI,Manas Dhamne,R,18.519,386,130,1,6-1 7-6(6),3,VALIDATION
a44bae53f627913907e8c4edf9644785dc787836b174572f7de11f6c41328b02,2026-3101,Liege,20260706,Clay,O,SF,29,B0C5,Florian Broska,R,28.509,353,145,CG33,Kimmer Coppejans,R,32.408,222,258,1,6-3 6-2,3,VALIDATION
e623b655709895d9cc9c82f75b372fc781abbbf8718d8df0e8882714b7f37771,2026-3101,Liege,20260706,Clay,O,SF,30,D0CN,Miguel Damas,R,26.541,280,201,GA79,Lorenzo Giustino,R,34.82,226,251,0,7-6(3) 6-3,3,VALIDATION
a52e1b73c1e720b0a347f767281dbfdaf257b486a9339b52e2ee9cda46a16505,2026-3101,Liege,20260706,Clay,O,F,31,B0C5,Florian Broska,R,28.509,353,145,GA79,Lorenzo Giustino,R,34.82,226,251,1,6-7(4) 6-4 6-1,3,VALIDATION
c86c4836703ee97851d79ab65076412790a2d8986d430076f74ed3d635cf20f1,2026-526,Braunschweig,20260706,Clay,O,R32,1,K0O4,Moise Kouame,R,17.333,215,264,R0ED,Max Hans Rehberg,R,22.812,510,84,0,6-4 6-4,3,VALIDATION
11b9be47cc60a0b43c9cac53add59141d7007b1b6962b3a61d340066e4de4626,2026-526,Braunschweig,20260706,Clay,O,R32,2,P0O9,Mika Petkovic,R,19.518,495,90,S0GR,Timofey Skatov,R,25.454,172,335,1,7-5 6-3,3,VALIDATION
d02af25379d9d0795eecc50fcf378c51138c3893a80024b0b64f7bfea8618987,2026-526,Braunschweig,20260706,Clay,O,R32,3,B0FV,Roman Andres Burruchaga,R,24.449,65,875,S0VU,Max Schoenhaus,R,18.93,335,158,0,6-3 6-3,3,VALIDATION
0c6f3d09e3ecb892a3aba069c06bd9a80b89ca45815e2a6f3c9bfdd7e4b67c97,2026-526,Braunschweig,20260706,Clay,O,R32,4,P0IY,Juan Carlos Prado Angelo,R,21.333,181,327,V0DP,Adolfo Daniel Vallejo,R,22.188,72,828,0,6-2 6-4,3,VALIDATION
a3a13588b5852d32bf9d7456e8b3ee440e6723082b7b421f8f8cf90c11e23e06,2026-526,Braunschweig,20260706,Clay,O,R32,5,CH12,Jan Choinski,R,30.07,100,657,KC33,Dimitar Kuzmanov,R,32.939,427,113,1,6-4 6-4,3,VALIDATION
06ff463256a86ec20bffb373709197648c602845f671dcfebc61dc55364d9c6b,2026-526,Braunschweig,20260706,Clay,O,R32,6,GB93,Norbert Gombos,R,35.896,364,140,O513,Sebastian Ofner,R,30.149,110,557,0,6-3 6-3,3,VALIDATION
379ec066b50195598cded5deeef9eb049e2a32bc2b98decba58a5d71c52b19b6,2026-526,Braunschweig,20260706,Clay,O,R32,7,BG23,Nikoloz Basilashvili,R,34.366,111,554,G0FW,Vilius Gaubas,R,21.517,129,474,0,6-3 6-7(5) 6-2,3,VALIDATION
5f8112f883cc28caff12f12f3204ff70a93b63f6c9f2264bc9aac4d8d58c1151,2026-526,Braunschweig,20260706,Clay,O,R32,8,S0GD,Dalibor Svrcina,R,23.759,112,550,SX91,Thiago Seyboth Wild,R,26.322,243,233,1,6-4 6-3,3,VALIDATION
486e54a1e99ac81130d773d74d877a032c0a808ae07e58ac7b0792b4402eede9,2026-526,Braunschweig,20260706,Clay,O,R32,9,CO01,Andrey Chepelev,L,27.926,360,143,G09O,Hugo Gaston,L,25.774,118,533,0,6-4 6-1,3,VALIDATION
e88ca961b82c20c25c4c825d6fc372767a17e4b2a51c78ac9813f938e1a5e5ac,2026-526,Braunschweig,20260706,Clay,O,R32,10,D0LJ,Diego Dedura,L,18.316,271,209,T09X,Clement Tabur,R,26.448,189,303,1,6-1 3-6 6-4,3,VALIDATION
dd12f3289c68b7be14c9dc32b2a9a725e8b492abb44aaf65fa83912d96e59dc6,2026-526,Braunschweig,20260706,Clay,O,R32,11,D0CG,Facundo Diaz Acosta,L,25.555,120,525,M0AC,Rudolf Molleker,R,25.692,484,92,1,6-3 3-6 6-4,3,VALIDATION
8c3ff73070659c2ae9689f83d8f30cfa2963454ff07f20e3a83d0d16f9788cb8,2026-526,Braunschweig,20260706,Clay,O,R32,12,B0GR,Gonzalo Bueno,R,22.256,182,322,DB63,Laslo Djere,R,31.094,234,241,0,6-1 6-2,3,VALIDATION
5231c0fe4212c297a9581a5d9dafd3789e8d384a1ea38fec38861eb8626725f6,2026-526,Braunschweig,20260706,Clay,O,R32,13,K0FY,Martin Krumich,R,23.526,282,199,P0HY,Samuele Pieri,R,24.35,406,120,1,7-5 4-6 6-3,3,VALIDATION
6068fef7cc27007e92d2f23cb534c34dd21cabb10c8e6f949951aa0f6cde5036,2026-526,Braunschweig,20260706,Clay,O,R32,14,M0XQ,Niels McDonald,R,18.442,569,70,S0DQ,Keegan Smith,R,28.036,247,229,1,6-1 6-3,3,VALIDATION
2462ae8a3deca42d5c04dcc48cdc3dd6112f5e8b52ca13b4b1fb62ba84875305,2026-526,Braunschweig,20260706,Clay,O,R32,15,M0BN,Marvin Moeller,R,27.463,372,134,S0R2,Benito Sanchez Martinez,L,24.183,1124,12,1,0-6 6-3 7-6(6),3,VALIDATION
f151620aad1bb3f24a8892e80b41e5b60b47809a8e1b4e330fe158bdd0a32289,2026-526,Braunschweig,20260706,Clay,O,R32,16,G0IB,Tom Gentzsch,R,22.834,216,263,R0FP,Daniel Rincon,L,23.493,261,215,0,6-4 6-4,3,VALIDATION
8e3ab15530355f349495bff2f19f7a05b9de798765003acd4fcb77925fb8d45d,2026-526,Braunschweig,20260706,Clay,O,R16,17,CH12,Jan Choinski,R,30.07,100,657,R0ED,Max Hans Rehberg,R,22.812,510,84,1,2-6 7-5 6-4,3,VALIDATION
45d7004e9c415b5e01877d2098c7cf821e15a23361b971df45b85cfe1e09fe81,2026-526,Braunschweig,20260706,Clay,O,R16,18,O513,Sebastian Ofner,R,30.149,110,557,R0FP,Daniel Rincon,L,23.493,261,215,0,3-6 7-5 6-3,3,VALIDATION
122f6c46fe5ab3ee8891108863709aa6e88e225c0eaeb739dfccc2bb664fbd65,2026-526,Braunschweig,20260706,Clay,O,R16,19,D0LJ,Diego Dedura,L,18.316,271,209,S0GD,Dalibor Svrcina,R,23.759,112,550,1,6-3 7-6(3),3,VALIDATION
f34f61cfb42b63d8c44578a3c32d617f2cf00d87f71a5d1448df4d0553c01171,2026-526,Braunschweig,20260706,Clay,O,R16,20,DB63,Laslo Djere,R,31.094,234,241,S0VU,Max Schoenhaus,R,18.93,335,158,1,7-5 6-4,3,VALIDATION
4afa21bbc57cc59fd5971c81a68852f09dd748718b171147ee2ff126392d2a55,2026-526,Braunschweig,20260706,Clay,O,R16,22,G09O,Hugo Gaston,L,25.774,118,533,P0O9,Mika Petkovic,R,19.518,495,90,1,6-7(4) 6-4 6-1,3,VALIDATION
85a2128b4ec81a13b7e6ae676dfe6bff6ba04d8edf3c88e7a3eab6347c3bd594,2026-526,Braunschweig,20260706,Clay,O,R16,23,D0CG,Facundo Diaz Acosta,L,25.555,120,525,G0FW,Vilius Gaubas,R,21.517,129,474,1,6-4 6-2,3,VALIDATION
2999d12933bb0116a5be8ad6a554a32d33c2fd941e7cc817b4d3442e5e25fe41,2026-526,Braunschweig,20260706,Clay,O,R16,24,K0FY,Martin Krumich,R,23.526,282,199,M0XQ,Niels McDonald,R,18.442,569,70,0,6-4 6-4,3,VALIDATION
264b8d525581d8dec36ca715bd36b66e79df7bdb3e89df87290576811acdb77d,2026-526,Braunschweig,20260706,Clay,O,QF,25,G09O,Hugo Gaston,L,25.774,118,533,M0BN,Marvin Moeller,R,27.463,372,134,1,6-2 6-4,3,VALIDATION
444dff65cbbab92c10abc8be9b328639e69c40727eb81113ef6e196b9cff743e,2026-526,Braunschweig,20260706,Clay,O,QF,26,CH12,Jan Choinski,R,30.07,100,657,D0LJ,Diego Dedura,L,18.316,271,209,1,6-4 6-1,3,VALIDATION
e366d41748853f03a4bcf932428d7e08df50b9c5a376d488e68e20346134295d,2026-526,Braunschweig,20260706,Clay,O,QF,27,D0CG,Facundo Diaz Acosta,L,25.555,120,525,M0XQ,Niels McDonald,R,18.442,569,70,1,6-3 6-2,3,VALIDATION
358f6887a41e66ca16442c07f6fb0493578af53f07f21c445cfd535110db5b83,2026-526,Braunschweig,20260706,Clay,O,QF,28,DB63,Laslo Djere,R,31.094,234,241,R0FP,Daniel Rincon,L,23.493,261,215,0,6-7(3) 6-4 6-3,3,VALIDATION
857b31a0a90c97e6344d41d1a8ebb1f44705d22cdaa9d1f7badea1dabdf31fba,2026-526,Braunschweig,20260706,Clay,O,SF,29,CH12,Jan Choinski,R,30.07,100,657,R0FP,Daniel Rincon,L,23.493,261,215,1,7-5 6-2,3,VALIDATION
e039cf1613561f0901d0f61b10e2b49271e8eeb2299765c8eede4ff9ef0d39d8,2026-526,Braunschweig,20260706,Clay,O,SF,30,D0CG,Facundo Diaz Acosta,L,25.555,120,525,G09O,Hugo Gaston,L,25.774,118,533,0,5-7 7-6(4) 7-5,3,VALIDATION
38a5f24d07213c42badc7473647d0240dd669b993b00f7c71c0b07a9730004bd,2026-526,Braunschweig,20260706,Clay,O,F,31,CH12,Jan Choinski,R,30.07,100,657,G09O,Hugo Gaston,L,25.774,118,533,1,4-6 6-0 6-4,3,VALIDATION
47ad2641782417622973368edae2abb83dd2cd7c0bd5fd35abd75a0c5b2a74ad,2026-7389,Bogota,20260706,Clay,O,R32,1,F0FL,Bruno Fernandez,R,21.944,628,58,V836,Juan Pablo Varillas,R,30.749,308,176,0,2-6 6-3 6-4,3,VALIDATION
5b8ef539c8979f48ac2787453572a6842d13706b12e572f854a753e332fbc368,2026-7389,Bogota,20260706,Clay,O,R32,2,GB41,Juan Sebastian Gomez,,34.335,562,71,R09V,Eduardo Ribeiro,R,28.304,375,133,0,6-2 7-5,3,VALIDATION
714463d15aa644ee0dc449c0374acb4fd2ba90fe7232bfe2aefab603fad0f8de,2026-7389,Bogota,20260706,Clay,O,R32,3,A0G7,Valerio Aboian,L,24.06,442,107,A0IY,Luis Carlos Alvarez,R,21.837,677,50,0,7-5 6-7(9) 7-5,3,VALIDATION
c18de516422383c205ab3c8828b1bc009c17138de4eab98ba0f6155f2f916c63,2026-7389,Bogota,20260706,Clay,O,R32,4,M0HD,Alan Magadan,R,25.112,632,57,R0F1,Johan Alexander Rodriguez,R,22.776,560,71,1,7-5 7-5,3,VALIDATION
e9c4a37112a0ee7fa1f6f698ac0b8d67217c5d8a1c7c90514fafe3f5ea8694ca,2026-7389,Bogota,20260706,Clay,O,R32,5,L0LD,Samuel Alejandro Linde Palacios,R,18.697,656,54,RH59,Santiago Rodriguez Taverna,R,26.973,384,131,0,7-6(1) 6-3,3,VALIDATION
f02ca5c187f5eb05da054cda1ab23064caa5046a96c4460815c734a958c7e539,2026-7389,Bogota,20260706,Clay,O,R32,6,M0AW,Nicolas Mejia,R,26.398,165,349,T0AF,Fermin Tenti,R,29.06,995,20,1,6-3 6-2,3,VALIDATION
a16ffefcd344981c25fdee6ece6bf612d16e3451d627ef7a432b7571efe62229,2026-7389,Bogota,20260706,Clay,O,R32,7,H0A4,Nick Hardt,R,25.791,267,210,H0CD,Alex Hernandez,R,27.036,422,114,1,7-6(5) 4-6 6-2,3,VALIDATION
7a56b877d2aedfbda0693a94d0a0dd18441b057a3fcc0e15d9748fb0acfd00ce,2026-7389,Bogota,20260706,Clay,O,R32,8,O560,Juan Sebastian Osorio,R,28.726,840,31,S0EK,Matias Soto,R,27.192,296,183,0,6-2 3-6 6-2,3,VALIDATION
dff13624015b482b6de14230ce6846aa1884703f8b5220e018da153ed2846b19,2026-7389,Bogota,20260706,Clay,O,R32,9,A0IK,Luciano Emanuel Ambrogi,R,22.628,320,169,HH08,Sergio Luis Hernandez Ramirez,R,26.856,1348,6,1,7-5 6-4,3,VALIDATION
313ef0f3d450f000cf58ecd8773b4e791d5783a51f84a8619a08059f5094d48e,2026-7389,Bogota,20260706,Clay,O,R32,10,MW75,Felipe Meligeni Alves,R,28.375,807,34,P0J1,Rodrigo Pacheco Mendez,L,21.196,338,155,1,6-4 6-3,3,VALIDATION
46d480b1c2c0bf0bb3bced00ba08306748c0038e1942dfc10f61f7d62c6bfa36,2026-7389,Bogota,20260706,Clay,O,R32,11,A09P,Alafia Ayeni,R,26.905,444,106,MJ98,Facundo Mena,R,33.785,354,145,0,3-6 6-3 7-5,3,VALIDATION
094a2ed31dc3dbd94d31acaf3b2baa9657d5a7008821d88f3ae55ec2f7abf9e0,2026-7389,Bogota,20260706,Clay,O,R32,12,A0L6,Lucas Andrade Da Silva,,21.443,813,33,R0BC,Lorenzo Joaquin Rodriguez,R,26.768,454,103,1,6-4 7-6(1),3,VALIDATION
5e50844bd9726bda7e2aad592d5212a2820e9e5d367dd90d086f71dc9aecde45,2026-7389,Bogota,20260706,Clay,O,R32,13,CG07,Hernan Casanova,R,32.411,409,119,MV75,Ignacio Monzon,R,28.498,693,48,1,7-5 7-5,3,VALIDATION
837fe880cb2525d6ebf4bea95ef3ce32e9cdfd1f2aa0f0086a6aff9857147d50,2026-7389,Bogota,20260706,Clay,O,R32,14,C0JV,Lorenzo Claverie,R,23.77,,,H0HU,Samuel Heredia,R,20.079,727,45,1,7-6(3) 6-7(5) 6-1,3,VALIDATION
d7d7e4a3d2b4e1a7ea16ecce702305aa73fb45af1cccf13b861e1d343c4f7448,2026-7389,Bogota,20260706,Clay,O,R32,16,P0DF,Matheus Pucinelli De Almeida,R,25.262,397,125,PG20,Dmitry Popko,R,29.697,652,54,1,6-3 4-6 7-5,3,VALIDATION
cb69670f200b35f8fac326e7393e4f4592a9540e79935194aa1ac6fe7a2922b7,2026-7389,Bogota,20260706,Clay,O,R16,17,M0HD,Alan Magadan,R,25.112,632,57,S0EK,Matias Soto,R,27.192,296,183,0,7-6(5) 6-3,3,VALIDATION
3c7694487d615202cce0da4a0c03ea43546f6c16b83d5ba2dda89efb50edcc84,2026-7389,Bogota,20260706,Clay,O,R16,18,P0DF,Matheus Pucinelli De Almeida,R,25.262,397,125,R09V,Eduardo Ribeiro,R,28.304,375,133,1,6-1 6-4,3,VALIDATION
190d5554d00222ca17cb723351b39b43959a57286b44706569f5807bc58950af,2026-7389,Bogota,20260706,Clay,O,R16,19,A0IY,Luis Carlos Alvarez,R,21.837,677,50,V836,Juan Pablo Varillas,R,30.749,308,176,0,7-6(4) 6-7(4) 6-1,3,VALIDATION
7b279d9237a835f2fa8ec7a9f1eef27f8af559b2e8befdbcf7082d2c6c4ce97e,2026-7389,Bogota,20260706,Clay,O,R16,20,A0L6,Lucas Andrade Da Silva,,21.443,813,33,MW75,Felipe Meligeni Alves,R,28.375,807,34,1,4-6 6-4 7-6(0),3,VALIDATION
1ae5a732a8974deaba64e0304973ccd6a5d505c4fc0da54dd2c6d643ec1b75d1,2026-7389,Bogota,20260706,Clay,O,R16,21,C0JV,Lorenzo Claverie,R,23.77,,,H0A4,Nick Hardt,R,25.791,267,210,1,7-6(3) 7-6(5),3,VALIDATION
63b51c956c882c93a179624283b42117572175392558948521872bc408d81739,2026-7389,Bogota,20260706,Clay,O,R16,22,M0EG,Tristan McCormick,R,27.264,604,61,MJ98,Facundo Mena,R,33.785,354,145,0,5-7 6-4 6-4,3,VALIDATION
bc9edeaaa06eda79fe9625e2e6a198aa0f8f6e407fe6791e6efffa4a3fd28ce4,2026-7389,Bogota,20260706,Clay,O,R16,23,M0AW,Nicolas Mejia,R,26.398,165,349,RH59,Santiago Rodriguez Taverna,R,26.973,384,131,1,7-6(2) 6-7(3) 6-2,3,VALIDATION
d04eac22149df9a1620d51a423f0d1815a9d7d5b1c5422c2e8f09bafcc8bd347,2026-7389,Bogota,20260706,Clay,O,R16,24,A0IK,Luciano Emanuel Ambrogi,R,22.628,320,169,CG07,Hernan Casanova,R,32.411,409,119,0,7-6(2) 6-2,3,VALIDATION
4f8878c01abc4fc5cff8cc1c71968e16daa86d2f63b6d039a0d521a88fceaaeb,2026-7389,Bogota,20260706,Clay,O,QF,25,CG07,Hernan Casanova,R,32.411,409,119,M0AW,Nicolas Mejia,R,26.398,165,349,0,6-3 6-2,3,VALIDATION
8e75f68be6ea87ddc9b9badcad7e8c52ef7c68a926e40bf840803f8c8b80a3be,2026-7389,Bogota,20260706,Clay,O,QF,26,A0L6,Lucas Andrade Da Silva,,21.443,813,33,S0EK,Matias Soto,R,27.192,296,183,0,6-4 6-7(5) 6-1,3,VALIDATION
2cbfcde21e7780f25d995b0812d04f0d27a3f0e22d492118e57a37576b5402e7,2026-7389,Bogota,20260706,Clay,O,QF,27,C0JV,Lorenzo Claverie,R,23.77,,,MJ98,Facundo Mena,R,33.785,354,145,1,7-6(5) 7-6(6),3,VALIDATION
6d9040e32535ed03c1aeae85613ca1f0409c330260f76a65546a0d3e2b815ef0,2026-7389,Bogota,20260706,Clay,O,QF,28,P0DF,Matheus Pucinelli De Almeida,R,25.262,397,125,V836,Juan Pablo Varillas,R,30.749,308,176,0,6-3 7-6(4),3,VALIDATION
3f9561b3428446e59796354b8a1c56bcd1871271d460b8687d119133dc82f29b,2026-7389,Bogota,20260706,Clay,O,SF,29,C0JV,Lorenzo Claverie,R,23.77,,,S0EK,Matias Soto,R,27.192,296,183,0,7-5 7-5,3,VALIDATION
7ecfc16184a04b1a7dd122279668335718f5a928d90da26f1051d3f458a2cc6a,2026-7389,Bogota,20260706,Clay,O,SF,30,M0AW,Nicolas Mejia,R,26.398,165,349,V836,Juan Pablo Varillas,R,30.749,308,176,1,6-4 5-7 6-1,3,VALIDATION
88eb99c417875b4f83bd18f02145cca41ecbb208d69a183ccf4f48ba4a78db19,2026-7389,Bogota,20260706,Clay,O,F,31,M0AW,Nicolas Mejia,R,26.398,165,349,S0EK,Matias Soto,R,27.192,296,183,1,6-1 7-5,3,VALIDATION
dae4f20539eb1f5c371383d63e48873d3bd8b17d9b7f178acae804a6bbd00862,2026-8394,Iasi,20260706,Clay,O,R32,1,F0HO,Thomas Faurel,R,20.454,321,168,K0EP,Jerome Kym,R,23.395,196,291,0,6-0 2-6 6-2,3,VALIDATION
c95fdf0c7696daf834c4270c0210d0f046738c900b549fb5823395dbd58763d1,2026-8394,Iasi,20260706,Clay,O,R32,2,KH56,Zdenek Kolar,R,29.739,154,378,P0CY,Stefan Palosi,R,26.437,411,118,1,7-5 6-0,3,VALIDATION
44ef1dc19fe2a968f2d9a3b7b262bced3ae27fa3057ecec00d9ae4de80bd6475,2026-8394,Iasi,20260706,Clay,O,R32,3,DA81,Taro Daniel,R,33.437,203,279,O660,Genaro Alberto Olivieri,R,27.921,201,280,1,6-0 6-4,3,VALIDATION
db470f606d32605f8431bbffc499b4d5a22bac417a63aea4fb5131bc4bf9ba2a,2026-8394,Iasi,20260706,Clay,O,R32,4,C0NB,Federico Cina,R,19.269,174,333,K0HC,Maks Kasnikowski,R,23.001,284,195,0,6-4 3-6 7-5,3,VALIDATION
700bbc1e5757fb5d17c76ab570f741146b2c048c04802fcbe79a953ade3d04ca,2026-8394,Iasi,20260706,Clay,O,R32,5,M0OH,Lautaro Midon,R,22.27,230,247,P0FJ,Radu Mihai Papoe,R,23.855,358,144,1,6-2 6-2,3,VALIDATION
6ede3815c1e67c167c0bc4b308acc58df19d5f6f7a37d79e8da6182457f3a2da,2026-8394,Iasi,20260706,Clay,O,R32,6,N663,Maximilian Neuchrist,R,34.957,832,32,R0EB,Valentin Royer,R,25.103,75,798,0,6-2 6-3,3,VALIDATION
ff2d7a3cdcc5e5bd32054df8ffd717685334aeefa54bd358c5d6aef7283c2af2,2026-8394,Iasi,20260706,Clay,O,R32,7,D923,Damir Dzumhur,R,34.127,105,604,H0L4,Stefan Horia Haita,R,19.083,857,29,1,6-1 6-1,3,VALIDATION
4e00f0814a7b2fe43e995006718ffc673cae7df7adfd2a1dd416097df739cc10,2026-8394,Iasi,20260706,Clay,O,R32,8,D0DW,Titouan Droguet,R,25.057,116,534,E0AC,Mathys Erhard,R,24.693,377,133,1,7-6(5) 6-4,3,VALIDATION
a00f0d48107528999f16a310f0726bb64ae7d62b7db910ac12848e63368d871a,2026-8394,Iasi,20260706,Clay,O,R32,9,DH23,S D Prajwal Dev,R,30.108,653,54,MO44,Pedro Martinez,R,29.194,134,451,0,6-3 4-6 6-2,3,VALIDATION
98a4a82c4900c70b05dd0bcd2967ccbecbd9e110f059ded708e1373b5b87aad7,2026-8394,Iasi,20260706,Clay,O,R32,10,BS86,Tomas Barrios Vera,R,28.569,137,442,S0O6,Ilia Simakin,R,22.691,304,177,0,4-6 7-5 7-6(7),3,VALIDATION
456b742c75ad55e25f34efe05f9403b1e37e5ff842c23c7b9ada58dd3931e469,2026-8394,Iasi,20260706,Clay,O,R32,11,H0DU,Gustavo Heide,R,24.35,141,430,PH77,David Poljak,R,30.136,1181,10,1,6-4 7-6(4),3,VALIDATION
c2e35cc76bf28faee571c9c8ceb6087a204a6fc4cb0ba08cbfc9668787c645f4,2026-8394,Iasi,20260706,Clay,O,R32,12,C0B2,Cezar Cretu,R,25.199,272,207,M0EY,Alex Marti Pujolras,R,27.4,461,98,1,6-1 6-4,3,VALIDATION
d794b557d6b8a60410794ad1368dd70284d39961871c8b255a00fe19b5ed3b3a,2026-8394,Iasi,20260706,Clay,O,R32,13,DH46,Alexander Donski,R,27.929,528,79,G0GW,Sascha Gueymard Wayenburg,R,22.93,283,198,0,7-6(4) 4-6 6-3,3,VALIDATION
a9c1ec8f9a34bbb23b36e8f3c10347f5afe0a2d25ee6cf7b4744d9e54cfd795b,2026-8394,Iasi,20260706,Clay,O,R32,14,P0AY,Luka Pavlovic,R,26.267,217,261,SN54,Frederico Ferreira Silva,L,31.302,231,246,1,2-6 6-3 6-4,3,VALIDATION
34ecc3f746080bd6fbfa00931725615518638ae4c53effa51340360fe6fc2ae9,2026-8394,Iasi,20260706,Clay,O,R32,15,G0ME,Gabriel Ghetu,R,18.661,723,45,P09O,Zsombor Piros,R,26.73,169,342,0,6-0 6-3,3,VALIDATION
caccdf2904cb4506cdf8b7ecfefaec052565d2adf38ed0bbc7d118ffa370da65,2026-8394,Iasi,20260706,Clay,O,R32,16,H0EZ,Samir Hamza Reguig,R,24.46,709,47,W0BU,Olle Wallin,R,24.704,447,104,0,6-4 6-1,3,VALIDATION
09804512858579c2af203fb3c7aa9d4f187c4e6b19e954d62b9f8b49bb0532a7,2026-8394,Iasi,20260706,Clay,O,R16,17,K0HC,Maks Kasnikowski,R,23.001,284,195,MO44,Pedro Martinez,R,29.194,134,451,1,4-6 6-3 7-5,3,VALIDATION
b6889c975e9436eb84de85918a3d02a52100c2ea29074c4886b908c8fea48837,2026-8394,Iasi,20260706,Clay,O,R16,18,G0GW,Sascha Gueymard Wayenburg,R,22.93,283,198,K0EP,Jerome Kym,R,23.395,196,291,0,7-6(1) 7-5,3,VALIDATION
8057bada375dd1052a1f836c7959ddeb08ac1dce14fc983cc773b67b290f7b81,2026-8394,Iasi,20260706,Clay,O,R16,19,M0OH,Lautaro Midon,R,22.27,230,247,S0O6,Ilia Simakin,R,22.691,304,177,1,7-5 6-3,3,VALIDATION
0e7ce628ce818f918e23adc6a2c80b6df07df4d7a741103e71af052ac98296fb,2026-8394,Iasi,20260706,Clay,O,R16,20,D923,Damir Dzumhur,R,34.127,105,604,P09O,Zsombor Piros,R,26.73,169,342,0,4-6 6-4 6-3,3,VALIDATION
692146ba8b1811f12b152ed5742ab1ddba1fbb05eb65c8d1511cdbb2e17fd88f,2026-8394,Iasi,20260706,Clay,O,R16,21,R0EB,Valentin Royer,R,25.103,75,798,W0BU,Olle Wallin,R,24.704,447,104,1,3-6 7-6(3) 6-4,3,VALIDATION
a7ad6da44aa64cfed7f92b43a940c825fb61f9d757a7c8ebdc8be91f58538494,2026-8394,Iasi,20260706,Clay,O,R16,22,C0B2,Cezar Cretu,R,25.199,272,207,H0DU,Gustavo Heide,R,24.35,141,430,0,2-6 7-5 6-3,3,VALIDATION
f09a81bad3b15b886976fdaeeb8dfa16c8506b270ec436af2168aa9dbec0a557,2026-8394,Iasi,20260706,Clay,O,R16,23,DA81,Taro Daniel,R,33.437,203,279,KH56,Zdenek Kolar,R,29.739,154,378,1,6-4 6-3,3,VALIDATION
011720347f2a2914ded45e41bc9b0d72b248b95b61e4f4f05b74ea8e21188774,2026-8394,Iasi,20260706,Clay,O,R16,24,D0DW,Titouan Droguet,R,25.057,116,534,P0AY,Luka Pavlovic,R,26.267,217,261,1,6-3 7-6(3),3,VALIDATION
1ee3db45dd5ef00db5ea2159bdaff455787004870cb41b6507c25a176ef9bb04,2026-8394,Iasi,20260706,Clay,O,QF,25,DA81,Taro Daniel,R,33.437,203,279,R0EB,Valentin Royer,R,25.103,75,798,0,4-6 6-2 6-2,3,VALIDATION
6aa5b1e5aa618f4f28c8d7c65fa1d4e466b51e07fc98893d7e0e7a4e2b9327f4,2026-8394,Iasi,20260706,Clay,O,QF,26,D0DW,Titouan Droguet,R,25.057,116,534,H0DU,Gustavo Heide,R,24.35,141,430,1,6-1 6-3,3,VALIDATION
8a06dd83185c28364539188915b3777c1ee7a55ae681dc948437441eb9d9b871,2026-8394,Iasi,20260706,Clay,O,QF,27,K0EP,Jerome Kym,R,23.395,196,291,K0HC,Maks Kasnikowski,R,23.001,284,195,1,4-6 6-0 6-3,3,VALIDATION
1af094fe36c3c71f914a6cd72d6979113bf304d56fb00d274c1d2a7ee140ba6c,2026-8394,Iasi,20260706,Clay,O,QF,28,M0OH,Lautaro Midon,R,22.27,230,247,P09O,Zsombor Piros,R,26.73,169,342,0,6-2 7-6(3),3,VALIDATION
611243e322d67891c264ae80806dfc754165355ccb67b6b464c5a326f1be447c,2026-8394,Iasi,20260706,Clay,O,SF,29,K0EP,Jerome Kym,R,23.395,196,291,P09O,Zsombor Piros,R,26.73,169,342,0,7-6(5) 6-3,3,VALIDATION
3b2b910b23924496c77af7cd73d687e9701126667af86d18fdcc1f623ccc30e4,2026-8394,Iasi,20260706,Clay,O,SF,30,D0DW,Titouan Droguet,R,25.057,116,534,R0EB,Valentin Royer,R,25.103,75,798,1,6-3 6-4,3,VALIDATION
2e70305cba3426b91c6889c9c458afa8e1f13959c5abf39f8e289e9f3b445e9e,2026-8394,Iasi,20260706,Clay,O,F,31,D0DW,Titouan Droguet,R,25.057,116,534,P09O,Zsombor Piros,R,26.73,169,342,0,6-1 7-6(2),3,VALIDATION
239e49cd0a73741b5a0604246f3d562d2fed26dbaff67734610be82d10e7643a,2026-9351,Trieste,20260706,Clay,O,R32,1,R0BT,Franco Roncadelli,L,26.412,245,232,R0JW,Michele Ribecai,R,23.417,265,211,0,6-3 6-3,3,VALIDATION
b6aac11ea64c30f0aa292c6694650add8e61908f63906097c1eb6e92ee0b6cf1,2026-9351,Trieste,20260706,Clay,O,R32,2,D0L3,Matej Dodig,R,20.964,208,272,N897,Sumit Nagal,R,28.887,219,260,1,6-2 6-4,3,VALIDATION
4f5f7d4f2ef58ec1f94947e0ca6727cc8b7ffb86ba671567d7dc0af85dfe9d10,2026-9351,Trieste,20260706,Clay,O,R32,3,AA27,Franco Agamenone,R,33.224,268,210,BV24,Raul Brancaccio,R,29.172,248,227,0,7-6(3) 3-6 6-3,3,VALIDATION
87e6efa91f37148070ad322d7a99a6842d510e8db1fff67fc912764146bf7f44,2026-9351,Trieste,20260706,Clay,O,R32,4,G0DH,Alvaro Guillen Meza,R,23.507,276,204,S0AK,Henri Squire,R,25.771,235,238,0,7-6(5) 7-6(5),3,VALIDATION
b214657d0f2fac0494c446d42f6c946c915f1d41fa2488dce9ac3b0557d9c36d,2026-9351,Trieste,20260706,Clay,O,R32,5,A0EA,Max Alcala Gurri,R,23.817,228,248,PH64,Andrea Pellegrino,R,29.287,133,457,0,6-3 6-4,3,VALIDATION
1708f00bb24704df112bc54c09aded413434556c1d94a55c9dc0c41b523ef2c4,2026-9351,Trieste,20260706,Clay,O,R32,6,C0LK,Carlo Alberto Caniato,R,20.679,380,131,DA31,Hugo Dellien,R,33.054,162,357,0,6-3 7-5,3,VALIDATION
e09bef9be27bda3e020b26161812532b545359539f4684aaa5a08bf647e57d1b,2026-9351,Trieste,20260706,Clay,O,R32,7,N0CS,Lukas Neumayer,R,23.83,167,345,N0DB,Andrej Nedic,R,21.719,250,226,1,6-4 6-3,3,VALIDATION
715bdc28cd6f144f6da93e788008e81191a6d33b2d63c0ba1b3fd4699d9bb296,2026-9351,Trieste,20260706,Clay,O,R32,8,B0PE,Federico Bondioli,L,21.139,363,142,S0WT,Joel Schwaerzler,L,20.438,177,331,1,3-6 6-3 7-5,3,VALIDATION
db3ed71f3b0a8412db4eab0972804964c8c4653e5f6193f0d5ed7b01ee187886,2026-9351,Trieste,20260706,Clay,O,R32,10,DG80,Enrico Dalla Valle,R,28.293,359,143,GJ16,Federico Agustin Gomez,R,29.607,212,270,0,6-4 4-6 6-4,3,VALIDATION
7828022aa17043a434b0e1881d0b72f7bb985b5390c7082cb82e30b0f3c0d1af,2026-9351,Trieste,20260706,Clay,O,R32,11,D0HX,Dylan Dietrich,R,21.785,694,47,S0GZ,Nikolas Sanchez Izquierdo,R,27.31,214,266,0,7-6(7) 2-6 6-3,3,VALIDATION
79c18180a3fb0a3efcb9e573b2e2d13cfb7e8fae2e757ca040d8ffeb508c94f0,2026-9351,Trieste,20260706,Clay,O,R32,12,B0GY,Alex Barrena,R,23.737,253,220,PL64,Oleg Prihodko,R,28.756,428,112,1,6-4 6-4,3,VALIDATION
6e430722d14a29d4a875ca2222f7a01776cdae73492555b0e2d9357d5c65533c,2026-9351,Trieste,20260706,Clay,O,R32,13,B0TP,Henry Bernet,R,19.444,458,100,M0R4,Juan Cruz Martin Manzano,L,21.555,494,90,1,6-7(10) 6-4 6-3,3,VALIDATION
d996a45a874a1115d3dcebce93e7c3b245dc309eaeb4952f50d41b5111da6a90,2026-9351,Trieste,20260706,Clay,O,R32,14,G0A0,Andrea Guerrieri,L,27.589,227,248,RB60,Oriol Roca Batalla,R,33.183,319,169,1,6-4 6-4,3,VALIDATION
eef280e2f92de310cbee311bf448860ff65ba59d5f9304289f453e376be67fd2,2026-9351,Trieste,20260706,Clay,O,R32,15,J0AW,Guido Ivan Justo,R,28.55,238,237,K0BJ,Georgii Kravchenko,R,25.938,403,121,1,6-4 6-0,3,VALIDATION
f63a59fb972683b0653ec61c096bc3b30fa236de756b7e4b4475752f098da735,2026-9351,Trieste,20260706,Clay,O,R32,16,M0SE,Maxim Mrva,R,18.927,295,185,V821,Gonzalo Villanueva,R,31.477,355,145,1,5-7 7-6(6) 6-4,3,VALIDATION
6c36910fa625a538869cc309dfbb62cb32d2b586d0eb2210bedb5264fc67b4b6,2026-9351,Trieste,20260706,Clay,O,R16,17,J0AW,Guido Ivan Justo,R,28.55,238,237,N0CS,Lukas Neumayer,R,23.83,167,345,0,6-4 5-7 6-4,3,VALIDATION
ba134ea7dec8c856dd38a2e2e2669a819020951beeb3c194965ed2c5fc936945,2026-9351,Trieste,20260706,Clay,O,R16,18,P0CT,Francesco Passaro,R,25.492,185,310,S0AK,Henri Squire,R,25.771,235,238,0,5-7 6-4 7-5,3,VALIDATION
bca79b8d7e0fa0505e427b983e8d2e53aed0560129c84673f244ae22df9ad4b4,2026-9351,Trieste,20260706,Clay,O,R16,19,D0L3,Matej Dodig,R,20.964,208,272,R0JW,Michele Ribecai,R,23.417,265,211,1,4-6 7-5 6-4,3,VALIDATION
4b0bf8eb974a12ec209231f3b3fb2ed9a0684b0418a016fdd2545c6e5cde1483,2026-9351,Trieste,20260706,Clay,O,R16,20,BV24,Raul Brancaccio,R,29.172,248,227,PH64,Andrea Pellegrino,R,29.287,133,457,1,3-6 6-4 6-3,3,VALIDATION
ccb98d969ff4c5fea4fd602e074c96b75dd6fe232a0a1f40a4118c56f4230979,2026-9351,Trieste,20260706,Clay,O,R16,21,B0TP,Henry Bernet,R,19.444,458,100,GJ16,Federico Agustin Gomez,R,29.607,212,270,1,6-3 6-7(10) 6-3,3,VALIDATION
2732e41a861eb73611e2fca7912294b2c44cfe7f544370222efb93ad4c357944,2026-9351,Trieste,20260706,Clay,O,R16,22,B0GY,Alex Barrena,R,23.737,253,220,S0GZ,Nikolas Sanchez Izquierdo,R,27.31,214,266,0,6-4 6-3,3,VALIDATION
465530240b40c73ce2956d0159083415e6b13ac89b6b3eb002640f31a6102071,2026-9351,Trieste,20260706,Clay,O,R16,23,B0PE,Federico Bondioli,L,21.139,363,142,M0SE,Maxim Mrva,R,18.927,295,185,1,7-5 6-0,3,VALIDATION
50277b7e05f599ff90c0502b15e7dde8fc8f5329bb2a74ada748671fb207c70d,2026-9351,Trieste,20260706,Clay,O,R16,24,DA31,Hugo Dellien,R,33.054,162,357,G0A0,Andrea Guerrieri,L,27.589,227,248,1,6-1 6-2,3,VALIDATION
a7b25342f0534381835bc3d4df042596e46dd47bf1debb1353c5be842e6e19e8,2026-9351,Trieste,20260706,Clay,O,QF,25,DA31,Hugo Dellien,R,33.054,162,357,S0GZ,Nikolas Sanchez Izquierdo,R,27.31,214,266,1,3-6 6-0 7-5,3,VALIDATION
46bfe8d1dd5657fb27fbec3df257ae8686cde40ece3ef97d67fe8f7b5a2cf314,2026-9351,Trieste,20260706,Clay,O,QF,26,N0CS,Lukas Neumayer,R,23.83,167,345,S0AK,Henri Squire,R,25.771,235,238,0,6-2 6-3,3,VALIDATION
6b72d3e492a117a1d30516f72d426dea419dea0f768d769b190296d6a44147d6,2026-9351,Trieste,20260706,Clay,O,QF,27,BV24,Raul Brancaccio,R,29.172,248,227,D0L3,Matej Dodig,R,20.964,208,272,0,7-6(5) 6-1,3,VALIDATION
036893e9b3ef5e91b3b7d492ff25c25f8b228e192fa3b11bac11e63e621200a3,2026-9351,Trieste,20260706,Clay,O,QF,28,B0PE,Federico Bondioli,L,21.139,363,142,B0TP,Henry Bernet,R,19.444,458,100,0,2-6 7-6(8) 6-3,3,VALIDATION
52fdc2cfae2faee490965ffd8538821fbaf68750e78207e02eb4cff7dfecde67,2026-9351,Trieste,20260706,Clay,O,SF,29,D0L3,Matej Dodig,R,20.964,208,272,S0AK,Henri Squire,R,25.771,235,238,1,6-4 3-6 6-3,3,VALIDATION
0daa7897b2de8c6eaef0ca13413bee8845455a4405e49f74727166ff4853dbd3,2026-9351,Trieste,20260706,Clay,O,SF,30,B0TP,Henry Bernet,R,19.444,458,100,DA31,Hugo Dellien,R,33.054,162,357,0,4-6 7-6(4) 6-4,3,VALIDATION
6f733b2534682221e74a2bf5115387625a6ef7a18aaeb2da009f3b6f02694760,2026-9351,Trieste,20260706,Clay,O,F,31,D0L3,Matej Dodig,R,20.964,208,272,DA31,Hugo Dellien,R,33.054,162,357,0,5-7 6-4 6-2,3,VALIDATION
c7854ac847e8a1989e93edfae0ca5f2d9505e1e44dd422f1948e2d8f3d35508f,2026-2120,Cordenons,20260713,Clay,O,R32,1,J0AW,Guido Ivan Justo,R,28.569,226,253,R0ED,Max Hans Rehberg,R,22.831,409,117,1,6-3 6-4,3,VALIDATION
fe2e4608fbd2d8f6afaa7bc0baad45aea9ed7dd4e471188b0f3fa6e4875ba9f7,2026-2120,Cordenons,20260713,Clay,O,R32,2,A0HZ,Lorenzo Angelini,R,20.359,593,64,M0NL,Inaki Montes-De La Torre,R,23.775,272,209,1,6-3 6-0,3,VALIDATION
8ca977ffdac93454fca4341e01c3e87ace753ef3e1680f29d152404ae893ecaf,2026-2120,Cordenons,20260713,Clay,O,R32,3,AA27,Franco Agamenone,R,33.243,270,210,B0GY,Alex Barrena,R,23.756,245,227,0,6-7(4) 6-4 7-5,3,VALIDATION
77b205d11b452778b1053f282e3a731477ab39d4703cf4c44b72b3cfd78d50f9,2026-2120,Cordenons,20260713,Clay,O,R32,4,B0WL,Felix Balshaw,R,20.077,248,224,N679,Stefano Napolitano,R,31.255,240,233,0,6-1 4-6 6-1,3,VALIDATION
05d719e2cc36b8a732c919dd99d9f626141103e30f384f675758ebe3c97c6057,2026-2120,Cordenons,20260713,Clay,O,R32,5,C0B2,Cezar Cretu,R,25.218,268,211,N897,Sumit Nagal,R,28.906,241,233,0,6-2 6-4,3,VALIDATION
5c13ec9cdd456d34edb5e80ccb0157202c31817c44890553585aa77328420025,2026-2120,Cordenons,20260713,Clay,O,R32,6,GA79,Lorenzo Giustino,R,34.839,196,283,R0BT,Franco Roncadelli,L,26.431,238,236,0,2-6 6-2 6-1,3,VALIDATION
45191b5836dfde86273e7b9ed6b0ad73b3e02d6f8f5b65d879715ec5d0c5c7e6,2026-2120,Cordenons,20260713,Clay,O,R32,7,A0EA,Max Alcala Gurri,R,23.836,229,248,T0FK,Giorgio Tabacco,R,22.935,739,43,1,6-0 6-2,3,VALIDATION
9aa673f3b4a0de26255a428414bdc3c694a855eec3788397ed82b0d66907cbe2,2026-2120,Cordenons,20260713,Clay,O,R32,8,B0PE,Federico Bondioli,L,21.158,346,152,G0DH,Alvaro Guillen Meza,R,23.526,277,204,1,6-7(7) 6-3 7-6(7),3,VALIDATION
82be49b5ec3ef7effdb6544f048a5be7d97cc320a13fd4eaf70b57af99a8a5db,2026-2120,Cordenons,20260713,Clay,O,R32,9,K0BJ,Georgii Kravchenko,R,25.958,398,125,T0DM,Juan Bautista Torres,R,24.279,288,190,0,7-6(2) 6-3,3,VALIDATION
e8184c5a1cad4a202227d4933b462405d2de510aed496de6394afd9b600d684a,2026-2120,Cordenons,20260713,Clay,O,R32,10,R0JW,Michele Ribecai,R,23.436,265,214,V821,Gonzalo Villanueva,R,31.496,352,145,0,6-1 6-2,3,VALIDATION
7fe305faf9c80f5b4ce50596e3ba67a33ffd6d4e9cc2c4459dcbddb5925c630a,2026-2120,Cordenons,20260713,Clay,O,R32,11,M0G4,Harold Mayot,R,24.435,200,281,M0R4,Juan Cruz Martin Manzano,L,21.574,457,101,0,6-4 6-3,3,VALIDATION
98080b86315bd3f24955383debcb23fc3dd6af53d18827c04a341625c2c3b6ce,2026-2120,Cordenons,20260713,Clay,O,R32,12,F09U,Matyas Fuele,R,27.556,704,47,PL64,Oleg Prihodko,R,28.775,400,123,1,4-6 6-2 7-5,3,VALIDATION
a6c9e57665e4767593fdf547ce9a1f750698608b819a25f1b6f17f13afe77eee,2026-2120,Cordenons,20260713,Clay,O,R32,13,C0LK,Carlo Alberto Caniato,R,20.698,378,133,M0SE,Maxim Mrva,R,18.946,310,173,0,3-6 7-6(5) 6-4,3,VALIDATION
f00860f227cdd48364b955cf5ea9a7ed75f5caea4c5acfb35ec5c7164060041e,2026-2120,Cordenons,20260713,Clay,O,R32,14,DA31,Hugo Dellien,R,33.073,144,415,X01C,Ioannis Xilas,R,25.169,351,145,1,6-2 6-3,3,VALIDATION
9fb57f883383607164a37dea20a501cee6ebdbe9de4afbe0076db92a4b42e604,2026-2120,Cordenons,20260713,Clay,O,R32,15,DG80,Enrico Dalla Valle,R,28.312,327,159,N0DB,Andrej Nedic,R,21.739,237,236,1,6-3 6-4,3,VALIDATION
0e2f500973e80caf105804db2d575184619f79497a2c8597dc9725fd8ba330a4,2026-2120,Cordenons,20260713,Clay,O,R32,16,M0DY,Peter Makk,R,24.728,558,72,SX91,Thiago Seyboth Wild,R,26.341,284,194,0,2-6 6-3 7-5,3,VALIDATION
41fa1f7053af779b71321805fb059d04e606a24a63c78fb4bd21311f53909302,2026-2120,Cordenons,20260713,Clay,O,R16,17,B0PE,Federico Bondioli,L,21.158,346,152,J0AW,Guido Ivan Justo,R,28.569,226,253,1,6-3 7-6(3),3,VALIDATION
1ecddbfcd8513b9ca06da46388e7c4c3e1af924e6e655a1f56d46a3c04dc2bda,2026-2120,Cordenons,20260713,Clay,O,R16,18,M0R4,Juan Cruz Martin Manzano,L,21.574,457,101,V821,Gonzalo Villanueva,R,31.496,352,145,0,6-2 6-0,3,VALIDATION
a529b72f98867048272ce9b5270129e4752b11ab1e4bc3cdc0f9c3a714685695,2026-2120,Cordenons,20260713,Clay,O,R16,19,N897,Sumit Nagal,R,28.906,241,233,T0DM,Juan Bautista Torres,R,24.279,288,190,1,7-6(3) 6-2,3,VALIDATION
01cdc6b6815e9a33f36d1d146e70e04aadb2eed103385877e78b8603cf020b3d,2026-2120,Cordenons,20260713,Clay,O,R16,20,A0EA,Max Alcala Gurri,R,23.836,229,248,A0HZ,Lorenzo Angelini,R,20.359,593,64,1,6-4 6-2,3,VALIDATION
e48e8a2edc2f64de4f8a878c9aedae913ddb6f50e01836a6cd859c1db89d4192,2026-2120,Cordenons,20260713,Clay,O,R16,21,M0SE,Maxim Mrva,R,18.946,310,173,R0BT,Franco Roncadelli,L,26.431,238,236,0,6-2 4-6 7-6(7),3,VALIDATION
421611f1255927a4f7fa88ed5d7d400f62f4f0799ba31f4414398530cfc965a1,2026-2120,Cordenons,20260713,Clay,O,R16,22,B0GY,Alex Barrena,R,23.756,245,227,N679,Stefano Napolitano,R,31.255,240,233,0,6-4 3-6 7-6(2),3,VALIDATION
fd22ebeb5ac97d079931fd1c92e1c886199a63d330884cac1fde773f29770047,2026-2120,Cordenons,20260713,Clay,O,R16,23,DA31,Hugo Dellien,R,33.073,144,415,DG80,Enrico Dalla Valle,R,28.312,327,159,1,5-7 6-0 6-1,3,VALIDATION
125b73c806b031f79609371ae575072eadf933d49b956adabb58ceb6ce46d37d,2026-2120,Cordenons,20260713,Clay,O,R16,24,F09U,Matyas Fuele,R,27.556,704,47,SX91,Thiago Seyboth Wild,R,26.341,284,194,1,5-7 6-4 6-3,3,VALIDATION
29742d801cd2018048e51c9d3535c0077840164e9f7b6690aad239979a45def3,2026-2120,Cordenons,20260713,Clay,O,QF,25,B0PE,Federico Bondioli,L,21.158,346,152,N897,Sumit Nagal,R,28.906,241,233,1,1-6 7-5 6-3,3,VALIDATION
245afedb61a042396234613331f03fdcbd03384c4468a179b105f44558b1482b,2026-2120,Cordenons,20260713,Clay,O,QF,26,A0EA,Max Alcala Gurri,R,23.836,229,248,R0BT,Franco Roncadelli,L,26.431,238,236,1,6-1 6-3,3,VALIDATION
c37fad18af6d20c9511fac83d9bb7bc89ffafe9d3091850b5d33d06e685bf63b,2026-2120,Cordenons,20260713,Clay,O,QF,27,DA31,Hugo Dellien,R,33.073,144,415,F09U,Matyas Fuele,R,27.556,704,47,0,2-6 6-3 6-4,3,VALIDATION
cc1d29c8d901e262a7fea0416f7110790f5173079ab87f8f662c6885d85efb21,2026-2120,Cordenons,20260713,Clay,O,QF,28,N679,Stefano Napolitano,R,31.255,240,233,V821,Gonzalo Villanueva,R,31.496,352,145,0,6-3 7-6(2),3,VALIDATION
12282e9556be89bc48264904ed4de748eebc4f5a1ef448dfa1458eb6faa73729,2026-2120,Cordenons,20260713,Clay,O,SF,29,A0EA,Max Alcala Gurri,R,23.836,229,248,V821,Gonzalo Villanueva,R,31.496,352,145,1,4-6 7-5 6-2,3,VALIDATION
308c185c9003d262a467f679c0245084f34df1d75caed3559fa860a6323856e5,2026-2120,Cordenons,20260713,Clay,O,SF,30,B0PE,Federico Bondioli,L,21.158,346,152,F09U,Matyas Fuele,R,27.556,704,47,1,6-2 6-4,3,VALIDATION
8f0ca0f3f9288b54f6fb8c765a934909d818077077414ec1edfaf80bb0dd5fdc,2026-2120,Cordenons,20260713,Clay,O,F,31,A0EA,Max Alcala Gurri,R,23.836,229,248,B0PE,Federico Bondioli,L,21.158,346,152,1,6-2 6-0,3,VALIDATION
eebf6adf90644f8a46610b1465da464bcb416cf880286ffecf98132b05400e94,2026-9198,Bunschoten,20260713,Clay,O,R32,1,S0VU,Max Schoenhaus,R,18.949,320,166,S0Y0,Andres Santamarta Roig,R,19.469,726,44,1,7-5 6-1,3,VALIDATION
72038ec63abee39352ec03c7d7307b34847e64b04abcd53d403898c0ced287c2,2026-9198,Bunschoten,20260713,Clay,O,R32,2,H0CX,Max Houkes,L,26.026,244,228,J476,David Jorda Sanchis,R,32.079,189,305,1,6-3 6-1,3,VALIDATION
214e83c227a2366be7925cdf8080b1a1728556d1e816f9af6438f65d1560423f,2026-9198,Bunschoten,20260713,Clay,O,R32,3,B0QC,Gilles Arnaud Bailly,R,20.813,203,273,R0HK,Filippo Romano,R,21.016,308,175,0,2-6 6-4 6-2,3,VALIDATION
1ebb1b5a2f8a32dee8f5e7c7d4797883f436ed3b5162f5e970f6d942a1cc7c60,2026-9198,Bunschoten,20260713,Clay,O,R32,4,D0LK,Pieter De Lange,R,20.09,696,48,GG65,Michael Geerts,R,31.485,328,159,1,6-2 6-2,3,VALIDATION
93063763b96ca3b236aebac9e6c1db7d07fba5b45d3e1335d0735da21d399c34,2026-9198,Bunschoten,20260713,Clay,O,R32,5,BS86,Tomas Barrios Vera,R,28.589,139,442,V0D0,Niels Visker,R,24.769,453,102,0,6-4 6-4,3,VALIDATION
b5a666e790e0dfa170efe52aed704d89f5768ca94a83321c769053795791a8bd,2026-9198,Bunschoten,20260713,Clay,O,R32,6,G0IB,Tom Gentzsch,R,22.853,212,263,P0O9,Mika Petkovic,R,19.537,448,104,1,7-5 6-4,3,VALIDATION
e2f8b27e2c1d9f8e2b138476ad805472f95d6c553f0491fbcfe69075542f1130,2026-9198,Bunschoten,20260713,Clay,O,R32,7,B0FI,Pedro Boscardin Dias,R,23.455,260,217,CG33,Kimmer Coppejans,R,32.427,199,282,0,6-2 7-5,3,VALIDATION
bd35c7d56d6413e0aef8f18c0c31a1291a70ff094ebb50015ee710d42684d07a,2026-9198,Bunschoten,20260713,Clay,O,R32,8,K0JH,Jan Kumstat,R,19.526,612,60,S0AK,Henri Squire,R,25.791,215,259,1,6-3 6-1,3,VALIDATION
8ee389c75b9897f336b25457d9586ae6183c9f4a9327ddf4a144d0b7708c0e42,2026-9198,Bunschoten,20260713,Clay,O,R32,9,D0H9,Guy Den Ouden,R,24.263,231,240,Y171,Denis Yevseyev,R,33.142,445,105,1,6-3 6-0,3,VALIDATION
4fe7f0f850e49207ea4a46a63dd874c7c280120966b137548aac5a1e64bb8223,2026-9198,Bunschoten,20260713,Clay,O,R32,10,F0GS,Abel Forger,R,20.966,877,28,GE33,Daniel Elahi Galan,R,30.067,304,175,0,4-6 6-3 6-2,3,VALIDATION
48a518f37bdff5b5d13dc224033589deecc44c98c5aa0c1baee95dc55db644c6,2026-9198,Bunschoten,20260713,Clay,O,R32,11,B0LW,Mika Brunold,R,21.777,414,115,N0B4,Ryan Nijboer,R,26.96,488,91,0,4-6 6-2 6-3,3,VALIDATION
9b5930abdf45d8f92d3745ed4ac607bb3a7348ac5b4f3ff52889f5a8686c2068,2026-9198,Bunschoten,20260713,Clay,O,R32,13,B0T6,Thijs Boogaard,R,18.021,529,80,O0A2,Gauthier Onclin,R,25.374,169,335,1,3-6 7-6(3) 6-4,3,VALIDATION
2ac0f105dfc0df85a28490a608107e725049300c7b4c81a5dd3aea0064a95b40,2026-9198,Bunschoten,20260713,Clay,O,R32,14,B0OU,Hynek Barton,R,22.27,256,219,R0A7,Joao Lucas Reis Da Silva,R,26.297,250,224,1,6-7(4) 6-2 6-4,3,VALIDATION
f46e86389eaf1af974eb1d22946ecb1aaef22cfd8f26526968e3e9399183bbbd,2026-9198,Bunschoten,20260713,Clay,O,R32,15,B0C5,Florian Broska,R,28.528,292,185,B0LQ,Petr Bar Biryukov,L,24.37,285,194,1,3-6 6-2 6-3,3,VALIDATION
e0e553cab919950db39f16c0837fbfa9bde17be47d16170494733bb7ab751265,2026-9198,Bunschoten,20260713,Clay,O,R32,16,C0MH,Gerard Campana Lee,R,21.78,632,58,MW76,Matteo Martineau,R,27.488,333,157,1,6-4 6-4,3,VALIDATION
21a8e9ab4c5cd75091f9af23bccbe765ff9e1cf93d120a622916b7b54a3f810e,2026-9198,Bunschoten,20260713,Clay,O,R16,17,D0LK,Pieter De Lange,R,20.09,696,48,G0IB,Tom Gentzsch,R,22.853,212,263,0,6-3 6-2,3,VALIDATION
7161f4cee5ee4555563a6293104fcc70e72c0a15344c6dcc02f72cfd313ca9e4,2026-9198,Bunschoten,20260713,Clay,O,R16,18,CG33,Kimmer Coppejans,R,32.427,199,282,WB25,Louis Wessels,R,27.877,723,45,1,6-3 6-1,3,VALIDATION
eeb8033a9bea56ce5b356323de7a543081a33683b4e296b9fd4a4ff5230e6648,2026-9198,Bunschoten,20260713,Clay,O,R16,19,GE33,Daniel Elahi Galan,R,30.067,304,175,R0HK,Filippo Romano,R,21.016,308,175,1,7-5 6-4,3,VALIDATION
7cc755518ccb17bd3ac5e2f4993d5d5d885416e6f824f5d5c51a709cc428095d,2026-9198,Bunschoten,20260713,Clay,O,R16,20,H0CX,Max Houkes,L,26.026,244,228,S0VU,Max Schoenhaus,R,18.949,320,166,1,6-4 6-1,3,VALIDATION
b1253aaf7908dabe1a42ad47df4ad2bf3721cfd7d84159abab0c89dae4b6e010,2026-9198,Bunschoten,20260713,Clay,O,R16,21,B0OU,Hynek Barton,R,22.27,256,219,D0H9,Guy Den Ouden,R,24.263,231,240,0,4-6 6-3 6-2,3,VALIDATION
9e9de20a997028ef94b5297c33065834fc2275dbad5dbcd345b098885af3b300,2026-9198,Bunschoten,20260713,Clay,O,R16,22,B0C5,Florian Broska,R,28.528,292,185,K0JH,Jan Kumstat,R,19.526,612,60,0,6-7(5) 6-4 6-4,3,VALIDATION
985c832be7d99c4cbaeec6295f2e0d35c94dd89027620133c00253f7762fbcb5,2026-9198,Bunschoten,20260713,Clay,O,R16,23,N0B4,Ryan Nijboer,R,26.96,488,91,V0D0,Niels Visker,R,24.769,453,102,1,6-2 6-3,3,VALIDATION
7aa0723ee60f1431585db5f4147b1211d150996219b4c9912b7bf9c548c07e73,2026-9198,Bunschoten,20260713,Clay,O,QF,25,CG33,Kimmer Coppejans,R,32.427,199,282,GE33,Daniel Elahi Galan,R,30.067,304,175,1,6-2 6-1,3,VALIDATION
4a32fa6e8d78c58383225f51c09186b3451676da7a865292b92939dac215cc41,2026-9198,Bunschoten,20260713,Clay,O,QF,26,D0H9,Guy Den Ouden,R,24.263,231,240,N0B4,Ryan Nijboer,R,26.96,488,91,1,6-4 7-6(3),3,VALIDATION
806b6b9dadecb1278fd7145e9c4a2ac28172234a2de2e78575c29a7de1a8581c,2026-9198,Bunschoten,20260713,Clay,O,QF,27,B0T6,Thijs Boogaard,R,18.021,529,80,K0JH,Jan Kumstat,R,19.526,612,60,0,6-1 6-1,3,VALIDATION
99717b070e3429d54bf8afc8649db076baef0b95d7116bac34abe3c07d7ccbe1,2026-9198,Bunschoten,20260713,Clay,O,QF,28,G0IB,Tom Gentzsch,R,22.853,212,263,H0CX,Max Houkes,L,26.026,244,228,1,3-6 7-6(4) 6-4,3,VALIDATION
57bfee4a33696106df976a92fc78485be7aa9ee000c1f5185e1a3ffd8c01706c,2026-9198,Bunschoten,20260713,Clay,O,SF,29,G0IB,Tom Gentzsch,R,22.853,212,263,K0JH,Jan Kumstat,R,19.526,612,60,1,7-5 6-4,3,VALIDATION
42e68af01204fadd8001dca9073d81110364e3a9e9801cfbfefee874cc91a4f4,2026-9198,Bunschoten,20260713,Clay,O,SF,30,CG33,Kimmer Coppejans,R,32.427,199,282,D0H9,Guy Den Ouden,R,24.263,231,240,0,6-2 7-6(3),3,VALIDATION
283ec8cbb4ae5adef6f76858e20501b0c5519ff7ba81f2090a66451471534576,2026-9198,Bunschoten,20260713,Clay,O,F,31,D0H9,Guy Den Ouden,R,24.263,231,240,G0IB,Tom Gentzsch,R,22.853,212,263,1,6-4 4-6 6-0,3,VALIDATION
25c34dcbac785b6f565fa0f2df5652591c5488d14fdf8065e15f92fc3c51b4dd,2026-221,Tampere,20260720,Clay,O,R32,1,A0CJ,Duje Ajdukovic,R,25.451,306,176,O0A2,Gauthier Onclin,R,25.394,178,323,0,7-6(13) 6-1,3,VALIDATION
3a886dc6ddbd35e0756cec69c1e95fc898f51a9958750c7f6c357db6a972bb3e,2026-221,Tampere,20260720,Clay,O,R32,2,B0QC,Gilles Arnaud Bailly,R,20.832,205,273,GE33,Daniel Elahi Galan,R,30.086,287,187,1,7-6(4) 6-2,3,VALIDATION
c3607759920ab38546308d667b656bdbe63fe3d327955a6a229ba5114ebc3264,2026-221,Tampere,20260720,Clay,O,R32,3,B0OU,Hynek Barton,R,22.289,249,222,M0NL,Inaki Montes-De La Torre,R,23.795,266,209,1,6-3 6-2,3,VALIDATION
cd70f10fbc9f2f56b9c1e95196e11e0da682e4cd52677e7bec3005f2831e5874,2026-221,Tampere,20260720,Clay,O,R32,4,B0FI,Pedro Boscardin Dias,R,23.474,256,217,V0AM,Otto Virtanen,R,25.079,125,512,0,4-6 7-6(3) 6-3,3,VALIDATION
b34c8573d3b3c453514565b4345680bc9842f3dcde7d9f9a8eb5bbe463dda7f6,2026-221,Tampere,20260720,Clay,O,R32,5,B0U4,Nicolai Budkov Kjaer,R,19.882,131,498,G0GW,Sascha Gueymard Wayenburg,R,22.968,268,208,0,7-6(4) 6-3,3,VALIDATION
71c2561a0813ca7e70dd18e1e3fc9f2f2c39c4b4b2c4d9339df6bdfc10dce8e8,2026-221,Tampere,20260720,Clay,O,R32,6,B0JP,Dali Blanch,R,23.376,305,176,G0IB,Tom Gentzsch,R,22.872,189,303,0,6-7(3) 7-5 6-4,3,VALIDATION
1d377c168d19a65b2a984eda29bafb2989255c6b4e87a427148ddbe67f1965ee,2026-221,Tampere,20260720,Clay,O,R32,7,P0O9,Mika Petkovic,R,19.556,434,107,S0AK,Henri Squire,R,25.81,218,259,0,6-2 7-6(3),3,VALIDATION
962e81569aea76fc4f13ca218acf14fc3f4a278fd52e2aaa33187df4074188e3,2026-221,Tampere,20260720,Clay,O,R32,8,S0GZ,Nikolas Sanchez Izquierdo,R,27.348,214,261,V993,Eero Vasa,R,29.462,486,91,0,7-6(3) 4-6 6-0,3,VALIDATION
9f28e87383e8d1ec4d5d2ce4d560eeecb562382728614bfc4211c94b5ba4c63d,2026-221,Tampere,20260720,Clay,O,R32,9,J0AW,Guido Ivan Justo,R,28.589,224,251,O660,Genaro Alberto Olivieri,R,27.959,199,284,1,6-3 6-1,3,VALIDATION
2b0c2095d88f6ac854e61879b0d55c90982b4dc80b1be2f6e33eceae0e1feec1,2026-221,Tampere,20260720,Clay,O,R32,10,D0LJ,Diego Dedura,L,18.355,252,219,KC29,Nicolas Kicker,R,33.925,350,148,1,6-4 6-4,3,VALIDATION
146286400412499d99178e2445d2de68c8cbd621917eb66f6babf68207c8c1ed,2026-221,Tampere,20260720,Clay,O,R32,11,K0HC,Maks Kasnikowski,R,23.039,247,223,WB25,Louis Wessels,R,27.896,539,78,1,6-2 6-1,3,VALIDATION
f9bd584a9df9bbbb4c32576e8a8095152a876692e1000dabde35263b7fab057e,2026-221,Tampere,20260720,Clay,O,R32,12,KC33,Dimitar Kuzmanov,R,32.977,395,125,R0A7,Joao Lucas Reis Da Silva,R,26.316,245,224,1,6-1 6-2,3,VALIDATION
7662301221df7ae9ea80e6b2746e6a22c5a09ede4dcc15750ae4dc6a0ed5b19c,2026-221,Tampere,20260720,Clay,O,R32,13,N0DB,Andrej Nedic,R,21.758,238,236,N897,Sumit Nagal,R,28.925,230,243,1,6-1 7-6(2),3,VALIDATION
93017da8951feb9b4e38c916cc2185c6f7e32a2c5d08cc92e52bb5a4c40dc729,2026-221,Tampere,20260720,Clay,O,R32,14,P0N6,Oskari Paldanius,R,19.107,1294,8,R0BT,Franco Roncadelli,L,26.45,228,246,0,7-5 7-6(5),3,VALIDATION
44786095e9b661bf4da447eafbf265ee5e17f59980cf5281b02f13e7ce0de012,2026-221,Tampere,20260720,Clay,O,R32,15,B0GY,Alex Barrena,R,23.775,263,211,V0D0,Niels Visker,R,24.789,439,105,0,6-2 6-3,3,VALIDATION
ed69d9c40ebd31302754931093b55f3c7e2564e7a5846e21417e95f74685e1be,2026-221,Tampere,20260720,Clay,O,R32,16,L0HY,Linus Lagerbohm,,18.609,972,21,RD48,Igor Marcondes,L,29.092,318,167,0,4-6 6-4 6-3,3,VALIDATION
33d7b3aaf61e5f7e0f95548cad69e0fb9aa4b7fd6d41aff05eaf305e82eaa941,2026-221,Tampere,20260720,Clay,O,R16,17,K0HC,Maks Kasnikowski,R,23.039,247,223,V993,Eero Vasa,R,29.462,486,91,1,6-3 6-2,3,VALIDATION
c1e342d1099c95d3f503a4de50ac5a9580968a1eba9efd2353fbd93e43d0c9b2,2026-221,Tampere,20260720,Clay,O,R16,18,O0A2,Gauthier Onclin,R,25.394,178,323,V0D0,Niels Visker,R,24.789,439,105,1,6-2 7-6(6),3,VALIDATION
f59cac30513bdd73ad9b2fa0307e1c234653135b83402a25eff47292a1e00265,2026-221,Tampere,20260720,Clay,O,R16,19,B0OU,Hynek Barton,R,22.289,249,222,B0QC,Gilles Arnaud Bailly,R,20.832,205,273,1,6-3 6-2,3,VALIDATION
870fd0eb788cd5022e798c7b03b61afabeac0ec4ae0d1788f27fd047ffb9d601,2026-221,Tampere,20260720,Clay,O,R16,20,G0IB,Tom Gentzsch,R,22.872,189,303,N0DB,Andrej Nedic,R,21.758,238,236,1,4-6 6-2 6-0,3,VALIDATION
e1f38543e6fc0a43bcb385f18d61ca151bafe006efe4d2fec65c2dd99bfae16c,2026-221,Tampere,20260720,Clay,O,R16,21,KC33,Dimitar Kuzmanov,R,32.977,395,125,V0AM,Otto Virtanen,R,25.079,125,512,0,6-4 6-2,3,VALIDATION
cdf71e50949cbd0aa1138d0f7df503e279ac89a7ccb5582e415fbe3079e5dbf4,2026-221,Tampere,20260720,Clay,O,R16,22,R0BT,Franco Roncadelli,L,26.45,228,246,S0AK,Henri Squire,R,25.81,218,259,0,6-3 6-3,3,VALIDATION
16ad51c5c1e25df6babdf47effb4ac43d78ce07a211c04185d1575151f15516e,2026-221,Tampere,20260720,Clay,O,R16,23,D0LJ,Diego Dedura,L,18.355,252,219,J0AW,Guido Ivan Justo,R,28.589,224,251,1,6-4 6-2,3,VALIDATION
f2e0ec7cfdb0c5ddb566da9e94838737f0dcf5cb809335e451488a6961eaa0e0,2026-221,Tampere,20260720,Clay,O,R16,24,G0GW,Sascha Gueymard Wayenburg,R,22.968,268,208,RD48,Igor Marcondes,L,29.092,318,167,0,6-7(5) 7-6(2) 6-2,3,VALIDATION
efc6672446081a4afb1a9cd8758810513f7bebea68ac5c03d565088d493dfc93,2026-221,Tampere,20260720,Clay,O,QF,25,B0OU,Hynek Barton,R,22.289,249,222,K0HC,Maks Kasnikowski,R,23.039,247,223,0,5-7 6-4 7-5,3,VALIDATION
a627c7535d318cdba6ea20f56b6e12d6df12960b30df4f3f4305d10eec22d4c2,2026-221,Tampere,20260720,Clay,O,QF,26,G0IB,Tom Gentzsch,R,22.872,189,303,O0A2,Gauthier Onclin,R,25.394,178,323,0,6-2 6-7(5) 6-3,3,VALIDATION
6111ee755dabb7f5365a3b726acf27aff71a3b4b1ee90c4d75156bac884769dc,2026-221,Tampere,20260720,Clay,O,QF,27,D0LJ,Diego Dedura,L,18.355,252,219,RD48,Igor Marcondes,L,29.092,318,167,1,6-2 6-2,3,VALIDATION
93b1ddf10d39603ea719dda36a9816cba32c5fe11f5a290d8d8775602e9aa14c,2026-221,Tampere,20260720,Clay,O,SF,29,K0HC,Maks Kasnikowski,R,23.039,247,223,V0AM,Otto Virtanen,R,25.079,125,512,0,6-2 6-2,3,VALIDATION
39e252d79a495729aaa4e42c718399fd416081094437f4882aa3e7ae9a46500d,2026-221,Tampere,20260720,Clay,O,SF,30,D0LJ,Diego Dedura,L,18.355,252,219,O0A2,Gauthier Onclin,R,25.394,178,323,1,6-2 2-6 7-6(2),3,VALIDATION
84514291c29b8d4c761cfcf9d86b68e25e2440af4b21f324c650f7f0b4bac119,2026-221,Tampere,20260720,Clay,O,F,31,D0LJ,Diego Dedura,L,18.355,252,219,V0AM,Otto Virtanen,R,25.079,125,512,1,6-3 6-7(3) 6-3,3,VALIDATION
24912c7bdbf32b8265950c980fef76cfca43d479087fc088327b6490ca5b4401,2026-2785,Zug,20260720,Clay,O,R32,2,KH56,Zdenek Kolar,R,29.777,154,370,SX91,Thiago Seyboth Wild,R,26.36,276,200,0,6-3 6-2,3,VALIDATION
84dd857c31874a81aad314bd0f2f86db42f5cab4e70c098a24e0b5f8a802c1a3,2026-2785,Zug,20260720,Clay,O,R32,4,F0HO,Thomas Faurel,R,20.493,314,170,R0FP,Daniel Rincon,L,23.532,206,272,0,7-6(4) 4-6 7-6(8),3,VALIDATION
6cb28933bea1a2c04362a5b3059b59e6ad4da49f2ce4e53440911c60f23d6179,2026-2785,Zug,20260720,Clay,O,R32,5,CI14,Jay Clarke,R,27.981,239,236,K0EP,Jerome Kym,R,23.433,198,285,0,1-6 6-4 6-4,3,VALIDATION
50c66653cb2b638071ed2c7bd4fc8099173a55b60750aeb8bcf2ff3d0f5a865f,2026-2785,Zug,20260720,Clay,O,R32,6,BS86,Tomas Barrios Vera,R,28.608,139,442,D0HX,Dylan Dietrich,R,21.823,556,72,0,6-4 4-6 6-1,3,VALIDATION
b49c5c5eafe5c4143b32a4fa3497e472b69cb8576bc78c3cd11ba9ef7a799ece,2026-2785,Zug,20260720,Clay,O,R32,7,P0CT,Francesco Passaro,R,25.53,200,283,S0LA,Dominic Stricker,L,23.926,357,140,0,6-7(5) 6-1 7-6(4),3,VALIDATION
dfcbf33f1d4146a25b5584626ba316512d5f13828ada0c0ad15a92fa07b72847,2026-2785,Zug,20260720,Clay,O,R32,8,BV24,Raul Brancaccio,R,29.21,231,243,M0G4,Harold Mayot,R,24.454,211,265,0,6-4 2-6 6-1,3,VALIDATION
bd4d06a335c73da14a52f8d10f4ed4f57d4a10b4dc8bfcbee000e295934b942e,2026-2785,Zug,20260720,Clay,O,R32,9,A0EA,Max Alcala Gurri,R,23.855,181,319,K0FY,Martin Krumich,R,23.565,260,212,1,6-3 6-7(7) 6-2,3,VALIDATION
1112e635da7eef35b623d4d59871742034033b2eec83ef135d3cf6f41a7d3939,2026-2785,Zug,20260720,Clay,O,R32,10,B0LW,Mika Brunold,R,21.796,415,115,D0CN,Miguel Damas,R,26.579,286,188,1,6-1 6-0,3,VALIDATION
872962aa2215e95d29607252114c3ef86b46fbd28d121a20facfbf4549a2b4b8,2026-2785,Zug,20260720,Clay,O,R32,12,H0BF,Philip Henning,R,25.689,294,183,MJ08,Thiago Monteiro,L,32.137,298,181,1,7-6(4) 6-3,3,VALIDATION
f7526674e79017ed81b04a1933fe8a05bb1e4c9869a18d2ee17f2c62a71d0bdb,2026-2785,Zug,20260720,Clay,O,R32,13,C0B2,Cezar Cretu,R,25.238,262,211,M0FA,Anton Matusevich,R,25.139,373,132,0,6-0 6-3,3,VALIDATION
03c0fd34d38ecd2821efc83ebee5155cc685a3ecd38fae4e6771c1eae80d93dd,2026-2785,Zug,20260720,Clay,O,R32,14,DH46,Alexander Donski,R,27.967,549,73,R0ED,Max Hans Rehberg,R,22.85,409,117,0,6-4 6-3,3,VALIDATION
8912f25c26791407a91adf4d8df13f3d913f23faf45f912a3148bb34f374e552,2026-2785,Zug,20260720,Clay,O,R32,15,B0TP,Henry Bernet,R,19.483,408,118,T0DM,Juan Bautista Torres,R,24.298,283,193,0,6-4 3-6 6-3,3,VALIDATION
6795a42b120299ed562e766c23dd3dde00c538a4581c34fd93981372ce97cd63,2026-2785,Zug,20260720,Clay,O,R32,16,CF59,Roberto Carballes Baena,R,33.325,177,323,HH06,Marc-Andrea Huesler,L,30.07,297,182,0,6-3 7-6(6),3,VALIDATION
b98e1ce83994a1b944061fccb59aba596ea2024bcaac807ee4b895f11c4ebf9a,2026-2785,Zug,20260720,Clay,O,R16,17,P09O,Zsombor Piros,R,26.768,119,525,R0ED,Max Hans Rehberg,R,22.85,409,117,0,6-3 6-4,3,VALIDATION
fc0438f9f9154338aa574277d18cd6d9ba0374fb24a85eae87d0fb10219f7768,2026-2785,Zug,20260720,Clay,O,R16,18,G0DH,Alvaro Guillen Meza,R,23.546,272,204,M0FA,Anton Matusevich,R,25.139,373,132,0,7-5 6-4,3,VALIDATION
7afe611d2e9a7cb886345709b681745484c6fb161c6387bfdc58b2a3bfb3c344,2026-2785,Zug,20260720,Clay,O,R16,19,H0BF,Philip Henning,R,25.689,294,183,K0EP,Jerome Kym,R,23.433,198,285,1,7-5 4-6 6-0,3,VALIDATION
800744cead07c17b5cb2d44fd7a76852147465a0e0c6a2fe3a618e75f15d4cd0,2026-2785,Zug,20260720,Clay,O,R16,20,R0FP,Daniel Rincon,L,23.532,206,272,SX91,Thiago Seyboth Wild,R,26.36,276,200,0,7-6(8) 4-6 6-3,3,VALIDATION
5c053e75b5a16a7d4d62d359a010a70251a1b7073053408e0c680553bf32288b,2026-2785,Zug,20260720,Clay,O,R16,21,A0EA,Max Alcala Gurri,R,23.855,181,319,D0HX,Dylan Dietrich,R,21.823,556,72,0,6-3 6-3,3,VALIDATION
c59b23ef0158d2c2d718547ffa89a6a8175772fb702a72f688f2c1f802d1be09,2026-2785,Zug,20260720,Clay,O,R16,22,HH06,Marc-Andrea Huesler,L,30.07,297,182,T0DM,Juan Bautista Torres,R,24.298,283,193,1,6-2 7-5,3,VALIDATION
c497ce0c5d09b5e8893c6106e8c01250e9194b32f0672f6fe054706b3005524a,2026-2785,Zug,20260720,Clay,O,R16,23,B0LW,Mika Brunold,R,21.796,415,115,M0G4,Harold Mayot,R,24.454,211,265,0,6-4 6-3,3,VALIDATION
43e7032fa534accbd1f91e689a235c060577077500f355044fce52f53ff86322,2026-2785,Zug,20260720,Clay,O,R16,24,GB93,Norbert Gombos,R,35.934,366,136,S0LA,Dominic Stricker,L,23.926,357,140,0,6-1 6-3,3,VALIDATION
47ae6615a4d83300464e3f3da31143dffa5a9816754b61a941ad698ed2577df3,2026-2785,Zug,20260720,Clay,O,QF,25,D0HX,Dylan Dietrich,R,21.823,556,72,M0G4,Harold Mayot,R,24.454,211,265,1,6-3 6-3,3,VALIDATION
cd25474c8832aa679492f66b06a3c142cd3fcca7c73c43c69d56ac3bbe88229c,2026-2785,Zug,20260720,Clay,O,QF,26,H0BF,Philip Henning,R,25.689,294,183,SX91,Thiago Seyboth Wild,R,26.36,276,200,0,6-1 7-6(1),3,VALIDATION
4815e3d057ed2a66b44669ee6fda7f6e7d5a9dae09f0262d9312f68b9fc44b48,2026-2785,Zug,20260720,Clay,O,QF,27,HH06,Marc-Andrea Huesler,L,30.07,297,182,S0LA,Dominic Stricker,L,23.926,357,140,1,6-3 6-2,3,VALIDATION
f873a9d5e1054234fd033cfb67d10a2a867f847fc99da9975e2a645e300211ce,2026-2785,Zug,20260720,Clay,O,QF,28,M0FA,Anton Matusevich,R,25.139,373,132,R0ED,Max Hans Rehberg,R,22.85,409,117,0,6-7(5) 6-4 6-3,3,VALIDATION
39f4c4ddd8ef9b525317525efd906d29e3256c5a9c6d62e6a95169b17b6a4a30,2026-2785,Zug,20260720,Clay,O,SF,29,D0HX,Dylan Dietrich,R,21.823,556,72,SX91,Thiago Seyboth Wild,R,26.36,276,200,0,6-4 6-3,3,VALIDATION
75eda1791a17f87c68b3c410b338c6aa002c61fc397566962ee114448730dcf4,2026-2785,Zug,20260720,Clay,O,SF,30,HH06,Marc-Andrea Huesler,L,30.07,297,182,R0ED,Max Hans Rehberg,R,22.85,409,117,1,7-6(5) 4-6 6-4,3,VALIDATION
28d694c9f3d75e5e692a1998286b01b63d2fcc63999fc3ef278c19b4409c1f96,2026-2785,Zug,20260720,Clay,O,F,31,HH06,Marc-Andrea Huesler,L,30.07,297,182,SX91,Thiago Seyboth Wild,R,26.36,276,200,0,6-4 6-3,3,VALIDATION
291eb0a8dbf4c0907073dfe8db2534be2f2502184a46ae70fc4e6047deda4e37,2026-2935,Bonn,20260727,Clay,O,R32,1,CH12,Jan Choinski,R,30.127,88,707,P0CT,Francesco Passaro,R,25.55,220,258,1,6-3 6-4,3,VALIDATION
2ccd2de4da90ebfbdeed795f47c279dccafc9f5c54748f6be9f6655aa144d9ba,2026-2935,Bonn,20260727,Clay,O,R32,2,B0FI,Pedro Boscardin Dias,R,23.493,256,217,R09X,Jurij Rodionov,L,27.198,136,458,0,6-3 6-4,3,VALIDATION
a3f8964a62b53cd87c41eed0fc9adb33d037182747fdf30230e7f50330c113e9,2026-2935,Bonn,20260727,Clay,O,R32,3,G0CV,Buvaysar Gadamauri,R,26.045,251,219,M19T,Jamie Mackenzie,R,18.53,931,24,0,7-6(4) 6-2,3,VALIDATION
cadd454a46c7a2767b30eabc785a4bcf703709ca9a159c6a469d1ddc96872350,2026-2935,Bonn,20260727,Clay,O,R32,4,R0ED,Max Hans Rehberg,R,22.869,339,152,TA12,Stefano Travaglia,R,34.579,142,429,1,6-3 6-1,3,VALIDATION
a94ef4c87674da0b9576807c13162cbdbf27a17a753faea28f8a8697c2241558,2026-2935,Bonn,20260727,Clay,O,R32,5,S0AK,Henri Squire,R,25.829,214,263,T09X,Clement Tabur,R,26.505,159,353,1,4-6 6-4 6-4,3,VALIDATION
b599430f5682e53880b685afade0b16e580eab4051d39f00f9c6173210fc37be,2026-2935,Bonn,20260727,Clay,O,R32,6,CF59,Roberto Carballes Baena,R,33.344,176,323,H0CX,Max Houkes,L,26.064,241,230,1,6-4 3-6 6-2,3,VALIDATION
c0afd1e2cbbadb1f769ed0aa923e6e2fd33ee2f92eda9d280155157dadf0cc3d,2026-2935,Bonn,20260727,Clay,O,R32,7,G0IB,Tom Gentzsch,R,22.891,186,310,R0A7,Joao Lucas Reis Da Silva,R,26.335,259,214,1,6-3 6-3,3,VALIDATION
fbf17d22f4e35ebe4917ebee90dd58b528e263a820729d26ae84c3f2be251afe,2026-2935,Bonn,20260727,Clay,O,R32,8,M0K4,Elmer Moller,R,23.05,190,302,T0FI,Marko Topo,R,22.869,348,147,1,6-4 7-5,3,VALIDATION
622cbeec971060ed820c1ca53b485d5872b021e8362131f698da0c64f5513841,2026-2935,Bonn,20260727,Clay,O,R32,9,GJ16,Federico Agustin Gomez,R,29.665,191,298,S0VU,Max Schoenhaus,R,18.987,310,172,1,6-4 6-2,3,VALIDATION
9be80dbde770deba5d312291177abde148c9fabff55a0935282835e56f40d802,2026-2935,Bonn,20260727,Clay,O,R32,10,B0GY,Alex Barrena,R,23.795,264,211,N830,Johan Nikles,R,29.344,412,115,1,3-6 6-3 6-3,3,VALIDATION
ffe719570663016dd8911125a76698455a6498ea792063ab534575333fdf6aed,2026-2935,Bonn,20260727,Clay,O,R32,11,D0I5,Max Dahlin,R,20.58,1378,6,MW76,Matteo Martineau,R,27.526,280,195,1,6-4 7-5,3,VALIDATION
3caf41ef4c5a883f3ddcecf99a38add9de9c5e7b65a602defe8a9544b407d644,2026-2935,Bonn,20260727,Clay,O,R32,12,GE33,Daniel Elahi Galan,R,30.105,290,187,K09F,Pavel Kotov,R,27.688,243,226,1,6-4 6-4,3,VALIDATION
cf432aa43c059db71069309b7e3634adf1b7a8ee985dd2815c61c2aa7fcc3494,2026-2935,Bonn,20260727,Clay,O,R32,13,M0XQ,Niels McDonald,R,18.5,509,86,S0S9,Dimitris Sakellaridis,R,20.241,567,70,1,6-3 7-6(4),3,VALIDATION
fde2d3b083e479c972bf072507afd8bb7b68f4cee1e4c4aa3b0ebada021552e0,2026-2935,Bonn,20260727,Clay,O,R32,14,B0QC,Gilles Arnaud Bailly,R,20.851,230,245,P0HY,Samuele Pieri,R,24.408,400,121,0,6-2 6-3,3,VALIDATION
75cb7ffe19ed50bbcdf38ff5c045a343109e15fdcb9efaf052da4c4a3dd097fb,2026-2935,Bonn,20260727,Clay,O,R32,15,D0H9,Guy Den Ouden,R,24.301,195,293,P0DF,Matheus Pucinelli De Almeida,R,25.32,297,183,0,6-3 6-3,3,VALIDATION
a75914a37056e8cb889a26ce1d0929497abe2e8cf37ce4ac03a961c149f642d1,2026-2935,Bonn,20260727,Clay,O,R32,16,GA79,Lorenzo Giustino,R,34.877,201,283,W0BU,Olle Wallin,R,24.761,386,128,0,3-6 6-3 6-2,3,VALIDATION
9f98b73d77704616c71191e084085549fe20ed2daa49804366d20408f8403b2d,2026-2935,Bonn,20260727,Clay,O,R16,17,B0GY,Alex Barrena,R,23.795,264,211,CH12,Jan Choinski,R,30.127,88,707,0,6-3 6-2,3,VALIDATION
072a1c3c0ab0902398fc85b052d229328378454584570b7788106f9eb0401cd4,2026-2935,Bonn,20260727,Clay,O,R16,18,M0XQ,Niels McDonald,R,18.5,509,86,R09X,Jurij Rodionov,L,27.198,136,458,0,7-6(3) 6-3,3,VALIDATION
ac83e956d9634a711c210e51379726b59cb0bb5e4114c26576619194741044d3,2026-2935,Bonn,20260727,Clay,O,R16,19,CF59,Roberto Carballes Baena,R,33.344,176,323,W0BU,Olle Wallin,R,24.761,386,128,0,6-3 1-6 6-1,3,VALIDATION
43bd042feaf176fb65d9c01edf3182f7c71878d58ad7141c8feb07ab0891697c,2026-2935,Bonn,20260727,Clay,O,R16,20,M0K4,Elmer Moller,R,23.05,190,302,M19T,Jamie Mackenzie,R,18.53,931,24,0,6-1 1-6 6-3,3,VALIDATION
ff57938223bd7b663676a8a07ed3d06a5cf6c901b5cbdb517843764c15a8041a,2026-2935,Bonn,20260727,Clay,O,R16,21,GE33,Daniel Elahi Galan,R,30.105,290,187,R0ED,Max Hans Rehberg,R,22.869,339,152,1,4-6 7-6(3) 7-6(4),3,VALIDATION
bd55fe2714c64daf29601d1153ead84f487d755efebc7fdd719595211f362ef1,2026-2935,Bonn,20260727,Clay,O,R16,22,D0I5,Max Dahlin,R,20.58,1378,6,G0IB,Tom Gentzsch,R,22.891,186,310,1,6-4 3-6 7-6(8),3,VALIDATION
e6d6ea1b6226ac6c41e120af4581e0434264f8c5baebc1d4c8648bc806a5ead5,2026-2935,Bonn,20260727,Clay,O,R16,23,GJ16,Federico Agustin Gomez,R,29.665,191,298,P0HY,Samuele Pieri,R,24.408,400,121,1,6-3 6-3,3,VALIDATION
6ac0d9904d7a2a26d2e77b88808018e0e1d2bd0ede6af8ceaf491206d747efaa,2026-2935,Bonn,20260727,Clay,O,R16,24,P0DF,Matheus Pucinelli De Almeida,R,25.32,297,183,S0AK,Henri Squire,R,25.829,214,263,1,6-2 7-6(5),3,VALIDATION
5e7c80cc01b7c4d90a0eb39d564bc97b398148f9dcf611dbf09d90194f5bf25c,2026-2935,Bonn,20260727,Clay,O,QF,25,CH12,Jan Choinski,R,30.127,88,707,W0BU,Olle Wallin,R,24.761,386,128,1,6-4 7-5,3,VALIDATION
162e12c92f0e79a803d01a6f61842d683bc45c3c6ed46ed3aab398bfb1887359,2026-2935,Bonn,20260727,Clay,O,QF,26,M19T,Jamie Mackenzie,R,18.53,931,24,R09X,Jurij Rodionov,L,27.198,136,458,1,7-6(5) 6-4,3,VALIDATION
57b03ca92685f0e50685bbb3adbcaad005c6a89b6350327f5c8a27159b18b4e4,2026-2935,Bonn,20260727,Clay,O,QF,27,GJ16,Federico Agustin Gomez,R,29.665,191,298,P0DF,Matheus Pucinelli De Almeida,R,25.32,297,183,1,7-6(4) 2-6 7-5,3,VALIDATION
3365a7cc9cb5028e4e60ed4a6cf83a898db98eabd4cba1e8ab31c857ba254877,2026-2935,Bonn,20260727,Clay,O,QF,28,D0I5,Max Dahlin,R,20.58,1378,6,GE33,Daniel Elahi Galan,R,30.105,290,187,1,7-6(2) 3-6 7-5,3,VALIDATION
4a58112bb7fe56921fcdc3a38ecb268c63fb5168d7038ad8b8214facd0a2d778,2026-2935,Bonn,20260727,Clay,O,SF,29,CH12,Jan Choinski,R,30.127,88,707,GJ16,Federico Agustin Gomez,R,29.665,191,298,1,6-4 6-2,3,VALIDATION
890e645ef0e825101de5039ba33a000f9efff6a32b70821e72fd55a69efa55bc,2026-2935,Bonn,20260727,Clay,O,SF,30,D0I5,Max Dahlin,R,20.58,1378,6,M19T,Jamie Mackenzie,R,18.53,931,24,0,6-4 5-7 6-4,3,VALIDATION
ac12ffa0275b46d6bd106fdd6916cd5597cb3226712cd9ded6830554d9d023e1,2026-2935,Bonn,20260727,Clay,O,F,31,CH12,Jan Choinski,R,30.127,88,707,M19T,Jamie Mackenzie,R,18.53,931,24,1,6-3 6-2,3,VALIDATION
90b89e32319168b4b4e956e59171ffce2bc0d2b5645e30f49d4bd81cd72c3548,2026-6795,Liberec,20260727,Clay,O,R32,1,K0JH,Jan Kumstat,R,19.565,508,86,KH56,Zdenek Kolar,R,29.796,154,370,1,6-2 4-6 6-3,3,VALIDATION
2d262db1a80cc863beada371b0b2e54263660493794dcf116bea17335a96b201,2026-6795,Liberec,20260727,Clay,O,R32,2,M0NL,Inaki Montes-De La Torre,R,23.814,272,204,N897,Sumit Nagal,R,28.945,246,223,0,6-3 6-3,3,VALIDATION
b3b54fa867ecc94ae4ef271ab727d046ed35cf35d03e4542ae595b13ebf74963,2026-6795,Liberec,20260727,Clay,O,R32,3,A0IK,Luciano Emanuel Ambrogi,R,22.686,311,171,KC29,Nicolas Kicker,R,33.944,369,132,0,6-2 6-4,3,VALIDATION
a014ac94787a341f913689e43afd30e99a7dfb9c45d0abfd9488f96ece4b2790,2026-6795,Liberec,20260727,Clay,O,R32,4,B0GR,Gonzalo Bueno,R,22.313,160,353,M0O6,Pablo Martinez Gomez,R,20.381,559,71,1,7-6(5) 6-4,3,VALIDATION
292f20d8c57f8f7d7611ce86f0edaee3af8adb7556702d661c845d75eafafe1e,2026-6795,Liberec,20260727,Clay,O,R32,5,M0SE,Maxim Mrva,R,18.984,304,179,S0WT,Joel Schwaerzler,L,20.496,183,315,0,6-3 6-4,3,VALIDATION
ab49b3d1feadc7d71c4750c002688bcf6673e2d38573ced83203b73af251964c,2026-6795,Liberec,20260727,Clay,O,R32,6,F0F4,Kilian Feldbausch,R,20.884,242,229,M0G4,Harold Mayot,R,24.474,255,217,1,6-3 6-7(6) 6-4,3,VALIDATION
176ef788e5ec97dcca0ec28c7855bada16c9dba1709ce958f84ed506f9561da2,2026-6795,Liberec,20260727,Clay,O,R32,7,G0GW,Sascha Gueymard Wayenburg,R,22.987,313,170,J0AW,Guido Ivan Justo,R,28.608,223,253,0,6-4 6-4,3,VALIDATION
f8d3b20954e7b381cf70de36ba68b5a223f9d7d5c36486da85671326a14aae6b,2026-6795,Liberec,20260727,Clay,O,R32,8,N0D9,Jakub Nicod,R,22.015,675,51,R0BT,Franco Roncadelli,L,26.47,225,250,0,6-3 6-2,3,VALIDATION
d384628ab24515b5e9302db73a4d6881a7ec512204d8d5ba9b9fed2db73ccc6c,2026-6795,Liberec,20260727,Clay,O,R32,9,K0HC,Maks Kasnikowski,R,23.058,233,241,SN54,Frederico Ferreira Silva,L,31.359,235,240,0,6-1 3-6 6-3,3,VALIDATION
603eb9942979bfad0369d9439a4d9faf0ed0eca604dc9341f529bac3a4840dd9,2026-6795,Liberec,20260727,Clay,O,R32,11,B0OU,Hynek Barton,R,22.308,268,208,N0DB,Andrej Nedic,R,21.777,244,226,1,7-6(3) 6-2,3,VALIDATION
86be12cdc47b92ef2cf11b9b7cc481a2171f5a39f70a5bf37c00980923580291,2026-6795,Liberec,20260727,Clay,O,R32,12,B0OV,Petr Brunclik,L,20.027,340,152,R0IU,William Rejchtman Vinciguerra,L,19.458,938,24,1,6-2 6-4,3,VALIDATION
c0dbeda3a0c4f350c690d5bf296aa492afba3a1e7a90a95828fb465a3cce53de,2026-6795,Liberec,20260727,Clay,O,R32,13,C0GU,Matyas Cerny,R,24.78,700,48,GB93,Norbert Gombos,R,35.953,423,111,0,6-1 4-6 6-2,3,VALIDATION
163199b2c07c272335f77f627ee1a889ea3629fd7310831fb17b307cb6d887e5,2026-6795,Liberec,20260727,Clay,O,R32,14,H0BF,Philip Henning,R,25.708,295,184,K0FY,Martin Krumich,R,23.584,261,212,0,2-6 6-4 6-2,3,VALIDATION
83d54c930eec3016bf04bffca355b12a751bbde8cb73be526eb822b1b6a00947,2026-6795,Liberec,20260727,Clay,O,R32,15,MF35,Andrej Martin,R,36.849,404,118,SX91,Thiago Seyboth Wild,R,26.379,206,275,0,6-1 6-4,3,VALIDATION
701a1512157701323603467493756fd986e3c3348e9003bf213d8ffd64c7afc2,2026-6795,Liberec,20260727,Clay,O,R32,16,R0JW,Michele Ribecai,R,23.474,267,209,T0DM,Juan Bautista Torres,R,24.318,276,200,0,3-6 7-5 6-2,3,VALIDATION
fa5ac6079f7620164efbb57f51c69bf948152863f2dc856333bb609a4a07ebd3,2026-6795,Liberec,20260727,Clay,O,R16,17,K0FY,Martin Krumich,R,23.584,261,212,S0WT,Joel Schwaerzler,L,20.496,183,315,1,6-2 6-3,3,VALIDATION
d67f15dd12d0c9dd9c694ebec3b8321095d2c81530a62a7f34864a3be4f9be72,2026-6795,Liberec,20260727,Clay,O,R16,18,B0OV,Petr Brunclik,L,20.027,340,152,N897,Sumit Nagal,R,28.945,246,223,0,6-4 6-4,3,VALIDATION
088946c3b9abea4d39c6a40b002d3f8b1c749ccc87ff998b6896e07527c26a88,2026-6795,Liberec,20260727,Clay,O,R16,19,KC29,Nicolas Kicker,R,33.944,369,132,SN54,Frederico Ferreira Silva,L,31.359,235,240,0,6-2 4-6 6-1,3,VALIDATION
0cc0db9702f554d32f74a0c24e2a2f2cc38f8b323971766e3db0dfdb9accb4fe,2026-6795,Liberec,20260727,Clay,O,R16,20,K0JH,Jan Kumstat,R,19.565,508,86,SX91,Thiago Seyboth Wild,R,26.379,206,275,1,6-4 6-2,3,VALIDATION
0c04a2be9241abffd6861be917e705856f309a7ab8c5f05636d4867d69971e98,2026-6795,Liberec,20260727,Clay,O,R16,21,B0GR,Gonzalo Bueno,R,22.313,160,353,B0OU,Hynek Barton,R,22.308,268,208,1,7-5 7-5,3,VALIDATION
57cc4d39cd0d56468a24bd308d2cd403cf28214b539b7e337e42018a4bbf8e7a,2026-6795,Liberec,20260727,Clay,O,R16,22,J0AW,Guido Ivan Justo,R,28.608,223,253,T0DM,Juan Bautista Torres,R,24.318,276,200,0,6-3 6-3,3,VALIDATION
0501d3d7b2e1a31cf428c18badea15663fd7655cefdb885ca06313ba09dbc718,2026-6795,Liberec,20260727,Clay,O,R16,23,GB93,Norbert Gombos,R,35.953,423,111,R0BT,Franco Roncadelli,L,26.47,225,250,1,7-5 7-5,3,VALIDATION
f6bcfda270248f08d999608b7ef06e9060cf2cec1552a304f9405981b3dc7ea4,2026-6795,Liberec,20260727,Clay,O,R16,24,A0CJ,Duje Ajdukovic,R,25.47,307,176,F0F4,Kilian Feldbausch,R,20.884,242,229,0,6-3 6-3,3,VALIDATION
d3c0c9fa894259c7736f72d57a6c5b24891fa3f5936605e827fadd8568f65e95,2026-6795,Liberec,20260727,Clay,O,QF,26,K0FY,Martin Krumich,R,23.584,261,212,N897,Sumit Nagal,R,28.945,246,223,0,6-3 6-2,3,VALIDATION
630e74b6defbb2dec93fbe3669b0cd7eb144cafe3e16d25fc260a24ebd510d75,2026-6795,Liberec,20260727,Clay,O,QF,27,K0JH,Jan Kumstat,R,19.565,508,86,SN54,Frederico Ferreira Silva,L,31.359,235,240,1,6-4 7-5,3,VALIDATION
06463c40791b28985100ae4a6ae553303c3424646383960bdbdb5dc21b2865a4,2026-6795,Liberec,20260727,Clay,O,QF,28,F0F4,Kilian Feldbausch,R,20.884,242,229,GB93,Norbert Gombos,R,35.953,423,111,0,4-6 6-1 6-1,3,VALIDATION
a49c689b841a6952b5e5812dadadd8a3d23d6798bcb5280d43c8edda269fbaff,2026-6795,Liberec,20260727,Clay,O,SF,29,K0JH,Jan Kumstat,R,19.565,508,86,N897,Sumit Nagal,R,28.945,246,223,1,7-5 6-4,3,VALIDATION
d08ec4be6bbeab3c8ccda982d95e6cb5a456c337f72a6f7b93fc4d3d1673cbd8,2026-6795,Liberec,20260727,Clay,O,SF,30,B0GR,Gonzalo Bueno,R,22.313,160,353,GB93,Norbert Gombos,R,35.953,423,111,1,6-3 6-3,3,VALIDATION
3e2efffff2e5f77bba69f44681a5a4aeda6e733d9ff39d4bdc3e5e9c243f746d,2026-6795,Liberec,20260727,Clay,O,F,31,B0GR,Gonzalo Bueno,R,22.313,160,353,K0JH,Jan Kumstat,R,19.565,508,86,0,6-3 6-1,3,VALIDATION
590a84c8ef337aae70c0460b081018c137a7b56aeec03cfd4b5b7b025e6c0ad4,2026-9540,San Marino,20260727,Clay,O,R32,1,MP20,Alexandre Muller,R,29.481,132,479,N679,Stefano Napolitano,R,31.294,229,245,1,6-2 6-4,3,VALIDATION
6210fd91455efd8e5f830287e3ac15125e57c68b7c899b7e466a907ed3e0a634,2026-9540,San Marino,20260727,Clay,O,R32,2,P0IY,Juan Carlos Prado Angelo,R,21.391,157,362,R0FP,Daniel Rincon,L,23.551,207,274,1,6-4 6-7(5) 6-3,3,VALIDATION
78f1afd5a065495c46c75ebf3f034c93a33e423c4614f73d626c6b0544348745,2026-9540,San Marino,20260727,Clay,O,R32,3,C0BB,Tommaso Compagnucci,R,26.724,358,140,D0CG,Facundo Diaz Acosta,L,25.613,107,613,0,6-4 6-2,3,VALIDATION
97841d6627133beb0485bb6d4006ec56f5bd3def4770c382952345dbfb88e693,2026-9540,San Marino,20260727,Clay,O,R32,4,R0HK,Filippo Romano,R,21.054,300,180,V0AM,Otto Virtanen,R,25.098,115,556,0,7-5 6-4,3,VALIDATION
4ec73d65d79f3489ae50bad1ebff7aec7a5536017f3a2272b1960eb04fa1d7aa,2026-9540,San Marino,20260727,Clay,O,R32,5,G0FW,Vilius Gaubas,R,21.574,128,500,P0AY,Luka Pavlovic,R,26.324,208,273,1,6-1 7-5,3,VALIDATION
87ac0327715459332f0cf6f6c0957061f3f35f90884d0030050d1ce297c2783b,2026-9540,San Marino,20260727,Clay,O,R32,6,BG23,Nikoloz Basilashvili,R,34.423,133,474,V0B2,Michael Vrbensky,R,26.585,744,42,1,6-3 3-6 6-2,3,VALIDATION
ea2f8dfd81c65745d1d2f6311825fd7c8a91284f4fbbbdddb8474d59e758a80a,2026-9540,San Marino,20260727,Clay,O,R32,7,C0LK,Carlo Alberto Caniato,R,20.736,389,126,PH64,Andrea Pellegrino,R,29.344,137,446,0,6-4 6-0,3,VALIDATION
df7016c8dcee602daf3b9390dda6e847eb34094589c002e4006ca67263a37f2a,2026-9540,San Marino,20260727,Clay,O,R32,8,DA31,Hugo Dellien,R,33.112,143,428,MO44,Pedro Martinez,R,29.251,148,396,1,6-1 6-4,3,VALIDATION
3b5025e925c94cdeed6862e5b80ad698712ad49b896e0be25722aaa980d77319,2026-9540,San Marino,20260727,Clay,O,R32,9,M0IF,Francesco Maestrelli,R,23.598,149,391,N0CS,Lukas Neumayer,R,23.888,173,334,1,6-4 6-0,3,VALIDATION
3ec0d5edab5b232f9cba5b7220a243b8d151954c81eba05ccaeda377ad4c8beb,2026-9540,San Marino,20260727,Clay,O,R32,10,AA27,Franco Agamenone,R,33.281,265,210,CF01,Marco Cecchinato,R,33.821,174,330,0,6-3 6-4,3,VALIDATION
03055d88427f4f3bc30701bfa7c0bebc0669dc9b35c70dd7cf2b6fdd71b58b71,2026-9540,San Marino,20260727,Clay,O,R32,11,CE77,Federico Coria,R,34.382,779,38,F0A4,Francesco Forti,R,27.003,371,131,0,6-4 6-2,3,VALIDATION
5404bbef9a6aeea166e27cc33b7ab6d1c988ce52484185fb38090632623b427e,2026-9540,San Marino,20260727,Clay,O,R32,12,J476,David Jorda Sanchis,R,32.118,188,305,MJ08,Thiago Monteiro,L,32.156,303,179,0,7-5 7-5,3,VALIDATION
b41218fc98fcc416dd6df6e5b3c180fdec919011dc6630a759dc643a55f57543,2026-9540,San Marino,20260727,Clay,O,R32,13,O660,Genaro Alberto Olivieri,R,27.978,200,285,TE16,Carlos Taberner,R,28.966,405,117,1,6-4 6-1,3,VALIDATION
c9589af67a9f1f8b1f4f82b7a2d50d1d4bf393d35a2b8b6cf23886e7b5447cb7,2026-9540,San Marino,20260727,Clay,O,R32,14,DG80,Enrico Dalla Valle,R,28.35,323,162,P0GQ,Mili Poljicak,R,22.037,352,144,0,7-6(6) 7-6(2),3,VALIDATION
a1fad8804ff5adec2208c848d6af39dd4d3da55075a76565a378cbb3e01ddcff,2026-9540,San Marino,20260727,Clay,O,R32,15,F0HO,Thomas Faurel,R,20.512,321,162,S0GR,Timofey Skatov,R,25.511,150,381,0,6-1 7-6(8),3,VALIDATION
e739bb37c603f3943e046cadc23c92d5dd893911c5f40e9f9ced4409ccc55245,2026-9540,San Marino,20260727,Clay,O,R32,16,V0J1,Jacopo Vasami,L,18.604,362,137,V836,Juan Pablo Varillas,R,30.806,274,203,0,6-2 6-2,3,VALIDATION
9059c860992481d5cdb2ca6cb155cc51562c9612652aec158d98783e28c486e3,2026-9540,San Marino,20260727,Clay,O,R16,17,D0CG,Facundo Diaz Acosta,L,25.613,107,613,F0A4,Francesco Forti,R,27.003,371,131,1,6-2 7-6(3),3,VALIDATION
83df6acc5ded9f1a7945594ab0bdc727f8f90d21c76a7f62d0ee9d2884c7a0a9,2026-9540,San Marino,20260727,Clay,O,R16,18,BG23,Nikoloz Basilashvili,R,34.423,133,474,P0GQ,Mili Poljicak,R,22.037,352,144,0,6-7(8) 6-3 6-4,3,VALIDATION
c9622d006555aea650855b77c401e4bae357a18f1a85241d8b9c0f738d7922dc,2026-9540,San Marino,20260727,Clay,O,R16,19,CF01,Marco Cecchinato,R,33.821,174,330,MP20,Alexandre Muller,R,29.481,132,479,0,4-6 6-2 7-5,3,VALIDATION
df5bd2229a2ab0ce6178fcdbcf37535fc6dbe9f408ad064eaf6e1681bd02b54b,2026-9540,San Marino,20260727,Clay,O,R16,21,S0GR,Timofey Skatov,R,25.511,150,381,V0AM,Otto Virtanen,R,25.098,115,556,1,6-2 6-4,3,VALIDATION
1c450efbde01fc5528ed8a8c4017e437ef11a14a1d845f257db36302cd725b6c,2026-9540,San Marino,20260727,Clay,O,R16,22,G0FW,Vilius Gaubas,R,21.574,128,500,O660,Genaro Alberto Olivieri,R,27.978,200,285,1,6-2 6-3,3,VALIDATION
c987aaf2443a79e73070e66454d772c6e59a26090d95a62680a92231e0ec7c08,2026-9540,San Marino,20260727,Clay,O,R16,23,MJ08,Thiago Monteiro,L,32.156,303,179,PH64,Andrea Pellegrino,R,29.344,137,446,1,6-3 6-2,3,VALIDATION
41a586a424bc8de53185f2de6a326fe22804fb5f85416ff55a27e705ed2f3573,2026-9540,San Marino,20260727,Clay,O,R16,24,M0IF,Francesco Maestrelli,R,23.598,149,391,V836,Juan Pablo Varillas,R,30.806,274,203,0,7-6(5) 4-6 6-3,3,VALIDATION
e5daa89a389c5de3365e8f4b4233974a370a9d61c1d490d70e09783686d7d951,2026-9540,San Marino,20260727,Clay,O,QF,25,D0CG,Facundo Diaz Acosta,L,25.613,107,613,P0IY,Juan Carlos Prado Angelo,R,21.391,157,362,1,6-2 4-6 6-1,3,VALIDATION
1c079793ac91798fa35b4ac6a15e853588f5aa5a654f97b68e2ef221313bfb2e,2026-9540,San Marino,20260727,Clay,O,QF,26,MP20,Alexandre Muller,R,29.481,132,479,P0GQ,Mili Poljicak,R,22.037,352,144,0,7-6(3) 6-7(4) 7-5,3,VALIDATION
b4208ed50222426f002151c379ade1fb5c83daf4931d8e7ca93f44c2d743087c,2026-9540,San Marino,20260727,Clay,O,QF,27,S0GR,Timofey Skatov,R,25.511,150,381,V836,Juan Pablo Varillas,R,30.806,274,203,0,6-4 6-4,3,VALIDATION
ac91eb8313f8b7f63f153341c875a8a0ffeacca2d04028408257756bb3ecc21d,2026-9540,San Marino,20260727,Clay,O,QF,28,G0FW,Vilius Gaubas,R,21.574,128,500,MJ08,Thiago Monteiro,L,32.156,303,179,1,7-6(7) 7-6(5),3,VALIDATION
a4ebe163232246269d4c818250c8de306d988913240696a35b43bc18a86b91e8,2026-9540,San Marino,20260727,Clay,O,SF,29,D0CG,Facundo Diaz Acosta,L,25.613,107,613,G0FW,Vilius Gaubas,R,21.574,128,500,1,6-2 6-3,3,VALIDATION
e8e1267f4eb1f6c2d00c01a907e693b74b607d6e4b3da940c5419dc3b5279425,2026-9540,San Marino,20260727,Clay,O,SF,30,P0GQ,Mili Poljicak,R,22.037,352,144,V836,Juan Pablo Varillas,R,30.806,274,203,1,7-5 6-4,3,VALIDATION
a0151ca181f0d1aa1d8ff5c5c59593e451437b95016ddb9c0d5106e7145a754a,2026-9540,San Marino,20260727,Clay,O,F,31,D0CG,Facundo Diaz Acosta,L,25.613,107,613,P0GQ,Mili Poljicak,R,22.037,352,144,1,6-1 6-4,3,VALIDATION
520767f88d8b3e4ba55cb2f26e85580a03177d73437a9a3f2d3d910df420fe4d,2026-3169,Plovdiv 2,20260803,Clay,O,R32,1,K0CJ,Sandro Kopp,R,26.188,289,190,S0QZ,Sebastian Sorger,R,20.621,479,93,0,6-1 6-1,3,FINAL_HISTORICAL_OOS
0f66fd671fabb016bde48fd3eeec11b6e10633f2749eb724191ce41fb594a425,2026-3169,Plovdiv 2,20260803,Clay,O,R32,2,M0KA,Yanaki Milev,R,22.3,750,42,RB60,Oriol Roca Batalla,R,33.259,342,153,1,6-4 6-4,3,FINAL_HISTORICAL_OOS
d413ef9bc904fdb00b85a5e0e8764a1bbd8bb5255aa187934b173f0f0078f633,2026-3169,Plovdiv 2,20260803,Clay,O,R32,3,D0LY,Emilien Demanet,R,21.273,658,54,V0GR,Alexander Vasilev,L,19.222,567,70,1,6-3 6-4,3,FINAL_HISTORICAL_OOS
ff280df2c95b3342a1c1034e4d02320f44270fc8c9391de223eb22149fd70132,2026-3169,Plovdiv 2,20260803,Clay,O,R32,4,A0G7,Valerio Aboian,L,24.137,428,111,S0CG,Carlos Sanchez Jover,L,26.034,377,131,0,6-2 2-6 6-2,3,FINAL_HISTORICAL_OOS
1ebe91d364697f6c41487447952af09eaad80e68bcde9522ee833d88d394dd9a,2026-3169,Plovdiv 2,20260803,Clay,O,R32,5,G0OF,Georgi Georgiev,R,19.849,,,GE33,Daniel Elahi Galan,R,30.125,271,203,0,6-3 6-7(5) 6-2,3,FINAL_HISTORICAL_OOS
0948e2c8c6033b2de337e36fa598ba630720857a1fe49ca4a8afdd68c617b183,2026-3169,Plovdiv 2,20260803,Clay,O,R32,6,A0AB,Adrian Andreev,R,25.227,1108,14,DC48,Murkel Dellien,R,28.879,328,160,1,6-1 7-6(10),3,FINAL_HISTORICAL_OOS
01dfb341d9eff9972841d0469aa39c1a86a482af15fe19a25541c8b3018ec06e,2026-3169,Plovdiv 2,20260803,Clay,O,R32,7,A0M2,Yannick Theodor Alexandrescou,R,18.563,928,24,CG07,Hernan Casanova,R,32.487,330,159,1,7-6(2) 6-3,3,FINAL_HISTORICAL_OOS
d9530906c2422ef4baa530a8d9b1e0ffcce7ff60f3b8258e454fcbd81dbcac3e,2026-3169,Plovdiv 2,20260803,Clay,O,R32,8,B0OV,Petr Brunclik,L,20.047,331,158,C0OW,Lorenzo Carboni,R,20.43,481,93,1,6-4 6-4,3,FINAL_HISTORICAL_OOS
768a4cd66ca86015204f2c9f63a3c80cae9e02967818fe78df834c29e8a95fbe,2026-3169,Plovdiv 2,20260803,Clay,O,R32,9,C0MH,Gerard Campana Lee,R,21.837,585,67,M0K2,Pietro Marino,R,25.166,983,21,1,6-0 6-2,3,FINAL_HISTORICAL_OOS
a9c0e485b9a066eceebcb1b2fd80766b2ff83ee6a9da7b8d5b2dc0267580d2a8,2026-3169,Plovdiv 2,20260803,Clay,O,R32,10,L0GL,George Lazarov,L,21.388,1112,14,R09V,Eduardo Ribeiro,R,28.381,372,134,1,7-5 6-2,3,FINAL_HISTORICAL_OOS
18c631e5d01a5298d50bb09bd6f56a9a778fc62d2bf5c0e3cc667757fe272035,2026-3169,Plovdiv 2,20260803,Clay,O,R32,11,P0FJ,Radu Mihai Papoe,R,23.932,352,145,R0BF,Franco Ribero,R,26.899,733,44,1,6-4 1-6 6-3,3,FINAL_HISTORICAL_OOS
8d8ad2fa086d8037135f93f0f3b2ad53d436ed653476618d623ba4820b5b5fed,2026-3169,Plovdiv 2,20260803,Clay,O,R32,12,B0FI,Pedro Boscardin Dias,R,23.513,274,201,P0HY,Samuele Pieri,R,24.427,386,129,0,6-3 0-6 6-4,3,FINAL_HISTORICAL_OOS
c399c093abac17c75e88dd01e6ae2622705558499142f70cc24038da7a2d4292,2026-3169,Plovdiv 2,20260803,Clay,O,R32,13,AA27,Franco Agamenone,R,33.3,262,210,L0ID,Jack Loge,R,21.711,485,92,1,7-6(0) 5-7 6-4,3,FINAL_HISTORICAL_OOS
dfcc10d21939c45f4b9eec37966d46b1d6bf4225e4a7fae4755e5b2295ff0cb4,2026-3169,Plovdiv 2,20260803,Clay,O,R32,14,I0BF,Ivan Ivanov,R,17.758,563,71,M0UR,Ognjen Milic,L,19.116,337,156,0,6-0 6-0,3,FINAL_HISTORICAL_OOS
287a4166c431f98a31063b3837798c46f0d5e47fe35bad50dbacb0e048c7a590,2026-3169,Plovdiv 2,20260803,Clay,O,R32,15,A0HZ,Lorenzo Angelini,R,20.416,564,71,N0CJ,Petr Nesterov,R,23.409,364,138,0,7-5 6-1,3,FINAL_HISTORICAL_OOS
4af7b245d115040bee400a27ab38d95e0b17b069db28328bbb4b4deb14e6b161,2026-3169,Plovdiv 2,20260803,Clay,O,R32,16,C0LK,Carlo Alberto Caniato,R,20.756,452,101,P0I6,Gabriele Piraino,L,22.724,404,120,0,6-4 3-6 6-3,3,FINAL_HISTORICAL_OOS
f2871da2d6a7376033c4fdace5fde11244fd4450339528996960d3068e06903a,2026-3169,Plovdiv 2,20260803,Clay,O,R16,19,L0GL,George Lazarov,L,21.388,1112,14,M0KA,Yanaki Milev,R,22.3,750,42,1,6-3 6-1,3,FINAL_HISTORICAL_OOS
2d5925b0c2d873e3bccecc6a8c7756104b7b1a2742e1f57e0e6a5460babb1eeb,2026-3169,Plovdiv 2,20260803,Clay,O,R16,20,N0CJ,Petr Nesterov,R,23.409,364,138,S0QZ,Sebastian Sorger,R,20.621,479,93,1,6-4 7-6(5),3,FINAL_HISTORICAL_OOS
1e4d12fdda21d720bb7362d90f330303cd1b97977fc242867c416310080bee81,2026-3169,Plovdiv 2,20260803,Clay,O,R16,21,AA27,Franco Agamenone,R,33.3,262,210,P0FJ,Radu Mihai Papoe,R,23.932,352,145,0,4-6 6-2 7-6(2),3,FINAL_HISTORICAL_OOS
ac740dc133af7e8d91f6af9ed69b8ca32b180d453ac3a3b7f339358a117a7e82,2026-3169,Plovdiv 2,20260803,Clay,O,R16,22,M0UR,Ognjen Milic,L,19.116,337,156,P0I6,Gabriele Piraino,L,22.724,404,120,0,6-4 6-3,3,FINAL_HISTORICAL_OOS
13a4e730ed9bb6b583ee2c491fc4823b6925b46cfd6e269ef9d06ae10a919776,2026-3169,Plovdiv 2,20260803,Clay,O,R16,23,A0M2,Yannick Theodor Alexandrescou,R,18.563,928,24,B0OV,Petr Brunclik,L,20.047,331,158,1,7-5 6-3,3,FINAL_HISTORICAL_OOS
86aa5c6cb8c693b0ddafd2c3e767e58f65e24a3d1e90ef4467c94228b00d4114,2026-3169,Plovdiv 2,20260803,Clay,O,R16,24,C0MH,Gerard Campana Lee,R,21.837,585,67,P0HY,Samuele Pieri,R,24.427,386,129,1,5-7 7-5 6-1,3,FINAL_HISTORICAL_OOS
fc26a34e13896202b5a301550614e1fdd88937fac568a5d1b7d874135e402003,2026-3169,Plovdiv 2,20260803,Clay,O,QF,25,A0AB,Adrian Andreev,R,25.227,1108,14,N0CJ,Petr Nesterov,R,23.409,364,138,0,6-4 6-1,3,FINAL_HISTORICAL_OOS
be0bceb801eba8cc0c3f1bc94be9635a3f0032db066c2c3cc4142941afa8f644,2026-3169,Plovdiv 2,20260803,Clay,O,QF,26,A0M2,Yannick Theodor Alexandrescou,R,18.563,928,24,P0FJ,Radu Mihai Papoe,R,23.932,352,145,0,6-3 6-3,3,FINAL_HISTORICAL_OOS
069ff666b02be753791d97862935ed19adba3cf34e99ba956a927f755a78d08a,2026-3169,Plovdiv 2,20260803,Clay,O,QF,27,C0MH,Gerard Campana Lee,R,21.837,585,67,P0I6,Gabriele Piraino,L,22.724,404,120,0,6-1 6-1,3,FINAL_HISTORICAL_OOS
f90b4c9b1ee22b611332e74edd352ea1ffdb954ba3450e5b504f48064a0b5498,2026-3169,Plovdiv 2,20260803,Clay,O,QF,28,L0GL,George Lazarov,L,21.388,1112,14,S0CG,Carlos Sanchez Jover,L,26.034,377,131,0,6-2 6-3,3,FINAL_HISTORICAL_OOS
ba839f303be231577b769ab3c522d6e94dc3edbaddf739a70289bbe277c718ca,2026-3169,Plovdiv 2,20260803,Clay,O,SF,29,N0CJ,Petr Nesterov,R,23.409,364,138,P0FJ,Radu Mihai Papoe,R,23.932,352,145,1,7-5 6-3,3,FINAL_HISTORICAL_OOS
5666ba3ddf5ad42af6432d85d9588b37e6cdb1403b2db88c8d78b28a7b0ddbb8,2026-3169,Plovdiv 2,20260803,Clay,O,SF,30,P0I6,Gabriele Piraino,L,22.724,404,120,S0CG,Carlos Sanchez Jover,L,26.034,377,131,1,7-5 6-2,3,FINAL_HISTORICAL_OOS
bb427c9d8495c282b040ac8928f5a1e68c423a32b668ac6f43fe023bedd530c0,2026-3169,Plovdiv 2,20260803,Clay,O,F,31,N0CJ,Petr Nesterov,R,23.409,364,138,P0I6,Gabriele Piraino,L,22.724,404,120,0,6-1 7-6(5),3,FINAL_HISTORICAL_OOS
c30e6d2d5c888897f373e0660b11dbc77b3d68ebd95a0ca420c0f3b95a025d0c,2026-9542,Hagen,20260803,Clay,O,R32,1,D0H9,Guy Den Ouden,R,24.32,222,249,MP20,Alexandre Muller,R,29.5,135,445,1,7-5 6-2,3,FINAL_HISTORICAL_OOS
965a1b4cca040ca95131950353d21cd32cbee8778d767fb9a701bdf1332b5ea5,2026-9542,Hagen,20260803,Clay,O,R32,2,B0GY,Alex Barrena,R,23.814,261,211,S0GR,Timofey Skatov,R,25.53,147,391,1,7-6(4) 6-2,3,FINAL_HISTORICAL_OOS
0b5f534f6b8510f93700b4f1c3b804d7183a1e1027a1d24c1b749c0944645822,2026-9542,Hagen,20260803,Clay,O,R32,4,P09O,Zsombor Piros,R,26.806,123,517,R0FP,Daniel Rincon,L,23.57,203,274,1,7-6(1) 6-0,3,FINAL_HISTORICAL_OOS
8fb79408e0b7ef83c9976b9ea99fb9df8feb8ae946fe0446123e19db012fa69d,2026-9542,Hagen,20260803,Clay,O,R32,5,G0FW,Vilius Gaubas,R,21.593,120,523,H0CX,Max Houkes,L,26.084,242,231,0,2-6 6-4 6-4,3,FINAL_HISTORICAL_OOS
fb3143e105d5545e35a63320176f8643b303a7ef7c66327d31163c2004561c6d,2026-9542,Hagen,20260803,Clay,O,R32,6,D0L3,Matej Dodig,R,21.04,257,214,TA12,Stefano Travaglia,R,34.598,140,429,1,7-5 6-3,3,FINAL_HISTORICAL_OOS
346c6f048889bdb00fe5d6d89280068acba750f2a2223b553551481e1d22c51d,2026-9542,Hagen,20260803,Clay,O,R32,7,BV24,Raul Brancaccio,R,29.248,237,237,KH56,Zdenek Kolar,R,29.815,154,370,1,6-4 6-4,3,FINAL_HISTORICAL_OOS
a4a9f6596959e0669606a8eefda691d4a33cf8b7544d6a15d68206a0691b07be,2026-9542,Hagen,20260803,Clay,O,R32,8,D0LJ,Diego Dedura,L,18.393,193,288,RD58,Dominik Recek,R,31.452,847,30,1,7-5 6-2,3,FINAL_HISTORICAL_OOS
4d68a64faff686edb54e69b6af240d6c753314177fe996f35f9fc1a1a5486b80,2026-9542,Hagen,20260803,Clay,O,R32,9,G0IB,Tom Gentzsch,R,22.91,185,308,MJ08,Thiago Monteiro,L,32.175,276,200,1,6-3 6-7(5) 6-4,3,FINAL_HISTORICAL_OOS
d52c0959bd8edb6e9a7f8b9fe279d8fdd132663d49adf7d4241bf337a0ce16f5,2026-9542,Hagen,20260803,Clay,O,R32,10,GA79,Lorenzo Giustino,R,34.897,198,283,SS25,Vitaliy Sachko,R,29.054,189,298,1,3-6 7-6(3) 6-4,3,FINAL_HISTORICAL_OOS
f8ddb46d40ee7fbea2eb5a26218ce13cfec0abf9c10b16c5c26fbc817c7b7b28,2026-9542,Hagen,20260803,Clay,O,R32,11,K0EP,Jerome Kym,R,23.472,205,271,M0XQ,Niels McDonald,R,18.519,526,80,1,6-3 6-3,3,FINAL_HISTORICAL_OOS
f0fc09260fb1a32f163f6293993e84b27e0852cc4d4f057719d7e1dd8143ff9f,2026-9542,Hagen,20260803,Clay,O,R32,12,M0K4,Elmer Moller,R,23.069,184,308,M19T,Jamie Mackenzie,R,18.549,573,68,1,6-3 6-2,3,FINAL_HISTORICAL_OOS
7df4fd4f9e88c4f4cc48a633cffc46f33672dfa3015365c04a5195de089c88ee,2026-9542,Hagen,20260803,Clay,O,R32,13,M0AC,Rudolf Molleker,R,25.769,488,91,M0SE,Maxim Mrva,R,19.003,317,167,0,6-3 6-3,3,FINAL_HISTORICAL_OOS
e42a40668ba1bc3f3e333c9079c4d98978d7c2ce0a18f6d925122f5a2b714361,2026-9542,Hagen,20260803,Clay,O,R32,14,GJ16,Federico Agustin Gomez,R,29.684,174,320,S0AK,Henri Squire,R,25.848,211,265,0,6-2 7-5,3,FINAL_HISTORICAL_OOS
c2d835908edf3d3a0c00afaaf03ef1d6ee9879e51bafda2ef6c3a4e58f6e3f51,2026-9542,Hagen,20260803,Clay,O,R32,15,T0DM,Juan Bautista Torres,R,24.337,266,208,TE16,Carlos Taberner,R,28.986,409,117,0,6-2 6-0,3,FINAL_HISTORICAL_OOS
1fa337e55872edd831ef9cae5689fc6c44fb519d33c7202b9466d46e297bee9d,2026-9542,Hagen,20260803,Clay,O,R32,16,S0VU,Max Schoenhaus,R,19.006,312,172,T0FI,Marko Topo,R,22.888,346,151,0,5-7 6-3 7-6(3),3,FINAL_HISTORICAL_OOS
93113044287e4a7aa117184416cfa6df64d7969e9ea79d7499774f0429e86826,2026-9542,Hagen,20260803,Clay,O,R16,17,D0LJ,Diego Dedura,L,18.393,193,288,P09O,Zsombor Piros,R,26.806,123,517,0,6-3 6-2,3,FINAL_HISTORICAL_OOS
e31d748587dbbccd045e7e5bd09ccea476124700d873e1e93f5ae998881e2934,2026-9542,Hagen,20260803,Clay,O,R16,18,D0H9,Guy Den Ouden,R,24.32,222,249,M0SE,Maxim Mrva,R,19.003,317,167,1,6-4 6-2,3,FINAL_HISTORICAL_OOS
02f07e9fcb454d6266b5b8c34b6d7cf8aeaa88cbc336d2b6dd03a26a50e186a8,2026-9542,Hagen,20260803,Clay,O,R16,19,B0GY,Alex Barrena,R,23.814,261,211,S0AK,Henri Squire,R,25.848,211,265,0,6-4 6-1,3,FINAL_HISTORICAL_OOS
cff024695a13b42cccf49c799e058677bdfbfaf9f2f313c69f3a0366d94e756e,2026-9542,Hagen,20260803,Clay,O,R16,20,D0L3,Matej Dodig,R,21.04,257,214,GA79,Lorenzo Giustino,R,34.897,198,283,0,4-6 7-5 7-6(4),3,FINAL_HISTORICAL_OOS
592dfd6914856bec074c2b727013cd1277a4527271557285d7c1baa201d49e54,2026-9542,Hagen,20260803,Clay,O,R16,21,H0CX,Max Houkes,L,26.084,242,231,K0EP,Jerome Kym,R,23.472,205,271,0,6-3 7-6(4),3,FINAL_HISTORICAL_OOS
89a02a05cdefa83dfe9081df6ec7f454f8ab51e34d8dc022f54bb7a924f8ae8d,2026-9542,Hagen,20260803,Clay,O,R16,22,BV24,Raul Brancaccio,R,29.248,237,237,M0K4,Elmer Moller,R,23.069,184,308,0,7-6(4) 7-6(2),3,FINAL_HISTORICAL_OOS
64f408d5b2cd541f68d04d1732a5e8786a829a7864eca2274999477b758a8c63,2026-9542,Hagen,20260803,Clay,O,R16,23,T0FI,Marko Topo,R,22.888,346,151,TE16,Carlos Taberner,R,28.986,409,117,0,3-6 6-3 6-3,3,FINAL_HISTORICAL_OOS
aa1b1008547698011ee9599379941a26fd35f0a93d47bb54878d3e565105859c,2026-9542,Hagen,20260803,Clay,O,R16,24,G0IB,Tom Gentzsch,R,22.91,185,308,T0AP,Chun-Hsin Tseng,R,24.986,272,202,1,6-1 1-6 6-1,3,FINAL_HISTORICAL_OOS
60441bab14fa9a9aa38aff3cf0c6eb9f33197ee7fc6c1691ce01c4075c4bb409,2026-9542,Hagen,20260803,Clay,O,QF,25,D0H9,Guy Den Ouden,R,24.32,222,249,P09O,Zsombor Piros,R,26.806,123,517,0,6-4 6-1,3,FINAL_HISTORICAL_OOS
edf8d4b4f4bd7e3d29b42a7271c205f0e8899ec9d0ebf95387b6214923e025a0,2026-9542,Hagen,20260803,Clay,O,QF,26,G0IB,Tom Gentzsch,R,22.91,185,308,S0AK,Henri Squire,R,25.848,211,265,1,6-3 7-6(5),3,FINAL_HISTORICAL_OOS
687d2ad103d5dc3f1dd2a29a2d8afb88794cac2f49fdcc930ee8ff3994e91df5,2026-9542,Hagen,20260803,Clay,O,QF,27,GA79,Lorenzo Giustino,R,34.897,198,283,K0EP,Jerome Kym,R,23.472,205,271,0,6-3 7-6(4),3,FINAL_HISTORICAL_OOS
2b42202a5df219e1e566e795870007771a09b2a6c818fc5da4b14f6612d469db,2026-9542,Hagen,20260803,Clay,O,QF,28,M0K4,Elmer Moller,R,23.069,184,308,TE16,Carlos Taberner,R,28.986,409,117,1,7-6(4) 7-5,3,FINAL_HISTORICAL_OOS
54c95be16ca3af38e4f4d4811b83a11f2df2d54be66f0cfd7e00d2f5336e3be0,2026-9542,Hagen,20260803,Clay,O,SF,29,G0IB,Tom Gentzsch,R,22.91,185,308,P09O,Zsombor Piros,R,26.806,123,517,1,6-4 6-4,3,FINAL_HISTORICAL_OOS
e56b38f0b856caee1c22a50242d262be5f1177e8ea321072d5bfe87c0ed7a193,2026-9542,Hagen,20260803,Clay,O,SF,30,K0EP,Jerome Kym,R,23.472,205,271,M0K4,Elmer Moller,R,23.069,184,308,1,6-1 7-6(4),3,FINAL_HISTORICAL_OOS
2ce0ae946fae04f86e8ab64fa5c8668e63d9720caadc7ef49b471385c510fc8d,2026-9542,Hagen,20260803,Clay,O,F,31,G0IB,Tom Gentzsch,R,22.91,185,308,K0EP,Jerome Kym,R,23.472,205,271,1,6-4 7-6(4),3,FINAL_HISTORICAL_OOS
fb7f80b6973eb74939892ee22c87180dcfcaa012d365f161fb75b5ca64db4e2d,2026-8297,Hamburg,20260810,Clay,O,R32,1,A0EA,Max Alcala Gurri,R,23.912,171,323,R09V,Eduardo Ribeiro,R,28.4,372,134,0,6-4 6-4,3,FINAL_HISTORICAL_OOS
e08b4f3d0a5a05ab6b97ee981a66583517256e630afcc5c926a38ee17c4dab10,2026-8297,Hamburg,20260810,Clay,O,R32,2,D0LJ,Diego Dedura,L,18.412,193,288,R0ED,Max Hans Rehberg,R,22.908,332,158,0,6-1 6-4,3,FINAL_HISTORICAL_OOS
3758f2f0f119467bd8dcb32e7e3a42dcf27f47936a63224945ab37050025fde9,2026-8297,Hamburg,20260810,Clay,O,R32,3,D0HX,Dylan Dietrich,R,21.881,437,107,K0DP,Oleksii Krutykh,R,26.418,522,81,1,6-3 7-6(4),3,FINAL_HISTORICAL_OOS
a22f175e7d7ad079ca27adb8ea828e60a85c3882b611fcd989c9595943505553,2026-8297,Hamburg,20260810,Clay,O,R32,4,D0L3,Matej Dodig,R,21.06,257,214,Y171,Denis Yevseyev,R,33.218,439,107,1,6-3 6-1,3,FINAL_HISTORICAL_OOS
2958525ccaa97c1c221f42aea34034b7ecf89f48e8e073270030255e876d2563,2026-8297,Hamburg,20260810,Clay,O,R32,5,B0C5,Florian Broska,R,28.605,290,189,P0DF,Matheus Pucinelli De Almeida,R,25.358,277,199,0,7-6(1) 3-6 7-5,3,FINAL_HISTORICAL_OOS
8fa30530fd01a1c8eaf7eac363539bc9f6df65941176500015d7e45ac12d4252,2026-8297,Hamburg,20260810,Clay,O,R32,6,L0K7,Fryderyk Lechno-Wasiutynski,R,21.391,636,57,P0EA,Saba Purtseladze,R,24.972,659,54,0,6-4 7-5,3,FINAL_HISTORICAL_OOS
fac29cf6a777ebc083242cf9a2c20ba58787ad51a24ee48961ef631ec5d6cbdd,2026-8297,Hamburg,20260810,Clay,O,R32,7,H0CX,Max Houkes,L,26.103,242,231,N897,Sumit Nagal,R,28.983,235,239,1,7-5 6-2,3,FINAL_HISTORICAL_OOS
fd21f537acd7fc1538e16b84ff97b8d7434a087ac8e71c117e9815b1a80d36d8,2026-8297,Hamburg,20260810,Clay,O,R32,8,K0JH,Jan Kumstat,R,19.603,336,156,M19T,Jamie Mackenzie,R,18.568,573,68,1,6-7(5) 6-3 6-3,3,FINAL_HISTORICAL_OOS
6973b7ee43cea303b6e1aa1d665227be625bdd5c013f2611b1dc73b7d2014e45,2026-8297,Hamburg,20260810,Clay,O,R32,9,KI48,Ergi Kirkin,R,27.535,608,63,N0DB,Andrej Nedic,R,21.815,246,226,0,3-6 6-4 6-4,3,FINAL_HISTORICAL_OOS
efd791c426e8b0bb7c3d0cc277b6c219d49efccf2124e168c0c57ee0daed7e7d,2026-8297,Hamburg,20260810,Clay,O,R32,10,TE16,Carlos Taberner,R,29.005,409,117,W0BU,Olle Wallin,R,24.799,407,118,1,5-7 6-2 6-3,3,FINAL_HISTORICAL_OOS
f1affb15032778017962919b051f1280f73c1862ca5f383b5be62cab67ae64cf,2026-8297,Hamburg,20260810,Clay,O,R32,11,SS25,Vitaliy Sachko,R,29.073,189,298,T0AP,Chun-Hsin Tseng,R,25.005,272,202,1,5-7 6-1 6-4,3,FINAL_HISTORICAL_OOS
113b7254b8069ae5ad26e5cce299b46ee7fc0b211a2fd54b5586934ffcc9c119,2026-8297,Hamburg,20260810,Clay,O,R32,12,BV24,Raul Brancaccio,R,29.268,237,237,J09X,Filip Cristian Jianu,R,24.893,279,197,1,6-3 6-3,3,FINAL_HISTORICAL_OOS
6faa7387ba27e2866bf02fc1da056afd5c18d84bb143358725e5ecf4d4239f57,2026-8297,Hamburg,20260810,Clay,O,R32,13,M0XQ,Niels McDonald,R,18.538,526,80,P0O9,Mika Petkovic,R,19.614,429,111,1,0-6 6-4 6-3,3,FINAL_HISTORICAL_OOS
909440792229592fe109228dbb0539d5dde3a10f6a1df95058a650207efc54fd,2026-8297,Hamburg,20260810,Clay,O,R32,14,C0B2,Cezar Cretu,R,25.295,260,211,M0BN,Marvin Moeller,R,27.559,319,164,0,6-1 5-7 6-4,3,FINAL_HISTORICAL_OOS
ab358ea465bf9a6d3db6cc607ab66a20337c94e7683dc2f55ba4461bf02e00d2,2026-8297,Hamburg,20260810,Clay,O,R32,16,M0AC,Rudolf Molleker,R,25.788,488,91,M0K4,Elmer Moller,R,23.088,184,308,1,6-1 6-3,3,FINAL_HISTORICAL_OOS
dbe5852714e1c16142525e68e77274e29ba7168ec60da54ea44c36f79c6004cd,2026-8297,Hamburg,20260810,Clay,O,R16,17,D0HX,Dylan Dietrich,R,21.881,437,107,SS25,Vitaliy Sachko,R,29.073,189,298,1,7-6(6) 7-6(5),3,FINAL_HISTORICAL_OOS
cc1b7a2f7edbe0424fac02b0e5e1db8792277a1ac21957a09f34c5a7b05fc6f9,2026-8297,Hamburg,20260810,Clay,O,R16,18,BV24,Raul Brancaccio,R,29.268,237,237,M0BN,Marvin Moeller,R,27.559,319,164,0,5-7 7-6(5) 7-6(4),3,FINAL_HISTORICAL_OOS
fc4bdbc0e7576e7bce91ba5e54063f437b13e67f1890f0a0e86fea4168c8fe44,2026-8297,Hamburg,20260810,Clay,O,R16,19,M0XQ,Niels McDonald,R,18.538,526,80,R09V,Eduardo Ribeiro,R,28.4,372,134,1,4-6 6-3 6-4,3,FINAL_HISTORICAL_OOS
dabac9631797422b54c0798c44367dd25a8db5fd26687643f039ebba45d8ed2b,2026-8297,Hamburg,20260810,Clay,O,R16,20,P0DF,Matheus Pucinelli De Almeida,R,25.358,277,199,S0VU,Max Schoenhaus,R,19.025,312,172,1,6-1 6-3,3,FINAL_HISTORICAL_OOS
e6ff8f0b32a58ce9cfdaa6d92fe5a8a13ba6548ae3dd043e12a2a841eeddb66b,2026-8297,Hamburg,20260810,Clay,O,R16,21,D0L3,Matej Dodig,R,21.06,257,214,M0AC,Rudolf Molleker,R,25.788,488,91,1,6-4 6-3,3,FINAL_HISTORICAL_OOS
2ba623525b8ddeeb9d2f6fed4b29aa9ca3fe41161399771ccfd44da43e904901,2026-8297,Hamburg,20260810,Clay,O,R16,22,H0CX,Max Houkes,L,26.103,242,231,K0JH,Jan Kumstat,R,19.603,336,156,0,6-4 7-6(4),3,FINAL_HISTORICAL_OOS
4ef5c87c64460fdd1aa6aaa1d3b302ac91931416e1c632fe80da093d46ac3d57,2026-8297,Hamburg,20260810,Clay,O,R16,23,P0EA,Saba Purtseladze,R,24.972,659,54,R0ED,Max Hans Rehberg,R,22.908,332,158,1,6-1 5-7 7-5,3,FINAL_HISTORICAL_OOS
543786db2dd046af28a491a4aa43c7ab6429fd3f7d4bf6ee1ada77b279ab4ab3,2026-8297,Hamburg,20260810,Clay,O,QF,27,M0BN,Marvin Moeller,R,27.559,319,164,M0XQ,Niels McDonald,R,18.538,526,80,1,6-4 6-0,3,FINAL_HISTORICAL_OOS
0ff136a5de8e7e0f4cbfa4bc6ed37c304727615b038c8c9466b3a4a5d7a2b818,2026-8297,Hamburg,20260810,Clay,O,QF,28,D0HX,Dylan Dietrich,R,21.881,437,107,P0DF,Matheus Pucinelli De Almeida,R,25.358,277,199,0,4-6 6-3 6-4,3,FINAL_HISTORICAL_OOS
9710262dce7279e562cae8c5a39060984b3142ebeca063abf7c4a37666a4c715,2026-8297,Hamburg,20260810,Clay,O,SF,29,K0JH,Jan Kumstat,R,19.603,336,156,P0DF,Matheus Pucinelli De Almeida,R,25.358,277,199,1,6-4 5-7 6-2,3,FINAL_HISTORICAL_OOS
4696da7e72f7a2d5e635dc46c7cbdab500b8cee0a8178f7f6df9f70dea972b4a,2026-8297,Hamburg,20260810,Clay,O,SF,30,D0L3,Matej Dodig,R,21.06,257,214,M0BN,Marvin Moeller,R,27.559,319,164,0,6-2 6-4,3,FINAL_HISTORICAL_OOS
84b883110f7ff544e37c92c15676dba566e9849a39061028147ee4f4b224a668,2026-8297,Hamburg,20260810,Clay,O,F,31,K0JH,Jan Kumstat,R,19.603,336,156,M0BN,Marvin Moeller,R,27.559,319,164,1,4-6 7-6(5) 7-5,3,FINAL_HISTORICAL_OOS
350ec952dd0fb5e255597cc567a3c0263d54e7cb0c67132a3f8b6ed26568285e,2026-8392,Todi,20260810,Clay,O,R32,1,CF01,Marco Cecchinato,R,33.859,170,332,H0A4,Nick Hardt,R,25.886,273,202,1,6-3 7-5,3,FINAL_HISTORICAL_OOS
943e6526255eb75194714b4626bbb7675df30351fdf7eff657fdc64ac26cebd3,2026-8392,Todi,20260810,Clay,O,R32,3,A0CJ,Duje Ajdukovic,R,25.509,302,181,A0IK,Luciano Emanuel Ambrogi,R,22.724,313,171,0,3-6 7-6(3) 6-2,3,FINAL_HISTORICAL_OOS
93d4a4d2975046f1ec70e8219f94ba7206ed87a1b820b321fcf520487ecb6569,2026-8392,Todi,20260810,Clay,O,R32,4,F0A4,Francesco Forti,R,27.042,357,142,M0XL,Michele Mecarelli,R,19.285,950,23,1,3-6 6-2 6-4,3,FINAL_HISTORICAL_OOS
0e43962c728ab4c3ee87af891578e75c946c4add91105a4d88c5d64f88222ad0,2026-8392,Todi,20260810,Clay,O,R32,6,P0I6,Gabriele Piraino,L,22.743,404,120,S0GZ,Nikolas Sanchez Izquierdo,R,27.406,214,261,0,6-2 6-2,3,FINAL_HISTORICAL_OOS
56a47adf20757e077e340bc7ead033cbd53a1816b45f47d5837b2f6508c7118f,2026-8392,Todi,20260810,Clay,O,R32,7,C0LK,Carlo Alberto Caniato,R,20.775,452,101,P0CT,Francesco Passaro,R,25.588,219,258,0,4-6 6-4 6-4,3,FINAL_HISTORICAL_OOS
5ad41b7641f99bf99f615c2c17529348bd5e9f3fd6788bad5fad9b33f46cd13f,2026-8392,Todi,20260810,Clay,O,R32,8,F0HO,Thomas Faurel,R,20.55,323,162,MJ98,Facundo Mena,R,33.881,333,157,1,7-6(2) 6-2,3,FINAL_HISTORICAL_OOS
0adbbdcd5634fda6e3cfcce285ace1464291070ac3a8edf40cfabdd2f385fb7f,2026-8392,Todi,20260810,Clay,O,R32,9,C0OW,Lorenzo Carboni,R,20.449,481,93,M0E1,Daniel Michalski,R,26.579,338,156,0,6-0 6-3,3,FINAL_HISTORICAL_OOS
8499382c2c51a6147c124fad2a64d7f274151d96cddaa5f0c9c7e366022720c9,2026-8392,Todi,20260810,Clay,O,R32,10,MW62,Nikita Mashtakov,R,27.398,654,54,RB60,Oriol Roca Batalla,R,33.279,342,153,0,6-2 6-4,3,FINAL_HISTORICAL_OOS
36f1897aa07ce760b9fea398ed33579093f457c266954e905b2be249ca7065d2,2026-8392,Todi,20260810,Clay,O,R32,11,DC48,Murkel Dellien,R,28.898,328,160,GE33,Daniel Elahi Galan,R,30.144,271,203,0,6-4 6-2,3,FINAL_HISTORICAL_OOS
d63ab049a8f8fb5b87ca61c61e500c1e09cfa5c667ee77bf9279db06f68d4b5c,2026-8392,Todi,20260810,Clay,O,R32,12,B0VX,Pierluigi Basile,R,19.589,627,58,M0SE,Maxim Mrva,R,19.023,317,167,0,6-4 1-6 7-5,3,FINAL_HISTORICAL_OOS
cd7593f04d52f2f6c17b1991e7a95c94902c3c26719f4182f3d7c94e94b381ae,2026-8392,Todi,20260810,Clay,O,R32,13,G0I3,Massimo Giunta,R,22.086,422,113,R0HK,Filippo Romano,R,21.092,303,180,0,6-2 6-2,3,FINAL_HISTORICAL_OOS
79af46dc53aca6cf85c2bb7bf671496b0f59a2c449fa6201991ca8192603f5ca,2026-8392,Todi,20260810,Clay,O,R32,14,N0CS,Lukas Neumayer,R,23.926,169,334,WB19,Alexander Weis,R,29.295,594,65,1,6-2 6-4,3,FINAL_HISTORICAL_OOS
076d6fcd15035a1602321e961829d57977e1c1dc225908102f6ba6f4f4df5632,2026-8392,Todi,20260810,Clay,O,R32,15,GJ16,Federico Agustin Gomez,R,29.703,174,320,M0R4,Juan Cruz Martin Manzano,L,21.651,405,120,1,6-1 6-4,3,FINAL_HISTORICAL_OOS
e374ae5e22f206541037bcdd36fa62ea38637ee19ca08f9d9c4481e19e9826c8,2026-8392,Todi,20260810,Clay,O,R32,16,B0GY,Alex Barrena,R,23.833,261,211,K0BJ,Georgii Kravchenko,R,26.034,388,128,1,6-4 6-4,3,FINAL_HISTORICAL_OOS
b050cc574368a74b9592778958205137b729a4fcefe4d64a5b1fda0433bc4302,2026-8392,Todi,20260810,Clay,O,R16,17,CF01,Marco Cecchinato,R,33.859,170,332,F0A4,Francesco Forti,R,27.042,357,142,1,6-1 6-3,3,FINAL_HISTORICAL_OOS
99091363359cc75ff1f8542aa5553cc3f6a86bf481b12784707093eae4c3c4b4,2026-8392,Todi,20260810,Clay,O,R16,18,GE33,Daniel Elahi Galan,R,30.144,271,203,GJ16,Federico Agustin Gomez,R,29.703,174,320,0,7-5 6-4,3,FINAL_HISTORICAL_OOS
590d51c21eb1e476bc1fe7e6b880b2b75ac358bdae72c9276308a20ff46a6121,2026-8392,Todi,20260810,Clay,O,R16,19,M0SE,Maxim Mrva,R,19.023,317,167,S0GZ,Nikolas Sanchez Izquierdo,R,27.406,214,261,1,3-6 6-4 6-4,3,FINAL_HISTORICAL_OOS
6ae43d6e5a4ac30bd7747d1c6c7e0a5fe401306d9a7bdccd8c37d1742c517483,2026-8392,Todi,20260810,Clay,O,R16,20,R0HK,Filippo Romano,R,21.092,303,180,T0DM,Juan Bautista Torres,R,24.356,266,208,0,6-2 2-6 7-6(3),3,FINAL_HISTORICAL_OOS
0f73fea5f3d14fa45253694616327ec1f44324ef74c333a6ca54882c161f56f3,2026-8392,Todi,20260810,Clay,O,R16,21,M0E1,Daniel Michalski,R,26.579,338,156,N0CS,Lukas Neumayer,R,23.926,169,334,0,4-6 7-5 6-0,3,FINAL_HISTORICAL_OOS
22cac131fd3ed6cb0b4a662417e201bea2ad694ab400fd7a7f2bd7d1c3dd29bc,2026-8392,Todi,20260810,Clay,O,R16,22,P0CT,Francesco Passaro,R,25.588,219,258,RB60,Oriol Roca Batalla,R,33.279,342,153,1,6-4 6-1,3,FINAL_HISTORICAL_OOS
f764cadce25558e4dc0b8fdf481a8eae45c7dbc6769d956ea88f0e33d2471005,2026-8392,Todi,20260810,Clay,O,R16,23,A0IK,Luciano Emanuel Ambrogi,R,22.724,313,171,B0GY,Alex Barrena,R,23.833,261,211,0,6-2 6-3,3,FINAL_HISTORICAL_OOS
9555a75a60e09b77bed08e32d8115e6d42575ff0c6b3dffa8dbe63aa013a1c01,2026-8392,Todi,20260810,Clay,O,R16,24,F0HO,Thomas Faurel,R,20.55,323,162,KC29,Nicolas Kicker,R,33.982,365,138,0,6-4 6-4,3,FINAL_HISTORICAL_OOS
0107a71f4ceea2d06fad76f0234110a0e3bb5f1b551ce65b06d579b122f99afa,2026-8392,Todi,20260810,Clay,O,QF,25,CF01,Marco Cecchinato,R,33.859,170,332,T0DM,Juan Bautista Torres,R,24.356,266,208,1,6-4 6-4,3,FINAL_HISTORICAL_OOS
d93bd676f312cc259264c1fcc469de9c9841eb5f439f6335424729926630481d,2026-8392,Todi,20260810,Clay,O,QF,26,KC29,Nicolas Kicker,R,33.982,365,138,P0CT,Francesco Passaro,R,25.588,219,258,1,6-4 6-1,3,FINAL_HISTORICAL_OOS
d5f2c61e510bb406dc19ff3d7471bd9f96c8ab258fcc16e528aebda453f8ea09,2026-8392,Todi,20260810,Clay,O,SF,29,CF01,Marco Cecchinato,R,33.859,170,332,KC29,Nicolas Kicker,R,33.982,365,138,0,6-4 4-6 6-2,3,FINAL_HISTORICAL_OOS
7e0ebe0b5ba7db94a4b84fbd2a68b2a7c3057d2006abe44f4c52521d0f82a961,2026-8392,Todi,20260810,Clay,O,SF,30,B0GY,Alex Barrena,R,23.833,261,211,M0SE,Maxim Mrva,R,19.023,317,167,0,6-3 6-2,3,FINAL_HISTORICAL_OOS
d09f74c5e54e5650ba61178f4821ecf1a2a9d58d867d9c244997cfd8cb19e2f6,2026-8392,Todi,20260810,Clay,O,F,31,KC29,Nicolas Kicker,R,33.982,365,138,M0SE,Maxim Mrva,R,19.023,317,167,0,6-2 6-2,3,FINAL_HISTORICAL_OOS
7a5bbd10fb224f1545ea839770e8c9698f241e10758f9b3a8942a02a89637b61,2026-3133,Sion,20260817,Clay,O,R32,1,C0GK,Thiago Cigarran,R,26.393,687,50,GA79,Lorenzo Giustino,R,34.935,198,283,0,6-4 6-3,3,FINAL_HISTORICAL_OOS
cdf2a0dcaeddad331d8acd8480fa3d15ce67e5081aafa6e6a998ecf07e9233fe,2026-3133,Sion,20260817,Clay,O,R32,2,P0MG,Raphael Perot,R,25.131,345,152,S0LA,Dominic Stricker,L,24.003,327,161,0,7-5 6-3,3,FINAL_HISTORICAL_OOS
7a06bf8217ef6230635449c842b723f82503c6d4cdde22c6d1ba828a25d4ce46,2026-3133,Sion,20260817,Clay,O,R32,3,DC48,Murkel Dellien,R,28.917,328,160,N0B4,Ryan Nijboer,R,27.055,504,89,0,6-2 6-1,3,FINAL_HISTORICAL_OOS
31ccbd00855ba100d8ac4dd34cbc620c4074b4bcb3d0235fb813ee0763c89031,2026-3133,Sion,20260817,Clay,O,R32,4,BU54,Geoffrey Blancaneaux,R,28.025,414,116,E0DI,Juan Estevez,R,20.901,329,160,1,6-1 3-6 7-5,3,FINAL_HISTORICAL_OOS
dc096b026f275e00f86910e7c14cbb28dd63b97dbfedb2b6c06cae323ea1a0f6,2026-3133,Sion,20260817,Clay,O,R32,5,B0TP,Henry Bernet,R,19.559,430,110,N830,Johan Nikles,R,29.402,412,116,1,6-3 6-0,3,FINAL_HISTORICAL_OOS
92153d17266ffa2a7d47f687ffa06bc14f25d2e88a55689a5f75d2e318000287,2026-3133,Sion,20260817,Clay,O,R32,6,B0LW,Mika Brunold,R,21.873,417,115,Z09F,Patrick Zahraj,R,27.086,408,118,1,7-6(4) 6-1,3,FINAL_HISTORICAL_OOS
5984c05e0aa0c54c3c595afe3ac4542cb2c2c3cd4a55bcb5aec43d85df4ef013,2026-3133,Sion,20260817,Clay,O,R32,7,C0BB,Tommaso Compagnucci,R,26.782,358,141,D0I5,Max Dahlin,R,20.638,866,28,1,7-5 6-3,3,FINAL_HISTORICAL_OOS
eacacb50690337d712c1332de055215f9df8e158f4eef2c67a4b37b26fcf7ca1,2026-3133,Sion,20260817,Clay,O,R32,8,HG94,Benjamin Hassan,R,31.532,509,87,O0BE,Oleksandr Ovcharenko,R,24.832,613,61,1,7-6(4) 6-3,3,FINAL_HISTORICAL_OOS
ba7cebc54f8cf8c9a72db70c7c861fcae1b6cb413958a450007f39831890f56a,2026-3133,Sion,20260817,Clay,O,R32,9,C0MH,Gerard Campana Lee,R,21.875,585,67,M0EY,Alex Marti Pujolras,R,27.515,518,83,0,7-6(2) 6-3,3,FINAL_HISTORICAL_OOS
f7634a1a326f1648d793917f71b8d0f7f32efa94ce810bdb288064f6090e3941,2026-3133,Sion,20260817,Clay,O,R32,10,M0UR,Ognjen Milic,L,19.154,337,156,R0HP,Lucio Ratti,R,22.554,380,130,0,6-2 4-6 7-5,3,FINAL_HISTORICAL_OOS
9e34c6d1e87770e5c03d180497753f9885013ac6b51fa6bb4025694312d2fd96,2026-3133,Sion,20260817,Clay,O,R32,11,CO01,Andrey Chepelev,L,28.041,353,144,S0H1,Luca Staeheli,R,26.442,521,81,0,6-3 6-1,3,FINAL_HISTORICAL_OOS
cdeea6c6b279039b408d22c9088c9069f6c4e40e925bb9570203d874935293e8,2026-3133,Sion,20260817,Clay,O,R32,12,K0BJ,Georgii Kravchenko,R,26.053,388,128,V0E3,Jeffrey Von Der Schulenburg,R,24.507,927,24,0,6-4 6-3,3,FINAL_HISTORICAL_OOS
1a56ef01c6381ac253f61ca075f6b5fc23b5cc142e78562e5de471e45826c13d,2026-3133,Sion,20260817,Clay,O,R32,13,L0GR,Juan Manuel La Serna,L,22.53,286,193,MJ98,Facundo Mena,R,33.9,333,157,1,6-3 6-3,3,FINAL_HISTORICAL_OOS
eb6fb6481a02ae4ced2bc63ca94039a2f9800d272596afb2a82a2dae7d440336,2026-3133,Sion,20260817,Clay,O,R32,14,K0CJ,Sandro Kopp,R,26.226,289,190,W09T,Luca Wiedenmann,R,28.304,539,77,1,6-4 6-1,3,FINAL_HISTORICAL_OOS
5287f162a26c4c8921de8ee6e4e8c2f7d859b7d2c6c786d475052e6ed1e7b4df,2026-3133,Sion,20260817,Clay,O,R32,15,HB48,Calvin Hemery,R,31.551,318,164,W712,Kai Wehnelt,R,30.721,619,60,1,6-2 3-6 7-5,3,FINAL_HISTORICAL_OOS
8cd9caa67eb956cf30b11042729754d3e95a2c9def9af07a9c0cfd5cd6c0316b,2026-3133,Sion,20260817,Clay,O,R32,16,KC33,Dimitar Kuzmanov,R,33.054,378,131,M0BN,Marvin Moeller,R,27.578,319,164,1,6-3 6-4,3,FINAL_HISTORICAL_OOS
e024ad500fb8fa36f013cd42acc38032c821b883ce58355cfee8cd2cab289cbc,2026-3133,Sion,20260817,Clay,O,R16,17,B0TP,Henry Bernet,R,19.559,430,110,GA79,Lorenzo Giustino,R,34.935,198,283,0,6-4 3-6 7-6(3),3,FINAL_HISTORICAL_OOS
18ca82ed73ed03aaee5a0bab658b98cc217df572bbf0286b59d33b2dad0fbd72,2026-3133,Sion,20260817,Clay,O,R16,18,HG94,Benjamin Hassan,R,31.532,509,87,K0CJ,Sandro Kopp,R,26.226,289,190,1,3-6 6-1 6-4,3,FINAL_HISTORICAL_OOS
61f949dcd9612bb4611c778a91128ad3f603d4fd8e5294fdb029bfbbe9efc58b,2026-3133,Sion,20260817,Clay,O,R16,19,B0LW,Mika Brunold,R,21.873,417,115,HB48,Calvin Hemery,R,31.551,318,164,1,6-3 3-6 6-3,3,FINAL_HISTORICAL_OOS
26c3d54776bd1215e81611cf7032ecdf7b8efbdaee3513a17dcaa841e083076b,2026-3133,Sion,20260817,Clay,O,R16,20,BU54,Geoffrey Blancaneaux,R,28.025,414,116,V0E3,Jeffrey Von Der Schulenburg,R,24.507,927,24,1,6-3 6-4,3,FINAL_HISTORICAL_OOS
8e6a397e29e3adaad2b015f09e6043a572f495c7781b572ece27d1457763a2d6,2026-3133,Sion,20260817,Clay,O,R16,22,R0HP,Lucio Ratti,R,22.554,380,130,S0LA,Dominic Stricker,L,24.003,327,161,0,6-4 6-4,3,FINAL_HISTORICAL_OOS
8eafe8adf9793f26954e54b3522dcb78c94c1c5ba301fc8acb08c5d0e0c84f78,2026-3133,Sion,20260817,Clay,O,R16,23,C0BB,Tommaso Compagnucci,R,26.782,358,141,N0B4,Ryan Nijboer,R,27.055,504,89,1,6-3 6-2,3,FINAL_HISTORICAL_OOS
c07a694677286da553512b58e7330c16df22645844ebaefc39bc09f9e7c9b262,2026-3133,Sion,20260817,Clay,O,R16,24,KC33,Dimitar Kuzmanov,R,33.054,378,131,M0EY,Alex Marti Pujolras,R,27.515,518,83,1,6-1 3-6 6-1,3,FINAL_HISTORICAL_OOS
1c5adf656f503324b8196c1ce095e885df932348bbe22b58ef9c608c3cb7bc6d,2026-3133,Sion,20260817,Clay,O,QF,25,GA79,Lorenzo Giustino,R,34.935,198,283,KC33,Dimitar Kuzmanov,R,33.054,378,131,1,6-3 5-7 6-1,3,FINAL_HISTORICAL_OOS
fa51e5d9661f79db54c2ce323083afa8c70bd4f66611815a64badd8ed536e987,2026-3133,Sion,20260817,Clay,O,QF,26,C0BB,Tommaso Compagnucci,R,26.782,358,141,L0GR,Juan Manuel La Serna,L,22.53,286,193,1,6-3 6-7(1) 6-4,3,FINAL_HISTORICAL_OOS
82f1d80979b67bf351f73f3649905cfd8a340404e1b10a7dd787366b932d9eb0,2026-3133,Sion,20260817,Clay,O,QF,27,B0LW,Mika Brunold,R,21.873,417,115,S0LA,Dominic Stricker,L,24.003,327,161,0,6-4 7-6(3),3,FINAL_HISTORICAL_OOS
9d9f6ad24837b71235469b93431e024d964e2a69e0b938e62c1cd3bb1ceb3f76,2026-3133,Sion,20260817,Clay,O,QF,28,BU54,Geoffrey Blancaneaux,R,28.025,414,116,HG94,Benjamin Hassan,R,31.532,509,87,0,7-6(4) 4-6 7-6(2),3,FINAL_HISTORICAL_OOS
fa245232656a90eabfed063824af9c4cc425a8642bbdbd52e3451cee5900b35d,2026-3133,Sion,20260817,Clay,O,SF,30,C0BB,Tommaso Compagnucci,R,26.782,358,141,S0LA,Dominic Stricker,L,24.003,327,161,0,6-2 6-2,3,FINAL_HISTORICAL_OOS
0e4732fbd234a2ca3d5c0b19a786f32b95f07e028164e8b9805da680a3c32445,2026-3133,Sion,20260817,Clay,O,F,31,HG94,Benjamin Hassan,R,31.532,509,87,S0LA,Dominic Stricker,L,24.003,327,161,0,6-1 2-6 6-2,3,FINAL_HISTORICAL_OOS
0a565e50a9b9e0e83e5356e1890e9205015508e651e66e3a51a1d8cbe2332b25,2026-600,Prague,20260817,Clay,O,R32,1,B0QC,Gilles Arnaud Bailly,R,20.909,227,245,GB93,Norbert Gombos,R,36.011,418,115,0,4-6 6-1 6-4,3,FINAL_HISTORICAL_OOS
58ed6dc4273a1504a4c095c944345d78da31dde3e0bf21c9f93e3e4e3412a276,2026-600,Prague,20260817,Clay,O,R32,2,K0DP,Oleksii Krutykh,R,26.437,522,81,S0LT,Daniel Siniakov,R,23.587,458,99,1,6-3 6-4,3,FINAL_HISTORICAL_OOS
d3c6ee5af241495247dec6f9962e119340a30c1b5ee2b8df750cc95b3604d347,2026-600,Prague,20260817,Clay,O,R32,3,B0OV,Petr Brunclik,L,20.085,331,158,K0JH,Jan Kumstat,R,19.622,336,156,0,7-5 6-1,3,FINAL_HISTORICAL_OOS
b79144fc0dccc854eb68b330ec4239dad70c441b6afe0e8c2af65a94ce3f3ad3,2026-600,Prague,20260817,Clay,O,R32,4,F840,Nerman Fatic,R,31.814,411,117,M0SE,Maxim Mrva,R,19.042,317,167,0,2-6 6-2 6-4,3,FINAL_HISTORICAL_OOS
81789cdbd315fdcd4a088aa9d7ef888886a75cfc348eb0dffbdda30ac9e34a2c,2026-600,Prague,20260817,Clay,O,R32,5,P0FJ,Radu Mihai Papoe,R,23.97,352,145,RB60,Oriol Roca Batalla,R,33.298,342,153,1,6-7(4) 7-5 7-5,3,FINAL_HISTORICAL_OOS
8af4ac4493d3692c42914e365d028fdf1a50a40b315b6de2f7840889543253b8,2026-600,Prague,20260817,Clay,O,R32,7,CG33,Kimmer Coppejans,R,32.523,215,260,D0CN,Miguel Damas,R,26.656,300,183,1,7-5 6-1,3,FINAL_HISTORICAL_OOS
c772ab3b3ef2a2103e3b30541f3e9f6511ced39ca2af03f2eea15d2c62af5df6,2026-600,Prague,20260817,Clay,O,R32,8,N897,Sumit Nagal,R,29.002,235,239,R09V,Eduardo Ribeiro,R,28.419,372,134,1,7-6(5) 6-4,3,FINAL_HISTORICAL_OOS
925f0381ba2faea03cc5f3c85f88f442533b19e1cbca9713d31ff573cd23e2d5,2026-600,Prague,20260817,Clay,O,R32,9,C0B2,Cezar Cretu,R,25.314,260,211,F0HO,Thomas Faurel,R,20.569,323,162,1,2-6 6-2 6-4,3,FINAL_HISTORICAL_OOS
37826a82e6f968faa3b2c5e38e23ad0d400025a9b868eb0e979d5196053e526c,2026-600,Prague,20260817,Clay,O,R32,10,F0GD,Jakub Filip,R,20.893,933,24,H0A4,Nick Hardt,R,25.906,273,202,0,6-1 6-2,3,FINAL_HISTORICAL_OOS
1f27b135a83e868754cd2ff1fc9ab2e29bad803fd3b9face1a9eab73bb10603b,2026-600,Prague,20260817,Clay,O,R32,11,G09C,Marek Gengel,R,30.916,376,131,T0DM,Juan Bautista Torres,R,24.375,266,208,0,4-6 6-3 6-3,3,FINAL_HISTORICAL_OOS
81916df3aa4ac09eec1f9412cfa6569883c241fcd777ba7c0df703d1d6d389a0,2026-600,Prague,20260817,Clay,O,R32,12,BV25,Javier Barranco Cosano,L,27.748,457,99,K0FY,Martin Krumich,R,23.641,249,220,1,2-6 6-4 6-4,3,FINAL_HISTORICAL_OOS
13e5223eac0ed2295733ef044cdc42f428d4d2249a75ae14cd3ce76ec0dfeb45,2026-600,Prague,20260817,Clay,O,R32,13,M0AC,Rudolf Molleker,R,25.807,488,91,S0EK,Matias Soto,R,27.307,256,214,1,6-3 6-3,3,FINAL_HISTORICAL_OOS
bc3d370543d8b03ff8c6d5d7e4589eaf9038d56d33ff357edc3123f1c6ca004a,2026-600,Prague,20260817,Clay,O,R32,14,B0OU,Hynek Barton,R,22.366,263,210,T0AP,Chun-Hsin Tseng,R,25.024,272,202,0,6-4 6-1,3,FINAL_HISTORICAL_OOS
aee10195a862e8ca9269f0969ecd66b44eae7c6862485af8335c12eb9907a354,2026-600,Prague,20260817,Clay,O,R32,15,B0C5,Florian Broska,R,28.624,290,189,C0JX,Sean Cuenin,R,22.5,301,181,0,6-3 7-5,3,FINAL_HISTORICAL_OOS
cc995254b08e99eee558eafd884d2e1d304f6fe9d0689af469f342c3f5765795,2026-600,Prague,20260817,Clay,O,R32,16,J09X,Filip Cristian Jianu,R,24.912,279,197,MF35,Andrej Martin,R,36.906,395,123,1,6-2 6-2,3,FINAL_HISTORICAL_OOS
8ee0d2d0655cdb00ae3cf54974e8ec1a802ec0a0bff8d8425c7732aca70a7250,2026-600,Prague,20260817,Clay,O,R16,17,CG33,Kimmer Coppejans,R,32.523,215,260,R0ED,Max Hans Rehberg,R,22.927,332,158,0,6-4 6-1,3,FINAL_HISTORICAL_OOS
f9ce002f47eafa35a4a3aad0f3170c22d3220835f6633d24e37898a97fa9da84,2026-600,Prague,20260817,Clay,O,R16,18,K0JH,Jan Kumstat,R,19.622,336,156,N897,Sumit Nagal,R,29.002,235,239,1,7-5 6-3,3,FINAL_HISTORICAL_OOS
5e6476fd41e3caf2fff8ae1acd998f63c7b5515e17a8cca9904d247eb993173a,2026-600,Prague,20260817,Clay,O,R16,19,C0B2,Cezar Cretu,R,25.314,260,211,M0SE,Maxim Mrva,R,19.042,317,167,0,6-1 6-2,3,FINAL_HISTORICAL_OOS
73261121e59db54a1002a6b64608c3ae5912a97ed3e91e7e05290419e968e185,2026-600,Prague,20260817,Clay,O,R16,20,C0JX,Sean Cuenin,R,22.5,301,181,GB93,Norbert Gombos,R,36.011,418,115,0,6-7(1) 6-3 6-4,3,FINAL_HISTORICAL_OOS
cb0b8bd0f2f57783224d551c853f6b264234e17ac6bbe31eff3023e87caa0d28,2026-600,Prague,20260817,Clay,O,R16,21,J09X,Filip Cristian Jianu,R,24.912,279,197,M0AC,Rudolf Molleker,R,25.807,488,91,1,7-6(9) 6-4,3,FINAL_HISTORICAL_OOS
05f1a618c6b266f9485205ecddb4e2a8e13ef594bd5530fb4898f81f139ce831,2026-600,Prague,20260817,Clay,O,R16,22,H0A4,Nick Hardt,R,25.906,273,202,K0DP,Oleksii Krutykh,R,26.437,522,81,0,6-3 6-0,3,FINAL_HISTORICAL_OOS
b1ce4a80f1ffd9a696bd57d08af97f49122ce52ff082ff0c834e846caa8e3109,2026-600,Prague,20260817,Clay,O,R16,23,BV25,Javier Barranco Cosano,L,27.748,457,99,P0FJ,Radu Mihai Papoe,R,23.97,352,145,0,6-4 6-3,3,FINAL_HISTORICAL_OOS
8e5a921db228f5fbf89f6bc92cca00665613a33eb15d32105883c60060f99b55,2026-600,Prague,20260817,Clay,O,R16,24,T0AP,Chun-Hsin Tseng,R,25.024,272,202,T0DM,Juan Bautista Torres,R,24.375,266,208,1,7-5 2-6 6-1,3,FINAL_HISTORICAL_OOS
8cee1e0b448d0e0791fbd9e46eab4de0ddb4a7d0b412b55dbf9993a60624d48c,2026-600,Prague,20260817,Clay,O,QF,25,GB93,Norbert Gombos,R,36.011,418,115,P0FJ,Radu Mihai Papoe,R,23.97,352,145,1,6-1 4-6 6-2,3,FINAL_HISTORICAL_OOS
d98019f8701dac89cb3fec1c35893614c55df56eec4680f73e4f756ed180e240,2026-600,Prague,20260817,Clay,O,QF,26,J09X,Filip Cristian Jianu,R,24.912,279,197,R0ED,Max Hans Rehberg,R,22.927,332,158,1,6-3 6-4,3,FINAL_HISTORICAL_OOS
8c91c956f88af2d2b33c014c6025214a679c3174d1be35420a2620564f7dd8bb,2026-600,Prague,20260817,Clay,O,QF,27,K0JH,Jan Kumstat,R,19.622,336,156,M0SE,Maxim Mrva,R,19.042,317,167,1,6-1 7-5,3,FINAL_HISTORICAL_OOS
2649349eacf546e256b1fae163400295ed728b816eb9ea68fb712c27c41cc5f7,2026-600,Prague,20260817,Clay,O,QF,28,K0DP,Oleksii Krutykh,R,26.437,522,81,T0AP,Chun-Hsin Tseng,R,25.024,272,202,0,6-2 6-4,3,FINAL_HISTORICAL_OOS
27acbb5cfaf25a22c567948e5008ff148c7e56279213ed9b16c38c39b01b94c5,2026-600,Prague,20260817,Clay,O,SF,29,J09X,Filip Cristian Jianu,R,24.912,279,197,K0JH,Jan Kumstat,R,19.622,336,156,0,6-1 6-4,3,FINAL_HISTORICAL_OOS
7a14f2dae5895239c6debd6c8ab6838341bad6c3b501d52770c7cf68b91b0881,2026-600,Prague,20260817,Clay,O,SF,30,GB93,Norbert Gombos,R,36.011,418,115,T0AP,Chun-Hsin Tseng,R,25.024,272,202,0,6-4 6-2,3,FINAL_HISTORICAL_OOS
c378edd6990f518db527017ca47a4413f0b3f8cbc267e88ea000cd9294c8536d,2026-600,Prague,20260817,Clay,O,F,31,K0JH,Jan Kumstat,R,19.622,336,156,T0AP,Chun-Hsin Tseng,R,25.024,272,202,1,5-7 6-3 6-0,3,FINAL_HISTORICAL_OOS
f755ef58ab9a317e74c34cdfda73905e51c772536a87a507fcee327797fe9ee6,2026-8266,Augsburg,20260824,Clay,O,R32,1,K0FY,Martin Krumich,R,23.661,260,214,S0LA,Dominic Stricker,L,24.022,266,211,1,6-2 6-3,3,FINAL_HISTORICAL_OOS
1ea4cd333a983a6051e323b399162594cb9ea053e76505e234d081e73682ba7f,2026-8266,Augsburg,20260824,Clay,O,R32,2,DC48,Murkel Dellien,R,28.936,367,138,S0R2,Benito Sanchez Martinez,L,24.318,1225,9,0,6-2 6-4,3,FINAL_HISTORICAL_OOS
f643e0fd060b2fa6851bd296432a721b8748adb294b6752e319d4eb50d8c02fb,2026-8266,Augsburg,20260824,Clay,O,R32,3,C0B2,Cezar Cretu,R,25.333,286,194,M0XQ,Niels McDonald,R,18.576,480,92,1,6-2 6-0,3,FINAL_HISTORICAL_OOS
70d1310c94fa109f98294accb673397010c0ff8653a16db260d1459a0a051246,2026-8266,Augsburg,20260824,Clay,O,R32,4,MJ98,Facundo Mena,R,33.919,342,157,R0ED,Max Hans Rehberg,R,22.946,313,176,1,6-4 6-4,3,FINAL_HISTORICAL_OOS
cd2f053aa0539122c4cadb5a06f76348d0479dc0dc67f7287521c71628fea319,2026-8266,Augsburg,20260824,Clay,O,R32,5,E0DI,Juan Estevez,R,20.92,354,147,N0DB,Andrej Nedic,R,21.854,251,220,1,2-6 6-4 6-3,3,FINAL_HISTORICAL_OOS
4b01a968d6cda21e229be873121da3540aa9deb3684447f94a477a181ff94320,2026-8266,Augsburg,20260824,Clay,O,R32,6,P0GQ,Mili Poljicak,R,22.114,262,213,S0VU,Max Schoenhaus,R,19.064,315,174,0,6-4 6-3,3,FINAL_HISTORICAL_OOS
78d20c15588e5c505c70536ce25d9e6a4e7fe2c9f8b43004624d618038b82291,2026-8266,Augsburg,20260824,Clay,O,R32,7,B0OU,Hynek Barton,R,22.385,270,210,HB48,Calvin Hemery,R,31.57,322,168,1,7-5 7-5,3,FINAL_HISTORICAL_OOS
d4ac5b0e095756e4c2ebaab7dbe175d3a9bb38f247373895e14a57e16a409d7a,2026-8266,Augsburg,20260824,Clay,O,R32,8,K0CJ,Sandro Kopp,R,26.245,294,188,R09V,Eduardo Ribeiro,R,28.438,361,140,1,6-1 6-7(4) 6-1,3,FINAL_HISTORICAL_OOS
fcdad614e665f6dee8ca0882460938f5a4c19d8288fd80ea64aa3925c5893173,2026-8266,Augsburg,20260824,Clay,O,R32,9,D0CN,Miguel Damas,R,26.675,311,177,T0FI,Marko Topo,R,22.946,336,160,1,6-3 6-4,3,FINAL_HISTORICAL_OOS
c18b699314fe52e13125e7f2d3c97540b2ec7ddabac75d0a41cb9733b5a278b9,2026-8266,Augsburg,20260824,Clay,O,R32,10,H0A4,Nick Hardt,R,25.925,275,200,W712,Kai Wehnelt,R,30.741,604,61,0,2-6 6-3 6-2,3,FINAL_HISTORICAL_OOS
32b713bcbe3385418875f6ed5a25a97d0f1d55be76aafd0276921911b072482c,2026-8266,Augsburg,20260824,Clay,O,R32,11,B0LW,Mika Brunold,R,21.892,419,113,P0MG,Raphael Perot,R,25.15,371,136,1,6-3 6-4,3,FINAL_HISTORICAL_OOS
8d54e4deb17a903414a93cd806ad7010b5da89c10c2a9350af31e2c813d369e0,2026-8266,Augsburg,20260824,Clay,O,R32,12,HG94,Benjamin Hassan,R,31.551,414,115,L0GR,Juan Manuel La Serna,L,22.549,279,197,0,6-2 3-6 7-5,3,FINAL_HISTORICAL_OOS
0bc507a137705e87927d1d7972532f42becaecee9506835c5d9b1f6b9ffe0be1,2026-8266,Augsburg,20260824,Clay,O,R32,13,B0OV,Petr Brunclik,L,20.104,358,142,MN20,Daniel Masur,R,31.797,391,125,0,6-4 6-4,3,FINAL_HISTORICAL_OOS
b113901c0f7ae9227dda4424f332e0512f984787b749c837a34928d232b49dc2,2026-8266,Augsburg,20260824,Clay,O,R32,14,K0DP,Oleksii Krutykh,R,26.456,446,103,S0EK,Matias Soto,R,27.326,259,214,0,6-3 6-4,3,FINAL_HISTORICAL_OOS
6759bf45fc73abaff029e2b8bb5cf042fe73ce76ae65e75395957128096da97e,2026-8266,Augsburg,20260824,Clay,O,R32,15,G0J9,Svyatoslav Gulin,R,23.721,615,59,H0HN,Henri Haupt,R,20.246,,,1,6-3 6-2,3,FINAL_HISTORICAL_OOS
a2680c0d337c190414370eba2aad181642560e198cf985849a255575d43a9771,2026-8266,Augsburg,20260824,Clay,O,R32,16,F0HO,Thomas Faurel,R,20.589,347,153,M0BN,Marvin Moeller,R,27.598,271,205,0,6-1 6-3,3,FINAL_HISTORICAL_OOS
1acb3922e78cec87fd7f66b0fe8b29b806c1da84694369673f505e160b36c90e,2026-8266,Augsburg,20260824,Clay,O,R16,17,G0J9,Svyatoslav Gulin,R,23.721,615,59,K0FY,Martin Krumich,R,23.661,260,214,0,4-6 6-4 6-1,3,FINAL_HISTORICAL_OOS
3e8d862198d01602c02b2f24d6edfbec82ae316f125421e5c0a9043d20089fa9,2026-8266,Augsburg,20260824,Clay,O,R16,18,M0BN,Marvin Moeller,R,27.598,271,205,S0EK,Matias Soto,R,27.326,259,214,1,6-3 7-6(6),3,FINAL_HISTORICAL_OOS
191ef42da7aafdc56f65dec0139de094e63905538df5e2d0125dd821c262e04d,2026-8266,Augsburg,20260824,Clay,O,R16,19,C0B2,Cezar Cretu,R,25.333,286,194,D0CN,Miguel Damas,R,26.675,311,177,1,7-6(4) 7-6(5),3,FINAL_HISTORICAL_OOS
f53181b4f220ada6895836b9df8c1c75d2a4c9918e59c7c0ab0056c93e8ae2b3,2026-8266,Augsburg,20260824,Clay,O,R16,20,MN20,Daniel Masur,R,31.797,391,125,S0VU,Max Schoenhaus,R,19.064,315,174,1,6-7(0) 6-4 6-4,3,FINAL_HISTORICAL_OOS
21d81c1ab93dd6bec55f28bccbd5a4dc5997e8343b39e21e533125a2ec410313,2026-8266,Augsburg,20260824,Clay,O,R16,21,MJ98,Facundo Mena,R,33.919,342,157,W712,Kai Wehnelt,R,30.741,604,61,1,7-6(4) 7-5,3,FINAL_HISTORICAL_OOS
e0d4bc117be773b21ffc008386aae611d9167c102cb530dc741e54573da3d7eb,2026-8266,Augsburg,20260824,Clay,O,R16,22,E0DI,Juan Estevez,R,20.92,354,147,S0R2,Benito Sanchez Martinez,L,24.318,1225,9,0,6-3 6-4,3,FINAL_HISTORICAL_OOS
82c3119bbfbc451d2bd31f289d99c197311f51894d00a4de02ce84c0f20b035a,2026-8266,Augsburg,20260824,Clay,O,R16,23,B0OU,Hynek Barton,R,22.385,270,210,L0GR,Juan Manuel La Serna,L,22.549,279,197,1,1-6 7-5 6-2,3,FINAL_HISTORICAL_OOS
ce413e700b22de01b14ea0ac11a03ae964d9600e13b00b085f4a3e51f8fb9567,2026-8266,Augsburg,20260824,Clay,O,R16,24,B0LW,Mika Brunold,R,21.892,419,113,K0CJ,Sandro Kopp,R,26.245,294,188,0,7-6(3) 6-4,3,FINAL_HISTORICAL_OOS
10f9655b9f6b4ebc1843e8fd5e0184794c7a6ef5a0f3ee3ffe2d4b7dd6d07ae7,2026-8266,Augsburg,20260824,Clay,O,QF,25,C0B2,Cezar Cretu,R,25.333,286,194,M0BN,Marvin Moeller,R,27.598,271,205,1,6-4 6-3,3,FINAL_HISTORICAL_OOS
b3e252cdfe52eb707bed1fa38631c11778dfa596da0d4e0ac6d7dfe3a1c2934d,2026-8266,Augsburg,20260824,Clay,O,QF,26,K0CJ,Sandro Kopp,R,26.245,294,188,K0FY,Martin Krumich,R,23.661,260,214,1,6-2 6-4,3,FINAL_HISTORICAL_OOS
a14ca914aaf81ea71d050c05a8c3296d34e294aa92bf3bd2e42eaa83c43980cc,2026-8266,Augsburg,20260824,Clay,O,QF,27,B0OU,Hynek Barton,R,22.385,270,210,S0R2,Benito Sanchez Martinez,L,24.318,1225,9,0,6-4 6-3,3,FINAL_HISTORICAL_OOS
40c3eb39fdaedab90c337f9905dc6c238db49ea0f7f08ddd3b428b5b00e063c2,2026-8266,Augsburg,20260824,Clay,O,QF,28,MJ98,Facundo Mena,R,33.919,342,157,MN20,Daniel Masur,R,31.797,391,125,1,7-6(3) 6-1,3,FINAL_HISTORICAL_OOS
d6c04c55691096d810bf2e1950abe96d2ffa938b3703689175d67df4f87a957e,2026-8266,Augsburg,20260824,Clay,O,SF,29,C0B2,Cezar Cretu,R,25.333,286,194,K0CJ,Sandro Kopp,R,26.245,294,188,1,6-3 7-5,3,FINAL_HISTORICAL_OOS
0b228df7f6f9da079181b73e0a18b3e4ff738ebeee027fe70a97229c57edb7d0,2026-8266,Augsburg,20260824,Clay,O,SF,30,MJ98,Facundo Mena,R,33.919,342,157,S0R2,Benito Sanchez Martinez,L,24.318,1225,9,1,4-6 6-4 7-6(6),3,FINAL_HISTORICAL_OOS
7ed390b3a198c9f45c7e3f8f1f844567be3a9b605d73dad46bb82782f89d1e61,2026-8266,Augsburg,20260824,Clay,O,F,31,C0B2,Cezar Cretu,R,25.333,286,194,MJ98,Facundo Mena,R,33.919,342,157,1,6-2 6-0,3,FINAL_HISTORICAL_OOS
3851952d3fe11ebc7dbb3a653a8e2a4ddfd350d3f43a78f8ae68f8102a2d4241,2026-2933,Porto (CTP),20260831,Clay,O,R32,1,O660,Genaro Alberto Olivieri,R,28.074,223,249,V0D0,Niels Visker,R,24.903,430,113,0,7-6(3) 6-7(6) 7-6(2),3,FINAL_HISTORICAL_OOS
db69c09fe3720298eaa5c46d91fb38d1b2e98c688412db92fb3bea3b98453e69,2026-2933,Porto (CTP),20260831,Clay,O,R32,2,D0CN,Miguel Damas,R,26.694,316,179,S0GZ,Nikolas Sanchez Izquierdo,R,27.463,220,255,1,7-5 1-6 7-5,3,FINAL_HISTORICAL_OOS
e13a6c637d53c910750a04a4e904dc0b4d4e351f05b978dab566985dad3150b3,2026-2933,Porto (CTP),20260831,Clay,O,R32,3,B0GY,Alex Barrena,R,23.89,235,240,B0QC,Gilles Arnaud Bailly,R,20.947,244,233,0,7-6(3) 6-3,3,FINAL_HISTORICAL_OOS
82c9934d0fb894dd3cbc81d22c20590faf9330662a0399ee61b40267c1804067,2026-2933,Porto (CTP),20260831,Clay,O,R32,4,A09P,Alafia Ayeni,R,27.058,457,103,KC33,Dimitar Kuzmanov,R,33.092,382,135,0,6-2 1-6 6-3,3,FINAL_HISTORICAL_OOS
748333e4d78df6d811cf270715313c3efe2cd10e98259cdaf32f9da01497c3ed,2026-2933,Porto (CTP),20260831,Clay,O,R32,5,MJ98,Facundo Mena,R,33.938,306,182,S0WX,Patrick Schoen,R,21.325,498,91,1,6-4 6-2,3,FINAL_HISTORICAL_OOS
6d2e8adade6db225c7558aed2ee0509c1537ff08d740c24b56bf2e4884f8d5cf,2026-2933,Porto (CTP),20260831,Clay,O,R32,6,P0K4,Tiago Pereira,R,22.196,355,151,R0F6,Francisco Rocha,R,26.908,811,35,1,6-4 7-5,3,FINAL_HISTORICAL_OOS
39bc0607b14e7fc26009c52ef818861057fb5c2cf5e6d32de61bc8ed9cab82a9,2026-2933,Porto (CTP),20260831,Clay,O,R32,7,R09V,Eduardo Ribeiro,R,28.457,373,140,V09T,Pedro Vives Marcos,R,25.383,538,80,0,7-6(3) 6-4,3,FINAL_HISTORICAL_OOS
b97a17fb226e027842208dd48f7029b187dd3a2b4bc8c77f31aec80340f602e4,2026-2933,Porto (CTP),20260831,Clay,O,R32,8,DA31,Hugo Dellien,R,33.207,140,422,SN54,Frederico Ferreira Silva,L,31.455,239,239,1,6-3 6-3,3,FINAL_HISTORICAL_OOS
a991a373e2c7ed0cbcf08a5e9cd5cbc1d80e140a567c891f434c840423f797a5,2026-2933,Porto (CTP),20260831,Clay,O,R32,9,CN88,Tiago Cacao,R,28.504,665,52,M0HT,Alejandro Moro Canas,R,25.73,238,239,0,3-6 6-1 6-4,3,FINAL_HISTORICAL_OOS
96004b555a995f28bd5503eeb5640c8d73a18b4bbc7b4c9d11a56dc1f3449ee4,2026-2933,Porto (CTP),20260831,Clay,O,R32,10,CF01,Marco Cecchinato,R,33.916,166,342,H0A4,Nick Hardt,R,25.944,284,200,1,4-6 6-0 6-3,3,FINAL_HISTORICAL_OOS
526e201d7d7ca234a1cfd8486200181223b80cf9b836b0cf770889fb91f991c4,2026-2933,Porto (CTP),20260831,Clay,O,R32,11,DG80,Enrico Dalla Valle,R,28.446,333,164,M0XQ,Niels McDonald,R,18.595,494,92,1,6-3 6-4,3,FINAL_HISTORICAL_OOS
04c39e201b93ac0a409ee0de38ba9b9750dba06f34b3ca654237a733ac7b9f13,2026-2933,Porto (CTP),20260831,Clay,O,R32,12,H0DU,Gustavo Heide,R,24.504,128,474,M0VL,Goncalo Marques,,20.646,762,40,1,6-4 6-3,3,FINAL_HISTORICAL_OOS
3fe474fcfe85c5cf59e512a566008f896635e0e539f9db5fa584e53d68d57fe6,2026-2933,Porto (CTP),20260831,Clay,O,R32,13,KH56,Zdenek Kolar,R,29.892,175,318,RB60,Oriol Roca Batalla,R,33.336,346,158,0,6-1 6-1,3,FINAL_HISTORICAL_OOS
59beac6bcda3444fa6d950082f9629deca827469aed38dec9bcf40ee84d35468,2026-2933,Porto (CTP),20260831,Clay,O,R32,15,CG33,Kimmer Coppejans,R,32.561,217,260,MJ08,Thiago Monteiro,L,32.252,280,204,0,6-4 6-2,3,FINAL_HISTORICAL_OOS
ffedf242a92cad1e460bc5269111315797fb6688888fd8ed04a3aeba3141c77b,2026-2933,Porto (CTP),20260831,Clay,O,R32,16,P0O9,Mika Petkovic,R,19.671,432,113,T0CN,Tiago Torres,L,24.148,352,153,1,4-6 7-5 7-5,3,FINAL_HISTORICAL_OOS
737cb4d31005642ad2f4ee227e0ed655a4c0decec517d7ca27e9d606e6e85749,2026-2933,Porto (CTP),20260831,Clay,O,R16,17,B0QC,Gilles Arnaud Bailly,R,20.947,244,233,DA31,Hugo Dellien,R,33.207,140,422,0,6-4 6-0,3,FINAL_HISTORICAL_OOS
b4ded674f7da30bb0fecde5203f35737b13c1447286d69072784419356539c34,2026-2933,Porto (CTP),20260831,Clay,O,R16,18,CF01,Marco Cecchinato,R,33.916,166,342,M0HT,Alejandro Moro Canas,R,25.73,238,239,0,6-3 6-4,3,FINAL_HISTORICAL_OOS
250000b18eadcea6bde5624a1e97e17683e422454a2713d9b5f9df1dfd6522b5,2026-2933,Porto (CTP),20260831,Clay,O,R16,19,D0CN,Miguel Damas,R,26.694,316,179,KC33,Dimitar Kuzmanov,R,33.092,382,135,1,7-5 3-6 7-6(3),3,FINAL_HISTORICAL_OOS
4a3844e4b919ac1ae080c4b6e53e58ffa56cafb55f23dfb6eba6fb3d749d4b43,2026-2933,Porto (CTP),20260831,Clay,O,R16,20,V09T,Pedro Vives Marcos,R,25.383,538,80,V0D0,Niels Visker,R,24.903,430,113,1,4-6 7-6(1) 6-4,3,FINAL_HISTORICAL_OOS
dbdac91ddae9533597bc9b4270b8ea5e244b73c15dd2c9c7296ba8d1d466099f,2026-2933,Porto (CTP),20260831,Clay,O,R16,21,H0DU,Gustavo Heide,R,24.504,128,474,P0K4,Tiago Pereira,R,22.196,355,151,1,7-5 7-5,3,FINAL_HISTORICAL_OOS
32367c8927613fb75b14f54e089e36b3332ba5f033436948ae74ef5c9f56cf01,2026-2933,Porto (CTP),20260831,Clay,O,R16,22,A0EA,Max Alcala Gurri,R,23.97,177,317,MJ98,Facundo Mena,R,33.938,306,182,0,0-6 6-0 6-2,3,FINAL_HISTORICAL_OOS
8126b90ed0a7767fb79ae9ed11ef7465ee77740f0383e2412b22c052a41c3e0a,2026-2933,Porto (CTP),20260831,Clay,O,R16,23,MJ08,Thiago Monteiro,L,32.252,280,204,P0O9,Mika Petkovic,R,19.671,432,113,1,6-1 4-6 6-2,3,FINAL_HISTORICAL_OOS
1d4d17ba90c501d97e42e91fbd4fd354a26366a4c05f3b39216fc179beb2672d,2026-2933,Porto (CTP),20260831,Clay,O,R16,24,DG80,Enrico Dalla Valle,R,28.446,333,164,RB60,Oriol Roca Batalla,R,33.336,346,158,0,7-6(2) 6-2,3,FINAL_HISTORICAL_OOS
fb5bc8bdee063dd49b0a565edaf40c7e6ba69b92801ee43a5f28beff83235b29,2026-2933,Porto (CTP),20260831,Clay,O,QF,25,H0DU,Gustavo Heide,R,24.504,128,474,MJ08,Thiago Monteiro,L,32.252,280,204,1,6-4 6-3,3,FINAL_HISTORICAL_OOS
eeab3aa45e56286c4cb7baae607961f22c6107b63bf5cb642469f70fe80154df,2026-2933,Porto (CTP),20260831,Clay,O,QF,26,D0CN,Miguel Damas,R,26.694,316,179,DA31,Hugo Dellien,R,33.207,140,422,0,6-2 6-4,3,FINAL_HISTORICAL_OOS
fc527c6f0b79bc597bac4f737969b273262bd7b22802361010dd7d60e7f02b94,2026-2933,Porto (CTP),20260831,Clay,O,QF,27,MJ98,Facundo Mena,R,33.938,306,182,RB60,Oriol Roca Batalla,R,33.336,346,158,1,6-4 6-4,3,FINAL_HISTORICAL_OOS
8fb26e078774e2f6a906426a0b1653ca8eee5302786722ad437499a3d9f4a37b,2026-2933,Porto (CTP),20260831,Clay,O,QF,28,M0HT,Alejandro Moro Canas,R,25.73,238,239,V09T,Pedro Vives Marcos,R,25.383,538,80,0,6-3 5-7 7-6(4),3,FINAL_HISTORICAL_OOS
8ce0938b5acb30d997ac0348f1e53d959b5d9f215891c56aa3e7a33f40e8ba8e,2026-2933,Porto (CTP),20260831,Clay,O,SF,29,H0DU,Gustavo Heide,R,24.504,128,474,MJ98,Facundo Mena,R,33.938,306,182,0,7-6(5) 3-6 6-3,3,FINAL_HISTORICAL_OOS
1aa17a4ec1352d4f24c27d8c6b27872d9319041f500254c03ea2d30f75ade6d5,2026-2933,Porto (CTP),20260831,Clay,O,SF,30,DA31,Hugo Dellien,R,33.207,140,422,V09T,Pedro Vives Marcos,R,25.383,538,80,1,6-4 6-1,3,FINAL_HISTORICAL_OOS
70d1b70da5125851e53c00dc9801fb25dbd0fff1268db41bc6aebc3755e0db92,2026-2933,Porto (CTP),20260831,Clay,O,F,31,DA31,Hugo Dellien,R,33.207,140,422,MJ98,Facundo Mena,R,33.938,306,182,0,7-6(4) 6-4,3,FINAL_HISTORICAL_OOS
c4325ed6f98dc6ebb763e191b8e71fdd19fd8334422ef973dadc23960d3327de,2026-3171,Plovdiv 3,20260831,Clay,O,R32,1,M0KA,Yanaki Milev,R,22.376,866,30,N0CJ,Petr Nesterov,R,23.485,301,184,1,7-6(6) 3-6 6-4,3,FINAL_HISTORICAL_OOS
b570b6e4f7bba9ffafa91305d6a21096870d5e333de7f10b70d3020684197f60,2026-3171,Plovdiv 3,20260831,Clay,O,R32,2,E0DI,Juan Estevez,R,20.939,357,149,I09N,Federico Iannaccone,R,27.433,643,56,0,4-6 6-3 6-1,3,FINAL_HISTORICAL_OOS
da19b4602b0d6ef240ca103c984cf8b9e83c2b853933498e7434c70283efcb48,2026-3171,Plovdiv 3,20260831,Clay,O,R32,3,MW62,Nikita Mashtakov,R,27.455,576,69,P0G5,Stefan Popovic,R,23.269,630,58,1,7-5 7-6(3),3,FINAL_HISTORICAL_OOS
2d86dae3305f60208d47ad0f52aaee7b85a43cbb6c71f08be60b4d03aa7409a7,2026-3171,Plovdiv 3,20260831,Clay,O,R32,4,P0FV,Filip Jeff Planinsek,R,25.172,502,91,P0I5,Ignacio Parisca Romera,,21.029,721,45,0,6-2 6-4,3,FINAL_HISTORICAL_OOS
7f878a8bbb1bcc0344ce766cc5f90911b3d35671427a4e3e26314619865de61f,2026-3171,Plovdiv 3,20260831,Clay,O,R32,5,FA43,Juan Pablo Ficovich,R,29.599,379,137,M0EA,Pol Martin Tiffon,R,27.088,210,269,0,6-4 6-4,3,FINAL_HISTORICAL_OOS
f585f630633f07e3803925257929e897b6e186a2b4114bd33aef801e02a03437,2026-3171,Plovdiv 3,20260831,Clay,O,R32,6,HB48,Calvin Hemery,R,31.589,328,168,V0D4,Eric Vanshelboim,R,25.128,426,115,1,3-6 6-0 6-2,3,FINAL_HISTORICAL_OOS
28cc3b11a1f1b6f4fb00e9d803e93352fb2fe817750c7c61d4a009ae6753a1ed,2026-3171,Plovdiv 3,20260831,Clay,O,R32,7,K0BJ,Georgii Kravchenko,R,26.092,392,130,S0LT,Daniel Siniakov,R,23.625,503,90,1,7-6(2) 3-6 7-6(10),3,FINAL_HISTORICAL_OOS
6d7d4df8eebf4a3dd324d7f5cc5e42ce3000602b1f2b5d2eb9e9907266e3b567,2026-3171,Plovdiv 3,20260831,Clay,O,R32,8,F0HO,Thomas Faurel,R,20.608,351,153,T0FK,Giorgio Tabacco,R,23.069,654,54,1,7-5 7-5,3,FINAL_HISTORICAL_OOS
201fd5c37c6bc7ae3ffd4ff2d37bdbbf3b1f8c2e7da04685c815ee8901622e9f,2026-3171,Plovdiv 3,20260831,Clay,O,R32,9,O0BE,Oleksandr Ovcharenko,R,24.871,629,58,S0GV,Robert Strombachs,R,26.96,415,119,1,6-2 7-6(5),3,FINAL_HISTORICAL_OOS
a188e90e6fdfe7a409364615c5e3a538ce539f2e057f43406cc2a0f537f1e8ca,2026-3171,Plovdiv 3,20260831,Clay,O,R32,10,AA27,Franco Agamenone,R,33.377,291,196,G0I3,Massimo Giunta,R,22.144,422,117,0,7-5 6-3,3,FINAL_HISTORICAL_OOS
10b1a94e386e5b3ff6b77812b512c33e43c2abe49f9104414f5366b1ed5c3e8d,2026-3171,Plovdiv 3,20260831,Clay,O,R32,11,L0GL,George Lazarov,L,21.465,928,25,M0UR,Ognjen Milic,L,19.192,345,158,0,7-5 5-7 6-2,3,FINAL_HISTORICAL_OOS
d542e5f64bfef57d67c091966f62e8cff95ae10b2692f63caee8669fd08454ed,2026-3171,Plovdiv 3,20260831,Clay,O,R32,12,O0AI,Dusan Obradovic,L,25.44,496,92,P0I6,Gabriele Piraino,L,22.801,372,140,1,6-3 2-6 7-5,3,FINAL_HISTORICAL_OOS
aadf69572afaaf34d67a88ee468e28a9affc6e627536fddacb1a02dc35019f18,2026-3171,Plovdiv 3,20260831,Clay,O,R32,13,L0GR,Juan Manuel La Serna,L,22.568,289,197,V0GR,Alexander Vasilev,L,19.299,623,59,1,6-1 6-2,3,FINAL_HISTORICAL_OOS
0830d0e1217a394d937b46ab80273e47a8436dc7175457851b51a23809cec842,2026-3171,Plovdiv 3,20260831,Clay,O,R32,14,B0OV,Petr Brunclik,L,20.123,366,142,S0QZ,Sebastian Sorger,R,20.698,364,143,0,7-6(3) 6-1,3,FINAL_HISTORICAL_OOS
f97b10ebdd7e571422815954e82d523c80f4f20ecb3d4ffcb940802f1b1eb68a,2026-3171,Plovdiv 3,20260831,Clay,O,R32,15,M0SE,Maxim Mrva,R,19.08,212,265,PL64,Oleg Prihodko,R,28.909,411,120,1,7-5 6-7(5) 6-1,3,FINAL_HISTORICAL_OOS
e48c0aa8f6cc0ae066eea7679e85f8a06d67df652da38b6403ed539fddbf2416,2026-3171,Plovdiv 3,20260831,Clay,O,R16,17,I09N,Federico Iannaccone,R,27.433,643,56,M0SE,Maxim Mrva,R,19.08,212,265,1,6-4 6-4,3,FINAL_HISTORICAL_OOS
6d4a34e870184ee20b349068b4ab1f2207a500c8d671cc307d76fb47e88ce965,2026-3171,Plovdiv 3,20260831,Clay,O,R16,18,L0GR,Juan Manuel La Serna,L,22.568,289,197,MW62,Nikita Mashtakov,R,27.455,576,69,1,6-2 6-4,3,FINAL_HISTORICAL_OOS
af0ca71a59074ea914e0d2035fe83716790af5b11e9cdad11a0bae2a552d4b58,2026-3171,Plovdiv 3,20260831,Clay,O,R16,19,A0G7,Valerio Aboian,L,24.214,431,113,S0QZ,Sebastian Sorger,R,20.698,364,143,1,6-7(7) 6-0 6-2,3,FINAL_HISTORICAL_OOS
992459486f44b77193c71e15fd9b189bda4f054a565549bc547e5ddefe6c5270,2026-3171,Plovdiv 3,20260831,Clay,O,R16,20,M0KA,Yanaki Milev,R,22.376,866,30,P0I5,Ignacio Parisca Romera,,21.029,721,45,1,7-5 6-0,3,FINAL_HISTORICAL_OOS
4c8c33a92190d131443efc948922182ee85125e85c1e8040385b79190894b1ab,2026-3171,Plovdiv 3,20260831,Clay,O,R16,21,M0EA,Pol Martin Tiffon,R,27.088,210,269,O0BE,Oleksandr Ovcharenko,R,24.871,629,58,0,6-7(5) 6-4 6-1,3,FINAL_HISTORICAL_OOS
6ddfd28bacde1dfc6c00376c81e3ddfc421b9c9df5c3a55eadcf7ac154003ee4,2026-3171,Plovdiv 3,20260831,Clay,O,R16,23,K0BJ,Georgii Kravchenko,R,26.092,392,130,M0UR,Ognjen Milic,L,19.192,345,158,1,6-0 7-6(3),3,FINAL_HISTORICAL_OOS
8b6698079fc6ef5a6ddb9054a564db247e7b1d7dcfb6e49fb607cb3293e67bd8,2026-3171,Plovdiv 3,20260831,Clay,O,R16,24,G0I3,Massimo Giunta,R,22.144,422,117,O0AI,Dusan Obradovic,L,25.44,496,92,0,3-6 6-1 7-6(4),3,FINAL_HISTORICAL_OOS
572c1a6c6d96a7cb8b53a22fb0b57e19e75d8430208029b510ed7054f2a77d50,2026-3171,Plovdiv 3,20260831,Clay,O,QF,25,L0GR,Juan Manuel La Serna,L,22.568,289,197,M0KA,Yanaki Milev,R,22.376,866,30,0,6-3 3-6 6-1,3,FINAL_HISTORICAL_OOS
37a55d63bebe9ca98d3594aabc6ea1caeaec17769e471f7f0a99a730fc6aa9ea,2026-3171,Plovdiv 3,20260831,Clay,O,QF,26,A0G7,Valerio Aboian,L,24.214,431,113,I09N,Federico Iannaccone,R,27.433,643,56,1,6-4 6-1,3,FINAL_HISTORICAL_OOS
3b1876116b27124010014be37d90eb73d09f769313fe115e43f8061089bee66a,2026-3171,Plovdiv 3,20260831,Clay,O,QF,27,K0BJ,Georgii Kravchenko,R,26.092,392,130,O0BE,Oleksandr Ovcharenko,R,24.871,629,58,1,6-3 6-3,3,FINAL_HISTORICAL_OOS
b4cc6b4860408991c95b6b528ecbceb9a8b280bb77bc85225384521a7d33a165,2026-3171,Plovdiv 3,20260831,Clay,O,QF,28,F0HO,Thomas Faurel,R,20.608,351,153,O0AI,Dusan Obradovic,L,25.44,496,92,0,6-4 7-6(4),3,FINAL_HISTORICAL_OOS
699e6ffa6c35a0606d2c85208642412343aeff24c4757f60b509294b784ee360,2026-3171,Plovdiv 3,20260831,Clay,O,SF,29,K0BJ,Georgii Kravchenko,R,26.092,392,130,O0AI,Dusan Obradovic,L,25.44,496,92,1,2-6 6-2 6-3,3,FINAL_HISTORICAL_OOS
cf3692af5786fe7135b655592ae6e25e2a03f9ec0db60848c96a2511bd4d9265,2026-3171,Plovdiv 3,20260831,Clay,O,SF,30,A0G7,Valerio Aboian,L,24.214,431,113,M0KA,Yanaki Milev,R,22.376,866,30,0,6-4 5-7 6-2,3,FINAL_HISTORICAL_OOS
d2edd4d61f526bdfed2538a5abccb35958869fa0f35cbfb1ac3327007d3e0e3f,2026-3171,Plovdiv 3,20260831,Clay,O,F,31,K0BJ,Georgii Kravchenko,R,26.092,392,130,M0KA,Yanaki Milev,R,22.376,866,30,1,6-0 6-2,3,FINAL_HISTORICAL_OOS
a4395b4e1ee01b3ba9b1ccdfd05c69f11853bbcfea50be5bdc02baf4725efd42,2026-3473,Como,20260831,Clay,O,R32,1,N0DB,Andrej Nedic,R,21.873,257,220,S0KT,Stefanos Sakellaridis,R,21.963,136,435,1,2-6 6-3 7-6(2),3,FINAL_HISTORICAL_OOS
7d173a194060bc1f0d72c8c95ae2b992896bd72125f4c956bf672cf048e140aa,2026-3473,Como,20260831,Clay,O,R32,2,G0DH,Alvaro Guillen Meza,R,23.661,285,199,S0VU,Max Schoenhaus,R,19.083,318,178,0,6-2 6-7(5) 6-1,3,FINAL_HISTORICAL_OOS
56e2d92cefac25669a32e6ecbc3093f8267bc997d6c1608bd66daed7cd962008,2026-3473,Como,20260831,Clay,O,R32,4,A0CJ,Duje Ajdukovic,R,25.566,324,174,BV24,Raul Brancaccio,R,29.325,224,249,1,7-6(1) 6-2,3,FINAL_HISTORICAL_OOS
f1b6321a1d16df38ed34867d642df4b8480e963372f787952824d489f67517bc,2026-3473,Como,20260831,Clay,O,R32,5,CI14,Jay Clarke,R,28.096,242,236,F0A4,Francesco Forti,R,27.099,367,142,1,6-2 6-4,3,FINAL_HISTORICAL_OOS
c51fb8b0428ea7a2f7994a6a4e712bfa891a2403f19fc7669b0035361b0d1a8f,2026-3473,Como,20260831,Clay,O,R32,6,M0R4,Juan Cruz Martin Manzano,L,21.708,441,107,T0CU,Fausto Tabacco,R,24.301,563,72,1,6-3 3-6 6-0,3,FINAL_HISTORICAL_OOS
1dbac705a6e378928aa59ff9e8ec7ff69401aa2ea2b33b11e8964eec7f015783,2026-3473,Como,20260831,Clay,O,R32,7,K0FY,Martin Krumich,R,23.68,263,218,SX91,Thiago Seyboth Wild,R,26.475,198,281,0,6-3 6-4,3,FINAL_HISTORICAL_OOS
12f7a89fc3d02433301b6b075548105b3a30265dc1bb577c3929b1b0829d695b,2026-3473,Como,20260831,Clay,O,R32,9,GB93,Norbert Gombos,R,36.049,369,141,K0CJ,Sandro Kopp,R,26.264,283,202,1,6-3 6-3,3,FINAL_HISTORICAL_OOS
98ee8f797dcad9b6e12c99bd047dfc37834a2e1536cfdabef17f89533821f436,2026-3473,Como,20260831,Clay,O,R32,10,N830,Johan Nikles,R,29.44,424,116,W0BU,Olle Wallin,R,24.857,414,119,1,6-4 3-6 6-4,3,FINAL_HISTORICAL_OOS
e139127655f8c938d2ab272b656ca72ddc039f3c5c3e75e6b9dbabf3537b3535,2026-3473,Como,20260831,Clay,O,R32,12,F0F4,Kilian Feldbausch,R,20.98,233,241,S0EK,Matias Soto,R,27.346,261,218,1,6-3 6-2,3,FINAL_HISTORICAL_OOS
386d03cf4f5a565cf9c483f4e653937f51ef71e5c941e88b73474ce8bd738d58,2026-3473,Como,20260831,Clay,O,R32,13,B0GR,Gonzalo Bueno,R,22.409,172,322,R0A7,Joao Lucas Reis Da Silva,R,26.431,282,202,1,6-2 7-5,3,FINAL_HISTORICAL_OOS
1a243776c38f79ebf7e16d15c1e161972347b9eba32acb8ab1c28f5168bba6b1,2026-3473,Como,20260831,Clay,O,R32,14,K0JH,Jan Kumstat,R,19.661,186,302,V836,Juan Pablo Varillas,R,30.902,234,240,0,6-4 6-3,3,FINAL_HISTORICAL_OOS
647a7bc800a75d2d459f3377e71e1711d890a97adddfd66dbec7e8df4f18c664,2026-3473,Como,20260831,Clay,O,R32,16,D0L3,Matej Dodig,R,21.117,254,225,P0GQ,Mili Poljicak,R,22.133,266,214,1,6-2 6-3,3,FINAL_HISTORICAL_OOS
af669147913e6b781d64db81c352d63070a896db447bd997e95419eddeb6c6a1,2026-3473,Como,20260831,Clay,O,R16,17,CI14,Jay Clarke,R,28.096,242,236,MO44,Pedro Martinez,R,29.347,148,387,1,7-5 3-6 6-4,3,FINAL_HISTORICAL_OOS
ce904c5a62edcd8455775e434a7bd52d775c35d9e53b92e548de949fdca76801,2026-3473,Como,20260831,Clay,O,R16,18,A0CJ,Duje Ajdukovic,R,25.566,324,174,M0R4,Juan Cruz Martin Manzano,L,21.708,441,107,1,7-6(5) 5-7 6-2,3,FINAL_HISTORICAL_OOS
d7b2fbc483bbbbd043afbf37f58655aed5d65dd81db66feeb3aaab644053f4aa,2026-3473,Como,20260831,Clay,O,R16,19,F0F4,Kilian Feldbausch,R,20.98,233,241,N0DB,Andrej Nedic,R,21.873,257,220,0,7-6(6) 6-3,3,FINAL_HISTORICAL_OOS
4dd8b6c1f5ca47109b9f654fea0276bdeab37326aa67c30e307bc8f26211908e,2026-3473,Como,20260831,Clay,O,R16,20,J09X,Filip Cristian Jianu,R,24.95,269,213,N830,Johan Nikles,R,29.44,424,116,0,6-1 6-3,3,FINAL_HISTORICAL_OOS
bd0f8b4d93112b7aa0407fc37d10841fddf8ab449ac02f2c205415e22db0dc3d,2026-3473,Como,20260831,Clay,O,R16,21,A0BA,Federico Arnaboldi,R,26.201,521,85,V836,Juan Pablo Varillas,R,30.902,234,240,0,6-3 6-1,3,FINAL_HISTORICAL_OOS
2f96b0f74dde957ec19232ba4c4591ba3ab8d0b1c90f140114479a85624206c5,2026-3473,Como,20260831,Clay,O,R16,22,B0GR,Gonzalo Bueno,R,22.409,172,322,S0VU,Max Schoenhaus,R,19.083,318,178,0,6-1 6-3,3,FINAL_HISTORICAL_OOS
19bd5660c4f00cbd72ab7487309ffa5459105f045036d305b4750f8600e9643a,2026-3473,Como,20260831,Clay,O,R16,23,GB93,Norbert Gombos,R,36.049,369,141,SX91,Thiago Seyboth Wild,R,26.475,198,281,0,6-4 6-3,3,FINAL_HISTORICAL_OOS
e52e52518a52a56d51bed4c1aa85ab8762f4448448033ec9d9de207954ca00c0,2026-3473,Como,20260831,Clay,O,R16,24,B0TP,Henry Bernet,R,19.598,428,114,D0L3,Matej Dodig,R,21.117,254,225,0,6-7(1) 7-6(3) 7-5,3,FINAL_HISTORICAL_OOS
ac72032164fb2798899d5f09ee135355284a1e47e90234948e59fd7aa9562052,2026-3473,Como,20260831,Clay,O,QF,25,D0L3,Matej Dodig,R,21.117,254,225,S0VU,Max Schoenhaus,R,19.083,318,178,1,2-6 7-6(1) 6-3,3,FINAL_HISTORICAL_OOS
48bb786689c6383036ad214fd1bfa0161eebf0c79f846ff1ef19eb245894f7e6,2026-3473,Como,20260831,Clay,O,QF,27,A0CJ,Duje Ajdukovic,R,25.566,324,174,CI14,Jay Clarke,R,28.096,242,236,0,2-6 6-3 6-2,3,FINAL_HISTORICAL_OOS
28804f196501a09e14662e2932c0f9253c7a43c267cb683835d59c299e112e2b,2026-3473,Como,20260831,Clay,O,QF,28,N0DB,Andrej Nedic,R,21.873,257,220,N830,Johan Nikles,R,29.44,424,116,0,4-6 6-2 6-1,3,FINAL_HISTORICAL_OOS
79026f054d56849d9407a0128352ff7b6850bc2cdda7e49a590095085dd1bb6e,2026-3473,Como,20260831,Clay,O,SF,29,D0L3,Matej Dodig,R,21.117,254,225,N830,Johan Nikles,R,29.44,424,116,1,6-3 6-0,3,FINAL_HISTORICAL_OOS
8ecffd3a3e2a35946fcbb62acca868a4cdf633d2289c987d0c6b01651c952ec7,2026-3473,Como,20260831,Clay,O,SF,30,CI14,Jay Clarke,R,28.096,242,236,V836,Juan Pablo Varillas,R,30.902,234,240,0,6-7(4) 7-5 6-1,3,FINAL_HISTORICAL_OOS
210dc4b045e9bf1b2a4542005cbd9d5934cfcd140a355c50d57dc2f4a4f15291,2026-3473,Como,20260831,Clay,O,F,31,D0L3,Matej Dodig,R,21.117,254,225,V836,Juan Pablo Varillas,R,30.902,234,240,1,6-3 7-6(5),3,FINAL_HISTORICAL_OOS
7671cf2d912b155e6dd90816debc90875d32595ab66a20a53c59b0340cca2647,2026-1763,Genoa (Nuova Valletta),20260907,Clay,O,R32,1,P0CT,Francesco Passaro,R,25.665,207,270,SU87,Lorenzo Sonego,R,31.326,89,698,1,3-6 6-4 6-4,3,FINAL_HISTORICAL_OOS
bba4d3c3943f3e3baf8c0a3c3bf3c4f709b9643aae2ce42cef6bcdbd517d33e7,2026-1763,Genoa (Nuova Valletta),20260907,Clay,O,R32,2,P0O9,Mika Petkovic,R,19.691,432,113,PH64,Andrea Pellegrino,R,29.459,129,462,0,7-6(8) 6-4,3,FINAL_HISTORICAL_OOS
061fe72f53d01adf8b8e5a80af8ce0e414572c7a1eecf1439ad8b9dccdda9f28,2026-1763,Genoa (Nuova Valletta),20260907,Clay,O,R32,3,DA31,Hugo Dellien,R,33.227,140,422,MW75,Felipe Meligeni Alves,R,28.548,465,101,1,6-3 6-2,3,FINAL_HISTORICAL_OOS
0c0d48ec6b5ff36dba7dc9b49397f88f789cf1fb4018cc0e457f8b791b844849,2026-1763,Genoa (Nuova Valletta),20260907,Clay,O,R32,4,G0I3,Massimo Giunta,R,22.163,422,117,G0IB,Tom Gentzsch,R,23.006,145,393,1,6-3 7-6(1),3,FINAL_HISTORICAL_OOS
c1e005626aff5e01bbbadf001c8573ea102f78a9776f11a0ba193255406ce319,2026-1763,Genoa (Nuova Valletta),20260907,Clay,O,R32,5,N679,Stefano Napolitano,R,31.409,229,245,TA12,Stefano Travaglia,R,34.694,147,388,0,6-4 7-5,3,FINAL_HISTORICAL_OOS
cb8b8898893c31e26723a295ad6d608e29574edde35b3f997f18dc1d3b261c3c,2026-1763,Genoa (Nuova Valletta),20260907,Clay,O,R32,6,F0A4,Francesco Forti,R,27.118,367,142,MO44,Pedro Martinez,R,29.366,148,387,0,7-5 7-6(1),3,FINAL_HISTORICAL_OOS
e2d477b9f9a490370e67d90ed3ab1bd1dd5e9ca5018bed0517a7fb47d589de30,2026-1763,Genoa (Nuova Valletta),20260907,Clay,O,R32,7,A0G7,Valerio Aboian,L,24.233,431,113,M0R4,Juan Cruz Martin Manzano,L,21.728,441,107,1,7-5 2-6 6-1,3,FINAL_HISTORICAL_OOS
00796da289dac04aabdf10a1508f892d5df9ccc598d42234d3851097c4357920,2026-1763,Genoa (Nuova Valletta),20260907,Clay,O,R32,8,C0N6,Gabriele Crivellaro,R,19.425,1099,15,DG80,Enrico Dalla Valle,R,28.465,333,164,0,6-2 6-1,3,FINAL_HISTORICAL_OOS
62184f370b6a8a249cc4984fd416c7145ade2826b2d614cd38063fd06a7a1220,2026-1763,Genoa (Nuova Valletta),20260907,Clay,O,R32,10,F0CJ,Gianmarco Ferrari,L,25.925,517,86,SX91,Thiago Seyboth Wild,R,26.494,198,281,0,6-3 6-4,3,FINAL_HISTORICAL_OOS
89c45b6826899dc4304343cbae8193a8ab63f7e0fcd3a4e197259d5005810222,2026-1763,Genoa (Nuova Valletta),20260907,Clay,O,R32,11,A0BA,Federico Arnaboldi,R,26.22,521,85,V836,Juan Pablo Varillas,R,30.921,234,240,0,5-7 7-5 6-1,3,FINAL_HISTORICAL_OOS
96d5d30b22c85f561e388d8bba19fb5016b501dafbee0a3d12bdb19fbbb8361a,2026-1763,Genoa (Nuova Valletta),20260907,Clay,O,R32,12,G0DH,Alvaro Guillen Meza,R,23.68,285,199,Z0CO,Maximo Zeitune,R,20.597,642,56,0,6-2 4-6 7-6(1),3,FINAL_HISTORICAL_OOS
aa7f989db94e8e46e55c2db3b4b8322714c9e8a50bf84cd4f8a15f6899994475,2026-1763,Genoa (Nuova Valletta),20260907,Clay,O,R32,13,P0GQ,Mili Poljicak,R,22.152,266,214,S0KT,Stefanos Sakellaridis,R,21.982,136,435,0,6-4 6-4,3,FINAL_HISTORICAL_OOS
171f50f3b8a0206c8a63d38beb5dc15079a779bedef2058441237b463dcc5d03,2026-1763,Genoa (Nuova Valletta),20260907,Clay,O,R32,14,CF01,Marco Cecchinato,R,33.936,166,342,DB63,Laslo Djere,R,31.266,206,271,0,6-7(2) 7-6(2) 6-4,3,FINAL_HISTORICAL_OOS
f00561bd4933735bd47edfff062a7e1cd38b6f72929288a117882ce5675dd906,2026-1763,Genoa (Nuova Valletta),20260907,Clay,O,R32,15,A0CJ,Duje Ajdukovic,R,25.585,324,174,R0HK,Filippo Romano,R,21.169,319,178,1,6-2 7-5,3,FINAL_HISTORICAL_OOS
67bb8f93dc628dbf4dc015752197d3bd1e06bad781a6f8e8fe43874762eb3869,2026-1763,Genoa (Nuova Valletta),20260907,Clay,O,R32,16,F0F4,Kilian Feldbausch,R,20.999,233,241,P0I6,Gabriele Piraino,L,22.82,372,140,0,7-5 6-3,3,FINAL_HISTORICAL_OOS
4e441ff76078882136a0129efc169bc1f7058c5896253faee16f3e4bbfa93889,2026-1763,Genoa (Nuova Valletta),20260907,Clay,O,R16,18,DG80,Enrico Dalla Valle,R,28.465,333,164,TA12,Stefano Travaglia,R,34.694,147,388,1,6-7(3) 6-1 6-4,3,FINAL_HISTORICAL_OOS
668ca8a56f8ec3101ef9ecc7ba560a9caf053cf111af5ca5ee57adfcd537013c,2026-1763,Genoa (Nuova Valletta),20260907,Clay,O,R16,19,G0I3,Massimo Giunta,R,22.163,422,117,SX91,Thiago Seyboth Wild,R,26.494,198,281,0,7-5 6-3,3,FINAL_HISTORICAL_OOS
aab315be61d5a446267f07626b42ebb1f6bbf40813530bf9db3766c80bb71732,2026-1763,Genoa (Nuova Valletta),20260907,Clay,O,R16,20,P0CT,Francesco Passaro,R,25.665,207,270,V836,Juan Pablo Varillas,R,30.921,234,240,0,7-5 6-1,3,FINAL_HISTORICAL_OOS
ce818478aafcd6627cdeedc40312b785b2c827a62efed60ed34007440609fea2,2026-1763,Genoa (Nuova Valletta),20260907,Clay,O,R16,21,A0G7,Valerio Aboian,L,24.233,431,113,PH64,Andrea Pellegrino,R,29.459,129,462,1,6-3 6-2,3,FINAL_HISTORICAL_OOS
0b9fca1cbc26902ea456f5c046c48966abd020905bc183020b78a7a634d181c8,2026-1763,Genoa (Nuova Valletta),20260907,Clay,O,R16,22,A0CJ,Duje Ajdukovic,R,25.585,324,174,S0KT,Stefanos Sakellaridis,R,21.982,136,435,0,7-6(1) 2-6 6-4,3,FINAL_HISTORICAL_OOS
d2e0ee666fe76e0a0ec90d7c7728c47b33a7163bf578842c9a0a200b20cb4571,2026-1763,Genoa (Nuova Valletta),20260907,Clay,O,R16,23,MO44,Pedro Martinez,R,29.366,148,387,Z0CO,Maximo Zeitune,R,20.597,642,56,1,6-2 6-1,3,FINAL_HISTORICAL_OOS
acf9ed358eb0b8c21b7d4775b13611c8682077a79a55489e3f5f0f9968540b83,2026-1763,Genoa (Nuova Valletta),20260907,Clay,O,R16,24,DB63,Laslo Djere,R,31.266,206,271,P0I6,Gabriele Piraino,L,22.82,372,140,1,6-2 6-1,3,FINAL_HISTORICAL_OOS
4e0776f45ad6e7f8c7c0d97d208fe92f37b962ea4061ca61a99476a84ac899fd,2026-1763,Genoa (Nuova Valletta),20260907,Clay,O,QF,25,DB63,Laslo Djere,R,31.266,206,271,S0KT,Stefanos Sakellaridis,R,21.982,136,435,1,6-1 5-7 7-5,3,FINAL_HISTORICAL_OOS
bed8fbeaa04855071a3d67e3af08a703f6793ceca8bed979bec54e576539a9bc,2026-1763,Genoa (Nuova Valletta),20260907,Clay,O,QF,26,A0G7,Valerio Aboian,L,24.233,431,113,MO44,Pedro Martinez,R,29.366,148,387,0,6-1 6-2,3,FINAL_HISTORICAL_OOS
3ef4ae03583b21adf1af1291e44b7e213379bd8575fe59768ffb50005d5d134c,2026-1763,Genoa (Nuova Valletta),20260907,Clay,O,QF,27,D0L3,Matej Dodig,R,21.136,254,225,DG80,Enrico Dalla Valle,R,28.465,333,164,1,6-7(4) 6-2 7-6(5),3,FINAL_HISTORICAL_OOS
42a79a16ca3b72bda917622a02fa77b30618cda203971b99c8cd592821a4bbc3,2026-1763,Genoa (Nuova Valletta),20260907,Clay,O,QF,28,SX91,Thiago Seyboth Wild,R,26.494,198,281,V836,Juan Pablo Varillas,R,30.921,234,240,1,6-1 7-6(6),3,FINAL_HISTORICAL_OOS
49328fab2da3a174f1768f16810f6d56c0d5db8cd8bcba565e10b1ee79f8426f,2026-1763,Genoa (Nuova Valletta),20260907,Clay,O,SF,29,DB63,Laslo Djere,R,31.266,206,271,MO44,Pedro Martinez,R,29.366,148,387,0,2-6 6-4 7-5,3,FINAL_HISTORICAL_OOS
ecc905489dde9e455e9ed2522cdebf770a7963c6128338279a09f970c57c099d,2026-1763,Genoa (Nuova Valletta),20260907,Clay,O,SF,30,D0L3,Matej Dodig,R,21.136,254,225,SX91,Thiago Seyboth Wild,R,26.494,198,281,0,7-5 4-6 6-2,3,FINAL_HISTORICAL_OOS
c9b686e6b26b6a7eb3f231ec02c0072a3d8da1b3489b4c5898fbe486098b7860,2026-1763,Genoa (Nuova Valletta),20260907,Clay,O,F,31,MO44,Pedro Martinez,R,29.366,148,387,SX91,Thiago Seyboth Wild,R,26.494,198,281,0,6-4 6-2,3,FINAL_HISTORICAL_OOS
5a1d0063f78a6f08a936066ace147120b550804acd024ec76bcd44cd84e1eee8,2026-784,Seville,20260907,Clay,O,R32,1,MU94,Jaume Munar,R,29.342,55,990,RB60,Oriol Roca Batalla,R,33.355,346,158,1,4-6 6-4 6-1,3,FINAL_HISTORICAL_OOS
05ad97365c92977e0957efbab3cdc43c2e9322faf8c79e32e480de18c6e077af,2026-784,Seville,20260907,Clay,O,R32,2,BV24,Raul Brancaccio,R,29.344,224,249,F0BT,Jonas Forejtek,R,25.495,389,131,1,6-2 2-6 6-1,3,FINAL_HISTORICAL_OOS
3eeb612c57c215ae6dea81b8a54c547c79fd930fab71dc604f28535aee01353c,2026-784,Seville,20260907,Clay,O,R32,3,B0GR,Gonzalo Bueno,R,22.428,172,322,S0CG,Carlos Sanchez Jover,L,26.13,347,158,1,0-6 6-4 6-4,3,FINAL_HISTORICAL_OOS
090e9e189a07a47d78debab459996ee15e94f4d2ed58ed1aad66d8eba9ad7879,2026-784,Seville,20260907,Clay,O,R32,4,CF59,Roberto Carballes Baena,R,33.459,209,269,RC04,Alexander Ritschard,R,32.457,638,56,0,7-6(5) 6-3,3,FINAL_HISTORICAL_OOS
02503efcb45181f1ec8681587036b40d5baa8f65872cf4c7d21bb34a9aa2010b,2026-784,Seville,20260907,Clay,O,R32,5,RH59,Santiago Rodriguez Taverna,R,27.146,434,111,S0GZ,Nikolas Sanchez Izquierdo,R,27.483,220,255,1,1-6 6-3 7-5,3,FINAL_HISTORICAL_OOS
9fbae8b1fb72928351d608d24c9ac71f6c3b581b6345090749b1280b04eb14b3,2026-784,Seville,20260907,Clay,O,R32,6,D0CG,Facundo Diaz Acosta,L,25.728,82,732,M0EA,Pol Martin Tiffon,R,27.107,210,269,1,6-3 2-6 6-2,3,FINAL_HISTORICAL_OOS
c057d17726d2c24c6b66cde2bb804873867fb8109e405d9e0e54a7bf25219eef,2026-784,Seville,20260907,Clay,O,R32,8,B0OV,Petr Brunclik,L,20.142,366,142,M0HT,Alejandro Moro Canas,R,25.749,238,239,0,4-6 6-3 6-3,3,FINAL_HISTORICAL_OOS
b5e8569aad6fc97dcf36de161c900ea26ce3c1a26280b46873bc25ed42f7bb4a,2026-784,Seville,20260907,Clay,O,R32,9,B0JP,Dali Blanch,R,23.51,342,160,O660,Genaro Alberto Olivieri,R,28.093,223,249,0,6-3 3-6 6-1,3,FINAL_HISTORICAL_OOS
f32207ab18b3d5f16dcba991cb5d6c7326f89cffbab2ffef498b7380cdbe0bbb,2026-784,Seville,20260907,Clay,O,R32,10,L0IL,Martin Landaluce,R,20.663,65,922,L987,Dusan Lajovic,R,36.189,167,338,0,6-0 6-4,3,FINAL_HISTORICAL_OOS
c0a4b8887a05b5007d60946e11acec4b35e94b2b93f59501585e846dce274692,2026-784,Seville,20260907,Clay,O,R32,11,P0K4,Tiago Pereira,R,22.215,355,151,TA29,Marco Trungelliti,R,36.6,83,731,1,6-4 4-6 6-4,3,FINAL_HISTORICAL_OOS
ae54f28b44bf87ac49de6ce69324fd68c53a431e0e3b8ac540052f73a47198e3,2026-784,Seville,20260907,Clay,O,R32,12,R0GO,Henrique Rocha,R,22.42,120,513,TE16,Carlos Taberner,R,29.081,406,121,1,6-3 7-6(11),3,FINAL_HISTORICAL_OOS
dd07a1a931f65989359db1b940d5f9c95c8ba7fc9b6dbb65727fa3140367eaff,2026-784,Seville,20260907,Clay,O,R32,13,G0FW,Vilius Gaubas,R,21.689,121,511,L0N0,Pavel Lagutin,R,21.506,474,98,0,6-2 3-6 6-0,3,FINAL_HISTORICAL_OOS
4368d4f299f2c9df9bb3c5d82b78d5cd71990232ee47ab228df5f093cd0cb3d9,2026-784,Seville,20260907,Clay,O,R32,14,G0EU,Felix Gill,L,24.268,214,262,O513,Sebastian Ofner,R,30.322,125,495,0,6-4 6-2,3,FINAL_HISTORICAL_OOS
7927e1d30c4dd405d373d32671959209a4f6fddd0e4d8ba8851b00e00c7779fc,2026-784,Seville,20260907,Clay,O,R32,15,CG33,Kimmer Coppejans,R,32.58,217,260,L0CX,Pablo Llamas Ruiz,R,23.901,126,491,0,6-3 4-6 6-3,3,FINAL_HISTORICAL_OOS
90b607010bd3f101b54789e63d3c1f298c578bca1bf518a91e37462c8d9f8886,2026-784,Seville,20260907,Clay,O,R32,16,A0EA,Max Alcala Gurri,R,23.989,177,317,C0MH,Gerard Campana Lee,R,21.933,541,79,1,6-1 7-5,3,FINAL_HISTORICAL_OOS
81132f70304235e1ed6211f3369affe39aaccf56e45e160d1b48021da8d7bf85,2026-784,Seville,20260907,Clay,O,R16,17,R0GO,Henrique Rocha,R,22.42,120,513,RH59,Santiago Rodriguez Taverna,R,27.146,434,111,1,6-4 6-1,3,FINAL_HISTORICAL_OOS
b2a7df2142919f4d447de858783a867c5077e26c85c81fbb94fa4a17d2dc1a8b,2026-784,Seville,20260907,Clay,O,R16,18,A0EA,Max Alcala Gurri,R,23.989,177,317,L0N0,Pavel Lagutin,R,21.506,474,98,1,6-7(3) 6-2 7-6(6),3,FINAL_HISTORICAL_OOS
a22ecf052ccc010c06f659ddc6069e791494bff6b1c0cbe63c2ad31041807d6e,2026-784,Seville,20260907,Clay,O,R16,19,HB48,Calvin Hemery,R,31.608,328,168,L987,Dusan Lajovic,R,36.189,167,338,0,6-4 6-2,3,FINAL_HISTORICAL_OOS
908d67619804177603e9720ecb89d812115f9888547d40a29c6b907414f8dd99,2026-784,Seville,20260907,Clay,O,R16,20,O660,Genaro Alberto Olivieri,R,28.093,223,249,P0K4,Tiago Pereira,R,22.215,355,151,1,6-1 6-3,3,FINAL_HISTORICAL_OOS
e2d1c8f987c07b59555ff22c6b5726a1ed57d0d8424d858ea35aea069561d706,2026-784,Seville,20260907,Clay,O,R16,21,D0CG,Facundo Diaz Acosta,L,25.728,82,732,M0HT,Alejandro Moro Canas,R,25.749,238,239,1,6-1 7-5,3,FINAL_HISTORICAL_OOS
5fd633531e6b780ce84fdeb6fa6a61c2e98840704c366dfe5c7b0a10f38ab128,2026-784,Seville,20260907,Clay,O,R16,22,O513,Sebastian Ofner,R,30.322,125,495,RC04,Alexander Ritschard,R,32.457,638,56,1,6-4 6-4,3,FINAL_HISTORICAL_OOS
1db235e6a61df6199d56698e26cabe741411c09c2c8e680ad7daabbb4205a5b2,2026-784,Seville,20260907,Clay,O,R16,23,BV24,Raul Brancaccio,R,29.344,224,249,L0CX,Pablo Llamas Ruiz,R,23.901,126,491,1,5-7 6-3 6-3,3,FINAL_HISTORICAL_OOS
0a1000910abb9ba279485554766859c6588a7cf079313b74785673f436722391,2026-784,Seville,20260907,Clay,O,QF,24,BV24,Raul Brancaccio,R,29.344,224,249,MU94,Jaume Munar,R,29.342,55,990,0,2-6 6-1 6-1,3,FINAL_HISTORICAL_OOS
26ea54394242d904c28178689333bdf5639c1fd4163bcc708713fbc8ca44ee76,2026-784,Seville,20260907,Clay,O,QF,25,D0CG,Facundo Diaz Acosta,L,25.728,82,732,O513,Sebastian Ofner,R,30.322,125,495,1,7-5 6-2,3,FINAL_HISTORICAL_OOS
ecc2ad1864443429f159a76bbc55036bf772d793eaccdf61ee6854aff3c322bb,2026-784,Seville,20260907,Clay,O,QF,26,L987,Dusan Lajovic,R,36.189,167,338,R0GO,Henrique Rocha,R,22.42,120,513,1,6-4 6-4,3,FINAL_HISTORICAL_OOS
00d30f0060274499713ef9a382371270b220ad48a0dc06e37f1d790e6c7d1434,2026-784,Seville,20260907,Clay,O,QF,27,A0EA,Max Alcala Gurri,R,23.989,177,317,O660,Genaro Alberto Olivieri,R,28.093,223,249,1,6-1 5-7 6-3,3,FINAL_HISTORICAL_OOS
f36b35d94e36e5086637488b13c1f3db61771eae668ce7c281b736bc2e37d4bc,2026-784,Seville,20260907,Clay,O,SF,28,D0CG,Facundo Diaz Acosta,L,25.728,82,732,MU94,Jaume Munar,R,29.342,55,990,1,4-6 6-3 7-6(1),3,FINAL_HISTORICAL_OOS
34aaa3b04ee5bd6f9093399b96ad84176fa81fc72be470c431b0ed389d2d663e,2026-784,Seville,20260907,Clay,O,F,30,D0CG,Facundo Diaz Acosta,L,25.728,82,732,L987,Dusan Lajovic,R,36.189,167,338,1,6-2 6-1,3,FINAL_HISTORICAL_OOS
81d1295826fe2a242da208a3ecd6263e4cf3d7e9d4cc4ef0ba8b3c766a7f63cc,2026-9556,Tulln,20260907,Clay,O,R32,1,MV14,Alex Molcan,L,28.767,86,710,R0A7,Joao Lucas Reis Da Silva,R,26.45,282,202,0,6-1 6-4,3,FINAL_HISTORICAL_OOS
36d8f30eed34cd91e1058dbabb973fc62ff5693510affad720900ecfa31b1541,2026-9556,Tulln,20260907,Clay,O,R32,2,D0LJ,Diego Dedura-Palomero,,,190,291,P0HP,Lukas Pokorny,R,24.523,614,61,1,6-2 5-7 6-0,3,FINAL_HISTORICAL_OOS
2e9dca73d7bc93560528fe232fff857eaad2af87edc2cee4adc23b5914a730b7,2026-9556,Tulln,20260907,Clay,O,R32,3,B0OU,Hynek Barton,R,22.423,270,213,H0I7,Nico Hipfl,R,20.43,825,33,0,6-3 6-3,3,FINAL_HISTORICAL_OOS
08989b35b3e9eefef1eefe2cbb6fab0d5d132fbbd191dd0fac62e336456e14fb,2026-9556,Tulln,20260907,Clay,O,R32,4,J09X,Filip Cristian Jianu,R,24.969,269,213,L0GR,Juan Manuel La Serna,L,22.587,289,197,0,6-4 3-6 6-3,3,FINAL_HISTORICAL_OOS
438946d3fbc182a5f9cc37214a9c14966e52da80a7867b7f6129c6e7f4076772,2026-9556,Tulln,20260907,Clay,O,R32,5,MJ08,Thiago Monteiro,L,32.271,280,204,R0ED,Max Hans Rehberg,R,22.984,320,176,1,6-7(4) 6-3 7-6(5),3,FINAL_HISTORICAL_OOS
99ba3343d24125e61e133d2fb93a107b51c13d9f010d78b87abb5d2dad3deee3,2026-9556,Tulln,20260907,Clay,O,R32,7,B0GY,Alex Barrena,R,23.91,235,240,M0UR,Ognjen Milic,L,19.211,345,158,1,3-6 6-2 6-3,3,FINAL_HISTORICAL_OOS
7e12ef0276c7e63abc64375e39c1bca5f99a9ae98ca7f6c7a08990f5e08cd931,2026-9556,Tulln,20260907,Clay,O,R32,8,K0FY,Martin Krumich,R,23.699,263,218,S0QZ,Sebastian Sorger,R,20.717,364,143,1,3-6 6-4 6-3,3,FINAL_HISTORICAL_OOS
777d59152dc2a34dbd864efa4abac211dbbc192d8645c64837c86fd9428ad4b7,2026-9556,Tulln,20260907,Clay,O,R32,9,K0CJ,Sandro Kopp,R,26.283,283,202,S0EK,Matias Soto,R,27.365,261,218,0,7-6(5) 6-2,3,FINAL_HISTORICAL_OOS
2d7703808a08b71c8ddaf0a084166e084001fcee65fac19e6c96309e08a58805,2026-9556,Tulln,20260907,Clay,O,R32,10,GE33,Daniel Elahi Galan,R,30.22,335,163,T0FI,Marko Topo,R,22.984,341,160,0,6-2 4-6 6-3,3,FINAL_HISTORICAL_OOS
aca58f44f746750b4ef694055f55a4bd6bcadfd1125a1e2cab0ac7811191e584,2026-9556,Tulln,20260907,Clay,O,R32,11,C0JX,Sean Cuenin,R,22.557,279,208,H0DU,Gustavo Heide,R,24.523,128,474,0,6-3 6-4,3,FINAL_HISTORICAL_OOS
b43cb2ce5828dbd644af6a23651be5342539ea9f933d00fc57e5c18d9c764721,2026-9556,Tulln,20260907,Clay,O,R32,12,KH56,Zdenek Kolar,R,29.911,175,318,W0BU,Olle Wallin,R,24.876,414,119,1,6-3 7-5,3,FINAL_HISTORICAL_OOS
f07e71ce8503c9065e9627c9af07d097669d383f28c32de7dbd31c6a99db60a1,2026-9556,Tulln,20260907,Clay,O,R32,13,S0LT,Daniel Siniakov,R,23.644,503,90,SS25,Vitaliy Sachko,R,29.15,188,298,0,6-4 7-5,3,FINAL_HISTORICAL_OOS
a3025c8f4a14394930e22b392e87753b3ce95b14074a4b39eb868ab6328ac4d3,2026-9556,Tulln,20260907,Clay,O,R32,14,G0J9,Svyatoslav Gulin,R,23.759,592,66,N0CS,Lukas Neumayer,R,24.003,191,290,0,6-4 6-2,3,FINAL_HISTORICAL_OOS
3fdeded72a543744ae051ece08cecafa0922c167c73cb72ed84adaf511c8eeb6,2026-9556,Tulln,20260907,Clay,O,R32,15,M0JZ,Filip Misolic,R,25.081,537,80,S0AK,Henri Squire,R,25.944,215,261,1,6-4 6-0,3,FINAL_HISTORICAL_OOS
0b3072d8166c138c88eb494067db0379a873d39b21be4d2eb67df22cc7cd5295,2026-9556,Tulln,20260907,Clay,O,R16,17,D0LJ,Diego Dedura-Palomero,,,190,291,H0DU,Gustavo Heide,R,24.523,128,474,0,6-1 7-5,3,FINAL_HISTORICAL_OOS
c1274ad44ff9ef70f78f0c774ddd43feae72fdeee2e1932dbc59800b795274d9,2026-9556,Tulln,20260907,Clay,O,R16,18,L0GR,Juan Manuel La Serna,L,22.587,289,197,N0CS,Lukas Neumayer,R,24.003,191,290,0,7-5 6-7(9) 6-1,3,FINAL_HISTORICAL_OOS
1db396c7efe242742b8cccce94c8bd982114baf76b802b619f045176d6941bd1,2026-9556,Tulln,20260907,Clay,O,R16,19,B0LW,Mika Brunold,R,21.93,410,120,M0JZ,Filip Misolic,R,25.081,537,80,1,6-1 6-7(2) 6-2,3,FINAL_HISTORICAL_OOS
e8f745e70b990216a837528d1a24daba6bfa34ca30766f1bb967ea59dc2b7abb,2026-9556,Tulln,20260907,Clay,O,R16,20,MJ08,Thiago Monteiro,L,32.271,280,204,R0A7,Joao Lucas Reis Da Silva,R,26.45,282,202,0,6-3 6-4,3,FINAL_HISTORICAL_OOS
ca6194ffbda0816ce847c331d179c6ad6c3c3c3bfe45d3db4c3506efcf9a57e4,2026-9556,Tulln,20260907,Clay,O,R16,21,K0FY,Martin Krumich,R,23.699,263,218,KH56,Zdenek Kolar,R,29.911,175,318,0,6-2 6-4,3,FINAL_HISTORICAL_OOS
af803f0cf7881852b6c2a32b0549d45cb80d74ce7384ccedd887590292678f5f,2026-9556,Tulln,20260907,Clay,O,R16,22,SS25,Vitaliy Sachko,R,29.15,188,298,T0FI,Marko Topo,R,22.984,341,160,1,6-2 6-4,3,FINAL_HISTORICAL_OOS
c32925f05b9d7b97310c1e9e7345e63a012643ea134787607f7e4eab1cf18b0f,2026-9556,Tulln,20260907,Clay,O,R16,23,B0GY,Alex Barrena,R,23.91,235,240,H0I7,Nico Hipfl,R,20.43,825,33,1,6-2 6-7(3) 6-3,3,FINAL_HISTORICAL_OOS
fa7a8484ec8c2b252963877a495ad234e27be28183653018261b977f54cbbbe9,2026-9556,Tulln,20260907,Clay,O,R16,24,M0BN,Marvin Moeller,R,27.636,278,210,S0EK,Matias Soto,R,27.365,261,218,0,6-4 3-6 6-0,3,FINAL_HISTORICAL_OOS
6ffe911ba5b9fe469e62e5cfd0ee854804bfdf8b645ff9ff46d6bc637ebbbd67,2026-9556,Tulln,20260907,Clay,O,QF,25,B0LW,Mika Brunold,R,21.93,410,120,H0DU,Gustavo Heide,R,24.523,128,474,1,6-2 6-1,3,FINAL_HISTORICAL_OOS
91cb6c810fcd772ae9b4aa6f1e78afdd11e58197f1aef20f09d2e408ff450956,2026-9556,Tulln,20260907,Clay,O,QF,26,B0GY,Alex Barrena,R,23.91,235,240,KH56,Zdenek Kolar,R,29.911,175,318,1,6-7(2) 7-5 7-5,3,FINAL_HISTORICAL_OOS
73759c9a3a37cf6b8133c15cc9fdb6d5054ccbb33158a4fc34902a6635942858,2026-9556,Tulln,20260907,Clay,O,QF,27,S0EK,Matias Soto,R,27.365,261,218,SS25,Vitaliy Sachko,R,29.15,188,298,0,6-3 1-6 6-2,3,FINAL_HISTORICAL_OOS
9cac6997de5e27aa0b3953ec947c1600276734e3e7901263c094d065c8bc9289,2026-9556,Tulln,20260907,Clay,O,QF,28,N0CS,Lukas Neumayer,R,24.003,191,290,R0A7,Joao Lucas Reis Da Silva,R,26.45,282,202,0,7-6(4) 6-4,3,FINAL_HISTORICAL_OOS
fe1dbfcb412c6b01049c8d859392e32baf6372b22910b15ceddb263f980f3c3b,2026-9556,Tulln,20260907,Clay,O,SF,29,B0LW,Mika Brunold,R,21.93,410,120,SS25,Vitaliy Sachko,R,29.15,188,298,1,6-0 6-2,3,FINAL_HISTORICAL_OOS
680ca2e703e64bbe9cd11a53addce3e0cc76b7dd65e64a0362af6877dcab4644,2026-9556,Tulln,20260907,Clay,O,SF,30,B0GY,Alex Barrena,R,23.91,235,240,R0A7,Joao Lucas Reis Da Silva,R,26.45,282,202,0,6-2 6-3,3,FINAL_HISTORICAL_OOS
f5bc89fa3a8d173a31b516c8aa74829176e0b485374f325cbe6a53663e3e9d3d,2026-9556,Tulln,20260907,Clay,O,F,31,B0LW,Mika Brunold,R,21.93,410,120,R0A7,Joao Lucas Reis Da Silva,R,26.45,282,202,1,6-4 6-3,3,FINAL_HISTORICAL_OOS
b79e9d2408ac3039e59f69d3bdc747d9483a16694eb3183851dae218c9145315,2026-448,Szczecin,20260914,Clay,O,R32,1,D0CG,Facundo Diaz Acosta,L,25.747,72,826,GE33,Daniel Elahi Galan,R,30.24,392,129,0,5-7 6-2 6-3,3,FINAL_HISTORICAL_OOS
5fa3bbf060a7a2b987da712468cf380fac3bcebf27659dc926221fc821adb51c,2026-448,Szczecin,20260914,Clay,O,R32,2,F0F4,Kilian Feldbausch,R,21.018,270,203,W712,Kai Wehnelt,R,30.798,632,57,1,6-2 6-2,3,FINAL_HISTORICAL_OOS
4aa8b09031152fd8f7a045bbe4c3cbe53fbaa32ef82e7beca7977001056e3f02,2026-448,Szczecin,20260914,Clay,O,R32,3,M0BN,Marvin Moeller,R,27.655,259,214,M0E1,Daniel Michalski,R,26.675,279,197,1,6-2 6-4,3,FINAL_HISTORICAL_OOS
c78b829a2bb45487acf10f3fd6155906c35c402e8ff971af06e70d2b98896d6f,2026-448,Szczecin,20260914,Clay,O,R32,4,P0FU,Filip Pieczonka,L,22.431,1112,13,P0K4,Tiago Pereira,R,22.234,338,159,1,5-7 6-4 7-5,3,FINAL_HISTORICAL_OOS
72943784bfdadbfb774eaa83c93214394b2dc91d7078df0b610558c76ac552f5,2026-448,Szczecin,20260914,Clay,O,R32,5,J09X,Filip Cristian Jianu,R,24.988,277,199,SS25,Vitaliy Sachko,R,29.169,182,308,0,6-3 6-1,3,FINAL_HISTORICAL_OOS
61d5b81451d0e75867a771eed96cf6a6492421735fe271a74ecd4e89a74f0b0e,2026-448,Szczecin,20260914,Clay,O,R32,6,B0JP,Dali Blanch,R,23.529,334,160,S0GZ,Nikolas Sanchez Izquierdo,R,27.502,233,236,0,6-2 6-2,3,FINAL_HISTORICAL_OOS
a3ad39a36e29f40138eb760d48dbd5500d2d09508443bf5c1dcbb40d27ba9f38,2026-448,Szczecin,20260914,Clay,O,R32,7,G0IB,Tom Gentzsch,R,23.025,166,341,W0F8,Alan Wazny,R,19.28,813,34,1,7-5 6-7(3) 6-0,3,FINAL_HISTORICAL_OOS
2ab11a70c5ece7ea5d2007f927e1d4a881f935a5dfaae1d7db99e6f33140dc10,2026-448,Szczecin,20260914,Clay,O,R32,8,MJ08,Thiago Monteiro,L,32.29,282,195,TA12,Stefano Travaglia,R,34.713,158,355,1,6-3 7-6(3),3,FINAL_HISTORICAL_OOS
cdfecc5d8d63615618a7e8b6a374d778df449890afc9b4e4c70ebd5572f4f74f,2026-448,Szczecin,20260914,Clay,O,R32,9,K0FY,Martin Krumich,R,23.718,256,217,K0NU,Kacper Knitter,L,19.184,1324,8,1,6-2 6-2,3,FINAL_HISTORICAL_OOS
25c12612bdf8c60e218aeeb323f5733d33c6b2e54224fba8a04c234e25c27007,2026-448,Szczecin,20260914,Clay,O,R32,10,C0JX,Sean Cuenin,R,22.576,307,180,TA29,Marco Trungelliti,R,36.619,99,637,0,7-6(4) 6-2,3,FINAL_HISTORICAL_OOS
18d4e352fbf555af16652ddd610b3447cf08e4c644855ecb1bc0d3bc604839c6,2026-448,Szczecin,20260914,Clay,O,R32,11,CF01,Marco Cecchinato,R,33.955,163,344,S0AK,Henri Squire,R,25.963,238,231,1,7-5 6-3,3,FINAL_HISTORICAL_OOS
5d78a70c5ddedb56f92452c7616b7818c3cbd79c63a2cc765196e81b8507c771,2026-448,Szczecin,20260914,Clay,O,R32,13,GE28,Ivan Gakhov,L,29.859,453,104,KH56,Zdenek Kolar,R,29.93,173,324,0,4-6 6-2 6-2,3,FINAL_HISTORICAL_OOS
c32e30220e2245f1ab93e2ea3e865525729e858b8f2ee3779a1884acba988bf7,2026-448,Szczecin,20260914,Clay,O,R32,14,M0N1,Luka Mikrut,R,22.412,239,229,S0GV,Robert Strombachs,R,26.998,428,112,1,4-6 6-4 6-0,3,FINAL_HISTORICAL_OOS
054254c9f4fbbaf673231ce6241b002e731e497180b06a0dbeab72e4ce3f058c,2026-448,Szczecin,20260914,Clay,O,R32,15,B0OU,Hynek Barton,R,22.442,265,210,BV24,Raul Brancaccio,R,29.363,225,247,1,4-6 6-2 6-1,3,FINAL_HISTORICAL_OOS
cff9fbc9d2bb7dcd3b8d39565eb057730ef861c9c855c5c58647156a290a229e,2026-448,Szczecin,20260914,Clay,O,R32,16,DB63,Laslo Djere,R,31.285,183,306,N830,Johan Nikles,R,29.478,397,127,1,6-7(6) 6-3 6-0,3,FINAL_HISTORICAL_OOS
2b6c94682e2763150ac5b0361b518e99687174a429bb54635067a50189b27276,2026-448,Szczecin,20260914,Clay,O,R16,17,P0FU,Filip Pieczonka,L,22.431,1112,13,TA29,Marco Trungelliti,R,36.619,99,637,0,6-7(3) 7-5 6-4,3,FINAL_HISTORICAL_OOS
38b76fe075a932523364b875fee7251e33b1aee61de1052166cd4a40adb16663,2026-448,Szczecin,20260914,Clay,O,R16,18,CF01,Marco Cecchinato,R,33.955,163,344,M0BN,Marvin Moeller,R,27.655,259,214,1,7-6(5) 6-7(4) 6-2,3,FINAL_HISTORICAL_OOS
f50f385681e00bce5baa5a4b472c48f24e5e4862e8a47acc15a7aecb3d7a4e04,2026-448,Szczecin,20260914,Clay,O,R16,19,B0OU,Hynek Barton,R,22.442,265,210,KH56,Zdenek Kolar,R,29.93,173,324,0,6-4 6-4,3,FINAL_HISTORICAL_OOS
944052a205196c423e98c8a003b6a6729bad70f137f475a8283f899167a48931,2026-448,Szczecin,20260914,Clay,O,R16,20,GE33,Daniel Elahi Galan,R,30.24,392,129,S0GZ,Nikolas Sanchez Izquierdo,R,27.502,233,236,0,6-0 6-3,3,FINAL_HISTORICAL_OOS
644eabf3dd16c78f09fb6be07a383d4b86bcc737302094bf64a6b135fa28d8ff,2026-448,Szczecin,20260914,Clay,O,R16,21,G0IB,Tom Gentzsch,R,23.025,166,341,K0FY,Martin Krumich,R,23.718,256,217,1,6-3 6-4,3,FINAL_HISTORICAL_OOS
3a29111a53d0d5c49d51485bf4c74c047c5d575082100ea3838387afe6c17acd,2026-448,Szczecin,20260914,Clay,O,R16,23,D0LJ,Diego Dedura-Palomero,,,188,291,F0F4,Kilian Feldbausch,R,21.018,270,203,1,7-6(4) 4-6 7-6(4),3,FINAL_HISTORICAL_OOS
d2234c0ba9c7fde9a048e92aff7849c1dc55228605e0522813b78885c3210ef4,2026-448,Szczecin,20260914,Clay,O,R16,24,MJ08,Thiago Monteiro,L,32.29,282,195,SS25,Vitaliy Sachko,R,29.169,182,308,1,6-7(3) 6-4 7-6(3),3,FINAL_HISTORICAL_OOS
db7b9c49489dca60c713c3027c841c604bd14079e1b27199f70fddf1fe006f55,2026-448,Szczecin,20260914,Clay,O,QF,25,CF01,Marco Cecchinato,R,33.955,163,344,TA29,Marco Trungelliti,R,36.619,99,637,0,7-6(6) 7-5,3,FINAL_HISTORICAL_OOS
2ca8d77367522f9e04846a68c3bbead9ee6afc3c004995d862b68c00c2fa4d61,2026-448,Szczecin,20260914,Clay,O,QF,26,G0IB,Tom Gentzsch,R,23.025,166,341,M0N1,Luka Mikrut,R,22.412,239,229,0,6-3 4-6 6-3,3,FINAL_HISTORICAL_OOS
412b3058572840b0f222df92f021869d1fd172d1f8162781ea1df2cc7716324a,2026-448,Szczecin,20260914,Clay,O,QF,27,KH56,Zdenek Kolar,R,29.93,173,324,S0GZ,Nikolas Sanchez Izquierdo,R,27.502,233,236,0,6-1 6-3,3,FINAL_HISTORICAL_OOS
17172b010ca8b2fdc077d224264af914c25b2adb70692df2d42501c4abbd29aa,2026-448,Szczecin,20260914,Clay,O,QF,28,D0LJ,Diego Dedura-Palomero,,,188,291,MJ08,Thiago Monteiro,L,32.29,282,195,0,6-4 6-2,3,FINAL_HISTORICAL_OOS
af4474f86c28c2b8506bc34c92cab7d3927f3e66e7f3f102e29e63a5b57239f0,2026-448,Szczecin,20260914,Clay,O,SF,29,MJ08,Thiago Monteiro,L,32.29,282,195,TA29,Marco Trungelliti,R,36.619,99,637,1,6-4 3-6 6-3,3,FINAL_HISTORICAL_OOS
e247f244d965cd119c428d216a657d9b2b7a1a11e64664315b16572815e8180b,2026-448,Szczecin,20260914,Clay,O,SF,30,M0N1,Luka Mikrut,R,22.412,239,229,S0GZ,Nikolas Sanchez Izquierdo,R,27.502,233,236,0,6-3 6-4,3,FINAL_HISTORICAL_OOS
c0bf9bf5cdfef563eb50cfe426564f39d6c5799351c5ac2d5af6a046c340fb37,2026-448,Szczecin,20260914,Clay,O,F,31,MJ08,Thiago Monteiro,L,32.29,282,195,S0GZ,Nikolas Sanchez Izquierdo,R,27.502,233,236,0,4-6 6-3 7-6(6),3,FINAL_HISTORICAL_OOS
2cf2127a33c9cb31f9993a17bc932bf7ddce6747d2321b2fae10598c6ada67aa,2026-7085,città di Biella,20260914,Clay,O,R32,1,C0BB,Tommaso Compagnucci,R,26.858,380,136,C0WB,Riccardo Carpano,,19.014,,,1,6-1 6-2,3,FINAL_HISTORICAL_OOS
9fd01cfad674fc8ec225e1b10ddecf7c5bc665922e5a770e94eb3676f3a4fc8f,2026-7085,città di Biella,20260914,Clay,O,R32,2,B0OV,Petr Brunclik,L,20.162,366,142,R0HK,Filippo Romano,R,21.188,309,178,1,7-6(5) 7-6(4),3,FINAL_HISTORICAL_OOS
f5f948309f0bfe2c0463bfd30f98c081a33fd40224c96a6b88a530f00f843110,2026-7085,città di Biella,20260914,Clay,O,R32,3,M0EY,Alex Marti Pujolras,R,27.592,506,88,N679,Stefano Napolitano,R,31.428,283,194,0,6-4 6-3,3,FINAL_HISTORICAL_OOS
7467db61e133c33db7619ace26a7111a20a8c5969f39b1d51b5e63251387ed63,2026-7085,città di Biella,20260914,Clay,O,R32,4,B0GY,Alex Barrena,R,23.929,216,259,CD00,Maxime Chazal,R,33.391,433,111,1,6-4 1-6 6-3,3,FINAL_HISTORICAL_OOS
0f22e9d6906d1d7df850435da68a61746d99308591409b15ca2be76d0c76f653,2026-7085,città di Biella,20260914,Clay,O,R32,5,A0KQ,Izan Almazan Valiente,R,20.537,478,95,AA27,Franco Agamenone,R,33.415,294,188,1,6-4 6-3,3,FINAL_HISTORICAL_OOS
8ddb492684f67ff4d0e02e7196c50718540f15151d6ec18df0f11819fd59b330,2026-7085,città di Biella,20260914,Clay,O,R32,6,B0LW,Mika Brunold,R,21.949,257,214,G0I3,Massimo Giunta,R,22.182,386,132,1,6-3 1-6 7-5,3,FINAL_HISTORICAL_OOS
76c223321d058df1e8e1e9027d7506e255e53838a93e3173b3f8a66cd0e5468d,2026-7085,città di Biella,20260914,Clay,O,R32,7,C0MH,Gerard Campana Lee,R,21.952,526,82,TE16,Carlos Taberner,R,29.101,418,115,1,5-7 7-6(5) 6-4,3,FINAL_HISTORICAL_OOS
19101cc2987d39088382a704c3407cafa83816ff5666d3cecf8ad4960d548224,2026-7085,città di Biella,20260914,Clay,O,R32,8,C0LK,Carlo Alberto Caniato,R,20.871,534,79,L0DB,Giuseppe La Vela,R,25.911,507,88,1,6-4 6-3,3,FINAL_HISTORICAL_OOS
dae726e052ae1b1595b5e649cbbf51d2c4b8830800e34501e167c7f3154c5d13,2026-7085,città di Biella,20260914,Clay,O,R32,9,DG80,Enrico Dalla Valle,R,28.485,316,170,L0N0,Pavel Lagutin,R,21.525,432,111,0,3-6 7-6(4) 6-3,3,FINAL_HISTORICAL_OOS
6682778be4c3546cea52b717e9376bb033a93080de23faf26d89f7f709c8dcaa,2026-7085,città di Biella,20260914,Clay,O,R32,10,B0VX,Pierluigi Basile,R,19.685,553,73,M0R4,Juan Cruz Martin Manzano,L,21.747,455,103,0,6-2 6-1,3,FINAL_HISTORICAL_OOS
cc5e4221d2167c0092b87c0366f1efd828eed6093c114a264f7ecbe9aaa9a4b1,2026-7085,città di Biella,20260914,Clay,O,R32,11,P0HY,Samuele Pieri,R,24.542,405,124,P0I6,Gabriele Piraino,L,22.839,359,145,1,5-7 6-2 7-5,3,FINAL_HISTORICAL_OOS
193e13962bfd3440d2046ca096830caff4245403c6240dbeea19264b9676aaea,2026-7085,città di Biella,20260914,Clay,O,R32,12,RB60,Oriol Roca Batalla,R,33.374,318,170,S0XE,Alejo Sanchez Quilez,R,21.221,372,139,1,6-2 6-2,3,FINAL_HISTORICAL_OOS
7f661692248a9fa3236c522fe29eddadf99fcf4d6f5cd814c3e2da65dc7e2da9,2026-7085,città di Biella,20260914,Clay,O,R32,13,C0NN,Gianluca Cadenasso,R,21.958,217,258,F0A4,Francesco Forti,R,27.138,373,139,0,6-1 7-5,3,FINAL_HISTORICAL_OOS
6729615e333c13fb4d321525bcfaf6d3239a5a209179823ccad70377e4f92ab7,2026-7085,città di Biella,20260914,Clay,O,R32,14,G0EU,Felix Gill,L,24.287,213,261,P0O9,Mika Petkovic,R,19.71,449,105,1,7-6(7) 6-3,3,FINAL_HISTORICAL_OOS
0c3bcf59607120bcc3a154476c78c3a3f4dc7369b44e70ec8a0e3adb56f1ad6f,2026-7085,città di Biella,20260914,Clay,O,R32,15,BU54,Geoffrey Blancaneaux,R,28.101,435,111,M0HT,Alejandro Moro Canas,R,25.769,240,229,0,6-2 7-6(4),3,FINAL_HISTORICAL_OOS
c4f7e5b76ddacbb8e5af31c93718e1b805fb83ee359da45834396787f2f9bad9,2026-7085,città di Biella,20260914,Clay,O,R32,16,CI14,Jay Clarke,R,28.134,232,237,F0BT,Jonas Forejtek,R,25.514,426,113,1,3-6 6-3 6-4,3,FINAL_HISTORICAL_OOS
784b511c78c461e1278ac3edfcf64f0bbb6133153fee524430f178050e52999c,2026-7085,città di Biella,20260914,Clay,O,R16,17,B0GY,Alex Barrena,R,23.929,216,259,P0HY,Samuele Pieri,R,24.542,405,124,1,6-1 6-3,3,FINAL_HISTORICAL_OOS
9d99ac9dfb92aa60cef156a140f75163a763f772242482ae7b0d7e84ea3c54a6,2026-7085,città di Biella,20260914,Clay,O,R16,18,B0LW,Mika Brunold,R,21.949,257,214,F0A4,Francesco Forti,R,27.138,373,139,1,6-2 6-2,3,FINAL_HISTORICAL_OOS
724d4fcc43b034c7bf0132c872e69bb40205a20654426d90e89c5a35e66c2d3c,2026-7085,città di Biella,20260914,Clay,O,R16,19,A0KQ,Izan Almazan Valiente,R,20.537,478,95,C0LK,Carlo Alberto Caniato,R,20.871,534,79,0,6-4 6-3,3,FINAL_HISTORICAL_OOS
07c70674550d2f01db4fa938b0eb405dead0f543b5002d3a88801044c4aef34a,2026-7085,città di Biella,20260914,Clay,O,R16,20,C0BB,Tommaso Compagnucci,R,26.858,380,136,M0R4,Juan Cruz Martin Manzano,L,21.747,455,103,0,6-4 6-3,3,FINAL_HISTORICAL_OOS
d871b8739124d0af516796c316f61a463f2cb1a0ee3b8407276dd0dc1aad4135,2026-7085,città di Biella,20260914,Clay,O,R16,21,C0MH,Gerard Campana Lee,R,21.952,526,82,G0EU,Felix Gill,L,24.287,213,261,0,6-0 6-3,3,FINAL_HISTORICAL_OOS
275da9d35af082052b0937378610dbff95b6fe34c8ac6011ff26793c50a574b6,2026-7085,città di Biella,20260914,Clay,O,R16,22,N679,Stefano Napolitano,R,31.428,283,194,RB60,Oriol Roca Batalla,R,33.374,318,170,0,2-6 6-3 6-4,3,FINAL_HISTORICAL_OOS
93e8cc1d422352fe9e03ddfeae02c6ea87af662038199e4abe7178be07d21dc3,2026-7085,città di Biella,20260914,Clay,O,R16,23,L0N0,Pavel Lagutin,R,21.525,432,111,M0HT,Alejandro Moro Canas,R,25.769,240,229,0,6-4 6-3,3,FINAL_HISTORICAL_OOS
72578673ddd8f56a2f3173a56447e49aadc5faf12878847426e87e9c1aa98395,2026-7085,città di Biella,20260914,Clay,O,R16,24,B0OV,Petr Brunclik,L,20.162,366,142,CI14,Jay Clarke,R,28.134,232,237,0,6-1 7-5,3,FINAL_HISTORICAL_OOS
d0c712df363b1548dcb761179c6e899e8582542afeb8158c6db1f5ab9a0dea32,2026-7085,città di Biella,20260914,Clay,O,QF,25,M0HT,Alejandro Moro Canas,R,25.769,240,229,RB60,Oriol Roca Batalla,R,33.374,318,170,1,7-6(4) 6-4,3,FINAL_HISTORICAL_OOS
07db046e7cd0766c533af080692b57b4c6d50b408b0bb68c81f060f249aa216f,2026-7085,città di Biella,20260914,Clay,O,QF,26,CI14,Jay Clarke,R,28.134,232,237,G0EU,Felix Gill,L,24.287,213,261,1,6-7(3) 6-1 6-3,3,FINAL_HISTORICAL_OOS
f90286913921cc8b31f0daea1d4d418ce224f022093d83d9a33321ecf575d4ce,2026-7085,città di Biella,20260914,Clay,O,QF,27,B0GY,Alex Barrena,R,23.929,216,259,M0R4,Juan Cruz Martin Manzano,L,21.747,455,103,1,6-3 6-4,3,FINAL_HISTORICAL_OOS
8d4e0b2f425fa00eb35d6f89f4b6eadbba182d2a8e341d132450bd22244cebea,2026-7085,città di Biella,20260914,Clay,O,QF,28,B0LW,Mika Brunold,R,21.949,257,214,C0LK,Carlo Alberto Caniato,R,20.871,534,79,0,6-0 3-6 6-4,3,FINAL_HISTORICAL_OOS
308135fb3e4f968982a815a659dc46b2fbeeac12500040e44cc38ac1d00d6e6a,2026-7085,città di Biella,20260914,Clay,O,SF,29,B0GY,Alex Barrena,R,23.929,216,259,C0LK,Carlo Alberto Caniato,R,20.871,534,79,0,6-3 6-2,3,FINAL_HISTORICAL_OOS
f7a087477ca60a2e93a33c8931d5d6cdb47ea98ddf500c8477b962124df2447c,2026-7085,città di Biella,20260914,Clay,O,SF,30,CI14,Jay Clarke,R,28.134,232,237,M0HT,Alejandro Moro Canas,R,25.769,240,229,0,6-3 4-6 6-2,3,FINAL_HISTORICAL_OOS
63371ae9426c868d1d2686ec67b0d6156f22382b380d211ce22181b72aec4390,2026-7085,città di Biella,20260914,Clay,O,F,31,C0LK,Carlo Alberto Caniato,R,20.871,534,79,M0HT,Alejandro Moro Canas,R,25.769,240,229,1,7-6(1) 6-4,3,FINAL_HISTORICAL_OOS
